{
  "created_at": "2025-08-30T17:46:56.775383+00:00",
  "objective": "multi",
  "selection": {
    "dd_cap_pct": 0.15,
    "best_trial": 426,
    "top_k": 1,
    "top_trials": [
      426
    ]
  },
  "train_bars": 1131150,
  "test_bars": 484694,
  "train_metrics": {
    "pnl": 0.0,
    "return_pct": 0.0,
    "trades": 0,
    "win_rate": 0.0,
    "avg_trade": 0.0,
    "avg_trade_pct": 0.0,
    "max_drawdown": 0.0,
    "max_drawdown_pct": 0.0,
    "final_equity": 20000.0,
    "wins": 0,
    "losses": 0
  },
  "test_metrics": {
    "pnl": 0.0,
    "return_pct": 0.0,
    "trades": 0,
    "win_rate": 0.0,
    "avg_trade": 0.0,
    "avg_trade_pct": 0.0,
    "max_drawdown": 0.0,
    "max_drawdown_pct": 0.0,
    "final_equity": 20000.0,
    "wins": 0,
    "losses": 0
  },
  "params": {
    "p_sma": 8,
    "p_std": 32,
    "p_atr": 20,
    "p_adx": 18,
    "rsi_period": 61,
    "ema1": 27,
    "ema2": 35,
    "slip_atr_k": 0.06726188028826473,
    "slip_spread_k": 0.4613842797947271,
    "spread_hl_frac": 0.025041810705849172,
    "bb_std_mult": 2.2396754220522364,
    "rsi_os": 44,
    "rsi_ob": 63,
    "vol_spike": 0.26719735253800503,
    "adx_thresh": 25.428000485132742,
    "atr_min_pct": 0.010471072122096688,
    "atr_max_pct": 0.033066231672252366,
    "tp_mult": 2.3196732032893608,
    "tsl_mult": 0.22126565835058615,
    "strategy": "mean_reversion",
    "time_stop": 206,
    "use_sma": false,
    "use_atr": true,
    "use_adx": false,
    "use_ema": false,
    "use_spike": true,
    "rsi_required": false,
    "edge_k": 0.6051348632067659,
    "edge_cap": 0.7581611214327487,
    "bull_strategy": "mean_reversion",
    "bull_bb_std_mult": 0.8209640135015475,
    "bull_rsi_os": 7,
    "bull_rsi_ob": 60,
    "bull_adx_thresh": 34.403402217543636,
    "bull_atr_min_pct": 0.0042407423314319796,
    "bull_atr_max_pct": 0.12794722364006383,
    "bull_tp_mult": 2.7607325682461696,
    "bull_tsl_mult": 0.4455416428626797,
    "bull_time_stop": 184,
    "bull_use_sma": false,
    "bull_use_ema": true,
    "bull_use_atr": true,
    "bull_use_adx": false,
    "bull_use_spike": false,
    "bull_rsi_required": true,
    "bear_strategy": "breakout",
    "bear_bb_std_mult": 1.7110944448443166,
    "bear_rsi_os": 27,
    "bear_rsi_ob": 81,
    "bear_adx_thresh": 7.04667947667102,
    "bear_atr_min_pct": 0.0011293696155877126,
    "bear_atr_max_pct": 0.0258091365647922,
    "bear_tp_mult": 2.6627790396692954,
    "bear_tsl_mult": 0.04917136451205406,
    "bear_time_stop": 144,
    "bear_use_sma": true,
    "bear_use_ema": true,
    "bear_use_atr": false,
    "bear_use_adx": false,
    "bear_use_spike": false,
    "bear_rsi_required": true,
    "sideways_strategy": "mean_reversion",
    "sideways_bb_std_mult": 3.4603753491487996,
    "sideways_rsi_os": 40,
    "sideways_rsi_ob": 77,
    "sideways_adx_thresh": 19.275506682962547,
    "sideways_atr_min_pct": 0.003780771412718349,
    "sideways_atr_max_pct": 0.14955380036521526,
    "sideways_tp_mult": 1.1740242393021627,
    "sideways_tsl_mult": 0.2729645569700715,
    "sideways_time_stop": 162,
    "sideways_use_sma": false,
    "sideways_use_ema": true,
    "sideways_use_atr": true,
    "sideways_use_adx": true,
    "sideways_use_spike": false,
    "sideways_rsi_required": true,
    "fee": 0.001,
    "rsi_key": "rsi61",
    "start_equity": 20000.0,
    "risk_per_trade": 0.015,
    "risk_stop_atr_mult": 1.0,
    "risk_min_stop_frac": 0.001,
    "daily_loss_limit_pct": 0.06,
    "cooldown_bars": 60,
    "fill_timing": "next_open",
    "bar_priority": "stop_first",
    "session_start": 0,
    "session_end": 24,
    "include_hours_set": "{2, 3, 4, 14, 15, 16}",
    "max_consec_losses": 4,
    "lockout_bars": 150,
    "proba_temp": 1.0,
    "participation_cap": 1.0,
    "price_step": 0.0001,
    "qty_step": 0.0001,
    "min_notional": 5.0,
    "max_notional_pct_equity": 1.0,
    "sides": "short",
    "regime_adapt": true,
    "regime_fast": 50,
    "regime_slow": 200,
    "regime_band": 0.006,
    "round_exits": true,
    "stop_extra_slip": 0.0,
    "regime_overrides": {
      "bull": {
        "allowed_sides": [
          "long",
          "short"
        ],
        "mode": "mean_reversion",
        "bb_std_mult": 2.0169431746748376,
        "tp_mult": 1.9194251920826044,
        "tsl_mult": 0.6891458682949287,
        "time_stop_bars": 214,
        "rsi_required": false,
        "use_adx": true,
        "adx": 18.0,
        "use_atr": true,
        "atr_range": [
          0.0008,
          0.06
        ]
      },
      "sideways": {
        "allowed_sides": [
          "long",
          "short"
        ],
        "mode": "breakout",
        "bb_std_mult": 1.5828092896467827,
        "tp_mult": 2.341879695778944,
        "tsl_mult": 0.651967765830165,
        "time_stop_bars": 235,
        "rsi_required": true,
        "use_adx": true,
        "adx": 15.0,
        "use_atr": true,
        "atr_range": [
          0.001,
          0.14
        ]
      },
      "bear": {
        "allowed_sides": [
          "long",
          "short"
        ],
        "mode": "breakout",
        "bb_std_mult": 1.2571599337995167,
        "tp_mult": 1.7149673432024581,
        "tsl_mult": 0.25,
        "time_stop_bars": 122,
        "rsi_required": true,
        "use_adx": true,
        "adx": 20.0,
        "use_atr": true,
        "atr_range": [
          0.0015,
          0.06
        ]
      }
    },
    "slippage": 0.0006,
    "select_top_k": 1,
    "aggregate_params": "median",
    "objective": "multi",
    "wfo_folds": 6,
    "embargo_bars": 150,
    "use_ml": false,
    "ml_thresh": 0.0
  },
  "guardrails": {
    "max_dd_pct_allowed": 0.15,
    "min_trades_lookback": 250,
    "daily_loss_limit_pct": 0.06,
    "cooldown_bars": 60,
    "fill_timing": "next_open",
    "bar_priority": "stop_first",
    "session_hours": [
      0,
      24
    ],
    "include_hours": [
      2,
      3,
      4,
      14,
      15,
      16
    ],
    "consec_loss_lockout": [
      4,
      150
    ],
    "sides": "short"
  },
  "regime": {
    "enabled": true,
    "fast": 50,
    "slow": 200,
    "band": 0.006,
    "overrides": {
      "bull": {
        "allowed_sides": [
          "long",
          "short"
        ],
        "mode": "mean_reversion",
        "bb_std_mult": 2.0169431746748376,
        "tp_mult": 1.9194251920826044,
        "tsl_mult": 0.6891458682949287,
        "time_stop_bars": 214,
        "rsi_required": false,
        "use_adx": true,
        "adx": 18.0,
        "use_atr": true,
        "atr_range": [
          0.0008,
          0.06
        ]
      },
      "sideways": {
        "allowed_sides": [
          "long",
          "short"
        ],
        "mode": "breakout",
        "bb_std_mult": 1.5828092896467827,
        "tp_mult": 2.341879695778944,
        "tsl_mult": 0.651967765830165,
        "time_stop_bars": 235,
        "rsi_required": true,
        "use_adx": true,
        "adx": 15.0,
        "use_atr": true,
        "atr_range": [
          0.001,
          0.14
        ]
      },
      "bear": {
        "allowed_sides": [
          "long",
          "short"
        ],
        "mode": "breakout",
        "bb_std_mult": 1.2571599337995167,
        "tp_mult": 1.7149673432024581,
        "tsl_mult": 0.25,
        "time_stop_bars": 122,
        "rsi_required": true,
        "use_adx": true,
        "adx": 20.0,
        "use_atr": true,
        "atr_range": [
          0.0015,
          0.06
        ]
      }
    }
  },
  "run_config": {
    "trials": 1200,
    "n_jobs": 4,
    "seed": 911,
    "objective": "multi",
    "multi_objective": true,
    "train_frac": 0.7,
    "wfo_folds": 6,
    "embargo_bars": 150,
    "select_top_k": 1,
    "aggregate_params": "median",
    "start_equity": 20000.0,
    "fee": 0.001,
    "fixed_slippage": 0.0006,
    "min_slippage": 0.0,
    "fill_timing": "next_open",
    "bar_priority": "stop_first",
    "session_start": 0,
    "session_end": 24,
    "include_hours": "2,3,4,14,15,16",