{
  "created_at": "2025-08-31T07:56:02.953315+00:00",
  "objective": "multi",
  "selection": {
    "dd_cap_pct": 0.4,
    "best_trial": 2323,
    "top_k": 1,
    "top_trials": [
      2323
    ]
  },
  "train_bars": 1131150,
  "test_bars": 484694,
  "train_metrics": {
    "pnl": 0.0,
    "return_pct": 0.0,
    "trades": 0,
    "win_rate": 0.0,
    "avg_trade": 0.0,
    "avg_trade_pct": 0.0,
    "max_drawdown": 0.0,
    "max_drawdown_pct": 0.0,
    "final_equity": 20000.0,
    "wins": 0,
    "losses": 0
  },
  "test_metrics": {
    "pnl": 0.0,
    "return_pct": 0.0,
    "trades": 0,
    "win_rate": 0.0,
    "avg_trade": 0.0,
    "avg_trade_pct": 0.0,
    "max_drawdown": 0.0,
    "max_drawdown_pct": 0.0,
    "final_equity": 20000.0,
    "wins": 0,
    "losses": 0
  },
  "params": {
    "p_sma": 23,
    "p_std": 40,
    "p_atr": 20,
    "p_adx": 18,
    "rsi_period": 84,
    "ema1": 27,
    "ema2": 42,
    "slip_atr_k": 0.021669884778356387,
    "slip_spread_k": 0.6201315743793887,
    "spread_hl_frac": 0.027521241088627448,
    "bb_std_mult": 2.9624320550562424,
    "rsi_os": 14,
    "rsi_ob": 74,
    "vol_spike": 0.14197303734493194,
    "adx_thresh": 25.58247875436044,
    "atr_min_pct": 0.01664627667530644,
    "atr_max_pct": 0.07091205767379158,
    "tp_mult": 2.6174474282745237,
    "tsl_mult": 0.3861875596358098,
    "strategy": "breakout",
    "time_stop": 238,
    "use_sma": true,
    "use_atr": true,
    "use_adx": true,
    "use_ema": false,
    "use_spike": false,
    "rsi_required": true,
    "edge_k": 1.8542644750403365,
    "edge_cap": 0.6703034628705081,
    "bull_strategy": "breakout",
    "bull_bb_std_mult": 1.8871782333694036,
    "bull_rsi_os": 55,
    "bull_rsi_ob": 58,
    "bull_adx_thresh": 26.672048462032816,
    "bull_atr_min_pct": 0.013388613448699597,
    "bull_atr_max_pct": 0.07422498130486015,
    "bull_tp_mult": 2.4659361961843667,
    "bull_tsl_mult": 0.6867937007679258,
    "bull_time_stop": 224,
    "bull_use_sma": false,
    "bull_use_ema": true,
    "bull_use_atr": true,
    "bull_use_adx": true,
    "bull_use_spike": false,
    "bull_rsi_required": false,
    "bear_strategy": "breakout",
    "bear_bb_std_mult": 2.4866330648292467,
    "bear_rsi_os": 36,
    "bear_rsi_ob": 57,
    "bear_adx_thresh": 13.722628675519658,
    "bear_atr_min_pct": 0.005822158042829243,
    "bear_atr_max_pct": 0.026270545927411813,
    "bear_tp_mult": 1.1609824766476575,
    "bear_tsl_mult": 0.442775405782777,
    "bear_time_stop": 240,
    "bear_use_sma": false,
    "bear_use_ema": true,
    "bear_use_atr": true,
    "bear_use_adx": false,
    "bear_use_spike": false,
    "bear_rsi_required": false,
    "sideways_strategy": "breakout",
    "sideways_bb_std_mult": 2.0024402393268907,
    "sideways_rsi_os": 32,
    "sideways_rsi_ob": 45,
    "sideways_adx_thresh": 5.735395646971824,
    "sideways_atr_min_pct": 0.002161200329488725,
    "sideways_atr_max_pct": 0.05275575124946594,
    "sideways_tp_mult": 2.742383949085487,
    "sideways_tsl_mult": 0.3528350767810948,
    "sideways_time_stop": 140,
    "sideways_use_sma": false,
    "sideways_use_ema": true,
    "sideways_use_atr": true,
    "sideways_use_adx": false,
    "sideways_use_spike": true,
    "sideways_rsi_required": false,
    "fee": 0.001,
    "rsi_key": "rsi84",
    "start_equity": 20000.0,
    "risk_per_trade": 0.04,
    "risk_stop_atr_mult": 1.0,
    "risk_min_stop_frac": 0.001,
    "daily_loss_limit_pct": 0.15,
    "cooldown_bars": 20,
    "fill_timing": "next_open",
    "bar_priority": "stop_first",
    "session_start": 0,
    "session_end": 24,
    "include_hours_set": "{0, 1, 2, 3}",
    "max_consec_losses": 8,
    "lockout_bars": 80,
    "proba_temp": 1.0,
    "participation_cap": 1.0,
    "price_step": 0.0001,
    "qty_step": 0.0001,
    "min_notional": 5.0,
    "max_notional_pct_equity": 1.0,
    "sides": "short",
    "regime_adapt": true,
    "regime_fast": 50,
    "regime_slow": 200,
    "regime_band": 0.006,
    "round_exits": true,
    "stop_extra_slip": 0.0,
    "regime_overrides": {
      "bull": {
        "allowed_sides": [
          "long",
          "short"
        ],
        "mode": "mean_reversion",
        "bb_std_mult": 2.0169431746748376,
        "tp_mult": 1.9194251920826044,
        "tsl_mult": 0.6891458682949287,
        "time_stop_bars": 214,
        "rsi_required": false,
        "use_adx": true,
        "adx": 18.0,
        "use_atr": true,
        "atr_range": [
          0.0008,
          0.06
        ]
      },
      "sideways": {
        "allowed_sides": [
          "long",
          "short"
        ],
        "mode": "breakout",
        "bb_std_mult": 1.5828092896467827,
        "tp_mult": 2.341879695778944,
        "tsl_mult": 0.651967765830165,
        "time_stop_bars": 235,
        "rsi_required": true,
        "use_adx": true,
        "adx": 15.0,
        "use_atr": true,
        "atr_range": [
          0.001,
          0.14
        ]
      },
      "bear": {
        "allowed_sides": [
          "long",
          "short"
        ],
        "mode": "breakout",
        "bb_std_mult": 1.2571599337995167,
        "tp_mult": 1.7149673432024581,
        "tsl_mult": 0.25,
        "time_stop_bars": 122,
        "rsi_required": true,
        "use_adx": true,
        "adx": 20.0,
        "use_atr": true,
        "atr_range": [
          0.0015,
          0.06
        ]
      }
    },
    "slippage": 0.0006,
    "select_top_k": 1,
    "aggregate_params": "median",
    "objective": "multi",
    "wfo_folds": 6,
    "embargo_bars": 150,
    "use_ml": false,
    "ml_thresh": 0.0
  },
  "guardrails": {
    "max_dd_pct_allowed": 0.4,
    "min_trades_lookback": 80,
    "daily_loss_limit_pct": 0.15,
    "cooldown_bars": 20,
    "fill_timing": "next_open",
    "bar_priority": "stop_first",
    "session_hours": [
      0,
      24
    ],
    "include_hours": [
      0,
      1,
      2,
      3
    ],
    "consec_loss_lockout": [
      8,
      80
    ],
    "sides": "short"
  },
  "regime": {
    "enabled": true,
    "fast": 50,
    "slow": 200,
    "band": 0.006,
    "overrides": {
      "bull": {
        "allowed_sides": [
          "long",
          "short"
        ],
        "mode": "mean_reversion",
        "bb_std_mult": 2.0169431746748376,
        "tp_mult": 1.9194251920826044,
        "tsl_mult": 0.6891458682949287,
        "time_stop_bars": 214,
        "rsi_required": false,
        "use_adx": true,
        "adx": 18.0,
        "use_atr": true,
        "atr_range": [
          0.0008,
          0.06
        ]
      },
      "sideways": {
        "allowed_sides": [
          "long",
          "short"
        ],
        "mode": "breakout",
        "bb_std_mult": 1.5828092896467827,
        "tp_mult": 2.341879695778944,
        "tsl_mult": 0.651967765830165,
        "time_stop_bars": 235,
        "rsi_required": true,
        "use_adx": true,
        "adx": 15.0,
        "use_atr": true,
        "atr_range": [
          0.001,
          0.14
        ]
      },
      "bear": {
        "allowed_sides": [
          "long",
          "short"
        ],
        "mode": "breakout",
        "bb_std_mult": 1.2571599337995167,
        "tp_mult": 1.7149673432024581,
        "tsl_mult": 0.25,
        "time_stop_bars": 122,
        "rsi_required": true,
        "use_adx": true,
        "adx": 20.0,
        "use_atr": true,
        "atr_range": [
          0.0015,
          0.06
        ]
      }
    }
  },
  "run_config": {
    "trials": 2500,
    "n_jobs": 4,
    "seed": 911,
    "objective": "multi",
    "multi_objective": true,
    "train_frac": 0.7,
    "wfo_folds": 6,
    "embargo_bars": 150,
    "select_top_k": 1,
    "aggregate_params": "median",
    "start_equity": 20000.0,
    "fee": 0.001,
    "fixed_slippage": 0.0006,
    "min_slippage": 0.0,
    "fill_timing": "next_open",
    "bar_priority": "stop_first",
    "session_start": 0,
    "session_end": 24,
    "include_hours": "0,1,2,3",
    "sides": "short",
    "regime_adapt": true,
    "regime_fast": 50,