{
  "created_at": "2025-08-25T16:10:05.618650+00:00",
  "objective": "multi",
  "selection": {
    "dd_cap_pct": 0.04,
    "best_trial": 1110,
    "top_k": 2,
    "top_trials": [
      1110,
      1170
    ]
  },
  "train_bars": 969686,
  "test_bars": 646458,
  "train_metrics": {
    "pnl": 4968.811826041443,
    "return_pct": 0.24844059130207197,
    "trades": 4,
    "win_rate": 0.75,
    "avg_trade": 1242.2029565103608,
    "avg_trade_pct": 0.05968110102754083,
    "max_drawdown": -545.7943300513107,
    "max_drawdown_pct": -0.021391446401808477,
    "final_equity": 24968.81182604144,
    "wins": 3,
    "losses": 1
  },
  "test_metrics": {
    "pnl": 2301.6482696399626,
    "return_pct": 0.1150824134819981,
    "trades": 8,
    "win_rate": 0.625,
    "avg_trade": 287.7060337049953,
    "avg_trade_pct": 0.014073896952193864,
    "max_drawdown": -115.10081851981886,
    "max_drawdown_pct": -0.0052086024139757926,
    "final_equity": 22301.64826963996,
    "wins": 5,
    "losses": 3
  },
  "params": {
    "edge_cap": 0.8923481262875365,
    "edge_k": 1.2495001840778213,
    "vol_spike": 0.2091568482793822,
    "rsi_required": true,
    "p_sma": 6,
    "atr_max_pct": 0.0440274648667027,
    "use_sma": false,
    "slip_atr_k": 0.028946634013025947,
    "slip_spread_k": 0.2606935341720583,
    "tp_mult": 1.6727089969674696,
    "rsi_period": 59,
    "use_atr": false,
    "p_std": 58,
    "strategy": "mean_reversion",
    "use_ema": false,
    "spread_hl_frac": 0.03156557771895245,
    "adx_thresh": 9.669751823143153,
    "tsl_mult": 0.00024545309209719583,
    "p_adx": 13,
    "bb_std_mult": 3.0629709199559056,
    "time_stop": 271,
    "use_adx": true,
    "atr_min_pct": 0.009633863629001045,
    "use_spike": true,
    "rsi_ob": 64,
    "p_atr": 15,
    "ema1": 20,
    "rsi_os": 25,
    "ema2": 13,
    "fee": 0.0004,
    "rsi_key": "rsi59",
    "start_equity": 20000.0,
    "risk_per_trade": 0.02,
    "risk_stop_atr_mult": 1.0,
    "risk_min_stop_frac": 0.001,
    "daily_loss_limit_pct": 0.03,
    "cooldown_bars": 20,
    "fill_timing": "next_open",
    "bar_priority": "stop_first",
    "session_start": 0,
    "session_end": 24,
    "include_hours_set": "{16, 18, 19, 22, 23}",
    "max_consec_losses": 0,
    "lockout_bars": 0,
    "proba_temp": 1.0,
    "participation_cap": 1.0,
    "price_step": 0.0001,
    "qty_step": 0.0001,
    "min_notional": 5.0,
    "max_notional_pct_equity": 1.0,
    "sides": "long",
    "regime_adapt": false,
    "regime_fast": 50,
    "regime_slow": 200,
    "regime_band": 0.006,
    "round_exits": true,
    "stop_extra_slip": 0.0,
    "regime_overrides": {
      "bull": {
        "allowed_sides": [
          "long",
          "short"
        ],
        "mode": "mean_reversion",
        "bb_std_mult": 2.0169431746748376,
        "tp_mult": 1.9194251920826044,
        "tsl_mult": 0.6891458682949287,
        "time_stop_bars": 214,
        "rsi_required": false,
        "use_adx": true,
        "adx": 18.0,
        "use_atr": true,
        "atr_range": [
          0.0008,
          0.06
        ]
      },
      "sideways": {
        "allowed_sides": [
          "long",
          "short"
        ],
        "mode": "breakout",
        "bb_std_mult": 1.5828092896467827,
        "tp_mult": 2.341879695778944,
        "tsl_mult": 0.651967765830165,
        "time_stop_bars": 235,
        "rsi_required": true,
        "use_adx": true,
        "adx": 15.0,
        "use_atr": true,
        "atr_range": [
          0.001,
          0.14
        ]
      },
      "bear": {
        "allowed_sides": [
          "long",
          "short"
        ],
        "mode": "breakout",
        "bb_std_mult": 1.2571599337995167,
        "tp_mult": 1.7149673432024581,
        "tsl_mult": 0.25,
        "time_stop_bars": 122,
        "rsi_required": true,
        "use_adx": true,
        "adx": 20.0,
        "use_atr": true,
        "atr_range": [
          0.0015,
          0.06
        ]
      }
    },
    "slippage": 0.0008,
    "select_top_k": 2,
    "aggregate_params": "median",
    "objective": "multi",
    "wfo_folds": 5,
    "embargo_bars": 0,
    "use_ml": false,
    "ml_thresh": 0.0
  },
  "guardrails": {
    "max_dd_pct_allowed": 0.04,
    "min_trades_lookback": 75,
    "daily_loss_limit_pct": 0.03,
    "cooldown_bars": 20,
    "fill_timing": "next_open",
    "bar_priority": "stop_first",
    "session_hours": [
      0,
      24
    ],
    "include_hours": [
      16,
      18,
      19,
      22,
      23
    ],
    "consec_loss_lockout": [
      0,
      0
    ],
    "sides": "long"
  },
  "regime": {
    "enabled": false,
    "fast": 50,
    "slow": 200,
    "band": 0.006,
    "overrides": {
      "bull": {
        "allowed_sides": [
          "long",
          "short"
        ],
        "mode": "mean_reversion",
        "bb_std_mult": 2.0169431746748376,
        "tp_mult": 1.9194251920826044,
        "tsl_mult": 0.6891458682949287,
        "time_stop_bars": 214,
        "rsi_required": false,
        "use_adx": true,
        "adx": 18.0,
        "use_atr": true,
        "atr_range": [
          0.0008,
          0.06
        ]
      },
      "sideways": {
        "allowed_sides": [
          "long",
          "short"
        ],
        "mode": "breakout",
        "bb_std_mult": 1.5828092896467827,
        "tp_mult": 2.341879695778944,
        "tsl_mult": 0.651967765830165,
        "time_stop_bars": 235,
        "rsi_required": true,
        "use_adx": true,
        "adx": 15.0,
        "use_atr": true,
        "atr_range": [
          0.001,
          0.14
        ]
      },
      "bear": {
        "allowed_sides": [
          "long",
          "short"
        ],
        "mode": "breakout",
        "bb_std_mult": 1.2571599337995167,
        "tp_mult": 1.7149673432024581,
        "tsl_mult": 0.25,
        "time_stop_bars": 122,
        "rsi_required": true,
        "use_adx": true,
        "adx": 20.0,
        "use_atr": true,
        "atr_range": [
          0.0015,
          0.06
        ]
      }
    }
  },
  "run_config": {
    "trials": 1200,
    "n_jobs": 1,
    "seed": 43,
    "objective": "multi",
    "multi_objective": true,
    "train_frac": 0.6,
    "wfo_folds": 5,
    "embargo_bars": 0,
    "select_top_k": 2,
    "aggregate_params": "median",
    "start_equity": 20000.0,
    "fee": 0.0004,
    "fixed_slippage": 0.0008,
    "min_slippage": 0.0,
    "fill_timing": "next_open",
    "bar_priority": "stop_first",
    "session_start": 0,
    "session_end": 24,
    "include_hours": "16,18,19,22,23",
    "sides": "long",
    "regime_adapt": false,
    "regime_fast": 50,
    "regime_slow": 200,
    "regime_band": 0.0,
    "round_exits": true,
    "stop_extra_slip": 0.0
  },
  "metrics_consistent": {
    "return_pct_train_consistent": 0.24844059130207216,
    "return_pct_test_consistent": 0.11508241348199813,
    "suspicious_run": false
  }
}