{
  "created_at": "2025-08-28T12:24:34.409409+00:00",
  "objective": "multi",
  "selection": {
    "dd_cap_pct": 0.04,
    "best_trial": 1424,
    "top_k": 3,
    "top_trials": [
      1424,
      1445,
      529
    ]
  },
  "train_bars": 969386,
  "test_bars": 646158,
  "train_metrics": {
    "pnl": 890242.7991054794,
    "return_pct": 44.51213995527397,
    "trades": 754,
    "win_rate": 0.6193633952254642,
    "avg_trade": 1180.6933675138985,
    "avg_trade_pct": 0.005136219267144234,
    "max_drawdown": -16398.546895823674,
    "max_drawdown_pct": -0.025733089986392284,
    "final_equity": 910242.7991054795,
    "wins": 467,
    "losses": 287
  },
  "test_metrics": {
    "pnl": 155849.56480350016,
    "return_pct": 7.79247824017501,
    "trades": 335,
    "win_rate": 0.6179104477611941,
    "avg_trade": 465.2225815029856,
    "avg_trade_pct": 0.006605125261387941,
    "max_drawdown": -4281.012103168119,
    "max_drawdown_pct": -0.031816949197861176,
    "final_equity": 175849.5648035002,
    "wins": 207,
    "losses": 128
  },
  "params": {
    "use_spike": true,
    "strategy": "breakout",
    "tp_mult": 2.6538956949549743,
    "rsi_period": 74,
    "ema2": 45,
    "rsi_os": 38,
    "tsl_mult": 0.0005491957763322119,
    "rsi_required": false,
    "p_sma": 56,
    "atr_max_pct": 0.12133354689991742,
    "p_std": 18,
    "time_stop": 36,
    "rsi_ob": 65,
    "edge_k": 0.6986130148024556,
    "ema1": 9,
    "adx_thresh": 17.14027932343016,
    "slip_spread_k": 0.6123268953263438,
    "spread_hl_frac": 0.008329950308490831,
    "atr_min_pct": 0.006898569902003884,
    "bb_std_mult": 1.4925203662561133,
    "edge_cap": 0.6463705138255138,
    "p_atr": 17,
    "use_adx": true,
    "use_sma": false,
    "p_adx": 10,
    "slip_atr_k": 0.0002560901524901759,
    "use_ema": true,
    "use_atr": true,
    "vol_spike": 0.22792214503165326,
    "fee": 0.0005,
    "rsi_key": "rsi74",
    "start_equity": 20000.0,
    "risk_per_trade": 0.02,
    "risk_stop_atr_mult": 1.0,
    "risk_min_stop_frac": 0.001,
    "daily_loss_limit_pct": 0.03,
    "cooldown_bars": 20,
    "fill_timing": "next_open",
    "bar_priority": "stop_first",
    "session_start": 0,
    "session_end": 24,
    "include_hours_set": null,
    "max_consec_losses": 0,
    "lockout_bars": 0,
    "proba_temp": 1.0,
    "participation_cap": 1.0,
    "price_step": 0.0001,
    "qty_step": 0.0001,
    "min_notional": 5.0,
    "max_notional_pct_equity": 1.0,
    "sides": "both",
    "regime_adapt": false,
    "regime_fast": 50,
    "regime_slow": 200,
    "regime_band": 0.006,
    "round_exits": true,
    "stop_extra_slip": 0.0,
    "regime_overrides": {
      "bull": {
        "allowed_sides": [
          "long",
          "short"
        ],
        "mode": "mean_reversion",
        "bb_std_mult": 2.0169431746748376,
        "tp_mult": 1.9194251920826044,
        "tsl_mult": 0.6891458682949287,
        "time_stop_bars": 214,
        "rsi_required": false,
        "use_adx": true,
        "adx": 18.0,
        "use_atr": true,
        "atr_range": [
          0.0008,
          0.06
        ]
      },
      "sideways": {
        "allowed_sides": [
          "long",
          "short"
        ],
        "mode": "breakout",
        "bb_std_mult": 1.5828092896467827,
        "tp_mult": 2.341879695778944,
        "tsl_mult": 0.651967765830165,
        "time_stop_bars": 235,
        "rsi_required": true,
        "use_adx": true,
        "adx": 15.0,
        "use_atr": true,
        "atr_range": [
          0.001,
          0.14
        ]
      },
      "bear": {
        "allowed_sides": [
          "long",
          "short"
        ],
        "mode": "breakout",
        "bb_std_mult": 1.2571599337995167,
        "tp_mult": 1.7149673432024581,
        "tsl_mult": 0.25,
        "time_stop_bars": 122,
        "rsi_required": true,
        "use_adx": true,
        "adx": 20.0,
        "use_atr": true,
        "atr_range": [
          0.0015,
          0.06
        ]
      }
    },
    "slippage": 0.0006,
    "select_top_k": 3,
    "aggregate_params": "median",
    "objective": "multi",
    "wfo_folds": 5,
    "embargo_bars": 300,
    "use_ml": false,
    "ml_thresh": 0.0
  },
  "guardrails": {
    "max_dd_pct_allowed": 0.04,
    "min_trades_lookback": 30,
    "daily_loss_limit_pct": 0.03,
    "cooldown_bars": 20,
    "fill_timing": "next_open",
    "bar_priority": "stop_first",
    "session_hours": [
      0,
      24
    ],
    "include_hours": [],
    "consec_loss_lockout": [
      0,
      0
    ],
    "sides": "both"
  },
  "regime": {
    "enabled": false,
    "fast": 50,
    "slow": 200,
    "band": 0.006,
    "overrides": {
      "bull": {
        "allowed_sides": [
          "long",
          "short"
        ],
        "mode": "mean_reversion",
        "bb_std_mult": 2.0169431746748376,
        "tp_mult": 1.9194251920826044,
        "tsl_mult": 0.6891458682949287,
        "time_stop_bars": 214,
        "rsi_required": false,
        "use_adx": true,
        "adx": 18.0,
        "use_atr": true,
        "atr_range": [
          0.0008,
          0.06
        ]
      },
      "sideways": {
        "allowed_sides": [
          "long",
          "short"
        ],
        "mode": "breakout",
        "bb_std_mult": 1.5828092896467827,
        "tp_mult": 2.341879695778944,
        "tsl_mult": 0.651967765830165,
        "time_stop_bars": 235,
        "rsi_required": true,
        "use_adx": true,
        "adx": 15.0,
        "use_atr": true,
        "atr_range": [
          0.001,
          0.14
        ]
      },
      "bear": {
        "allowed_sides": [
          "long",
          "short"
        ],
        "mode": "breakout",
        "bb_std_mult": 1.2571599337995167,
        "tp_mult": 1.7149673432024581,
        "tsl_mult": 0.25,
        "time_stop_bars": 122,
        "rsi_required": true,
        "use_adx": true,
        "adx": 20.0,
        "use_atr": true,
        "atr_range": [
          0.0015,
          0.06
        ]
      }
    }
  },
  "run_config": {
    "trials": 2000,
    "n_jobs": 1,
    "seed": 43,
    "objective": "multi",
    "multi_objective": true,
    "train_frac": 0.6,
    "wfo_folds": 5,
    "embargo_bars": 300,
    "select_top_k": 3,
    "aggregate_params": "median",
    "start_equity": 20000.0,
    "fee": 0.0005,
    "fixed_slippage": 0.0006,
    "min_slippage": 0.0,
    "fill_timing": "next_open",
    "bar_priority": "stop_first",
    "session_start": 0,
    "session_end": 24,
    "include_hours": null,
    "sides": "both",
    "regime_adapt": false,
    "regime_fast": 50,
    "regime_slow": 200,
    "regime_band": 0.0,
    "round_exits": true,
    "stop_extra_slip": 0.0
  },
  "metrics_consistent": {
    "return_pct_train_consistent": 44.512139955273966,
    "return_pct_test_consistent": 7.792478240175008,
    "suspicious_run": true
  }
}