{
  "created_at": "2025-08-31T06:55:16.467989+00:00",
  "objective": "multi",
  "selection": {
    "dd_cap_pct": 0.25,
    "best_trial": 136,
    "top_k": 1,
    "top_trials": [
      136
    ]
  },
  "train_bars": 1131150,
  "test_bars": 484694,
  "train_metrics": {
    "pnl": 0.0,
    "return_pct": 0.0,
    "trades": 0,
    "win_rate": 0.0,
    "avg_trade": 0.0,
    "avg_trade_pct": 0.0,
    "max_drawdown": 0.0,
    "max_drawdown_pct": 0.0,
    "final_equity": 20000.0,
    "wins": 0,
    "losses": 0
  },
  "test_metrics": {
    "pnl": 0.0,
    "return_pct": 0.0,
    "trades": 0,
    "win_rate": 0.0,
    "avg_trade": 0.0,
    "avg_trade_pct": 0.0,
    "max_drawdown": 0.0,
    "max_drawdown_pct": 0.0,
    "final_equity": 20000.0,
    "wins": 0,
    "losses": 0
  },
  "params": {
    "p_sma": 9,
    "p_std": 42,
    "p_atr": 22,
    "p_adx": 26,
    "rsi_period": 18,
    "ema1": 5,
    "ema2": 10,
    "slip_atr_k": 0.008112128666770538,
    "slip_spread_k": 0.9201899521289403,
    "spread_hl_frac": 0.03612272889589728,
    "bb_std_mult": 3.0245253222131856,
    "rsi_os": 6,
    "rsi_ob": 92,
    "vol_spike": 0.18223557508387983,
    "adx_thresh": 31.52001859655401,
    "atr_min_pct": 0.02996259446093061,
    "atr_max_pct": 0.11583007471886848,
    "tp_mult": 1.2701262555117145,
    "tsl_mult": 0.27148365524124773,
    "strategy": "mean_reversion",
    "time_stop": 5,
    "use_sma": false,
    "use_atr": false,
    "use_adx": true,
    "use_ema": false,
    "use_spike": false,
    "rsi_required": false,
    "edge_k": 0.09025200809450998,
    "edge_cap": 0.9583727035569358,
    "bull_strategy": "breakout",
    "bull_bb_std_mult": 2.545121874092539,
    "bull_rsi_os": 38,
    "bull_rsi_ob": 90,
    "bull_adx_thresh": 7.050482105147045,
    "bull_atr_min_pct": 0.02686609118743378,
    "bull_atr_max_pct": 0.11034928979193548,
    "bull_tp_mult": 1.0936749311869993,
    "bull_tsl_mult": 0.04224569788588595,
    "bull_time_stop": 63,
    "bull_use_sma": true,
    "bull_use_ema": true,
    "bull_use_atr": false,
    "bull_use_adx": true,
    "bull_use_spike": true,
    "bull_rsi_required": true,
    "bear_strategy": "breakout",
    "bear_bb_std_mult": 0.8913124023254748,
    "bear_rsi_os": 22,
    "bear_rsi_ob": 76,
    "bear_adx_thresh": 23.49804390373713,
    "bear_atr_min_pct": 0.0034863384952052872,
    "bear_atr_max_pct": 0.03759727431915569,
    "bear_tp_mult": 1.0592839818413704,
    "bear_tsl_mult": 0.9509311073422024,
    "bear_time_stop": 224,
    "bear_use_sma": true,
    "bear_use_ema": false,
    "bear_use_atr": false,
    "bear_use_adx": true,
    "bear_use_spike": false,
    "bear_rsi_required": true,
    "sideways_strategy": "breakout",
    "sideways_bb_std_mult": 1.6630218137661286,
    "sideways_rsi_os": 22,
    "sideways_rsi_ob": 85,
    "sideways_adx_thresh": 13.657789582798294,
    "sideways_atr_min_pct": 0.004072825925905372,
    "sideways_atr_max_pct": 0.1274084965575183,
    "sideways_tp_mult": 2.5160164960450238,
    "sideways_tsl_mult": 0.37125897271662545,
    "sideways_time_stop": 6,
    "sideways_use_sma": true,
    "sideways_use_ema": true,
    "sideways_use_atr": true,
    "sideways_use_adx": true,
    "sideways_use_spike": true,
    "sideways_rsi_required": false,
    "fee": 0.001,
    "rsi_key": "rsi18",
    "start_equity": 20000.0,
    "risk_per_trade": 0.025,
    "risk_stop_atr_mult": 1.0,
    "risk_min_stop_frac": 0.001,
    "daily_loss_limit_pct": 0.1,
    "cooldown_bars": 45,
    "fill_timing": "next_open",
    "bar_priority": "stop_first",
    "session_start": 0,
    "session_end": 24,
    "include_hours_set": "{0, 1, 2, 3, 14, 15, 16, 17, 18, 19, 20, 22}",
    "max_consec_losses": 6,
    "lockout_bars": 120,
    "proba_temp": 1.0,
    "participation_cap": 1.0,
    "price_step": 0.0001,
    "qty_step": 0.0001,
    "min_notional": 5.0,
    "max_notional_pct_equity": 1.0,
    "sides": "short",
    "regime_adapt": true,
    "regime_fast": 50,
    "regime_slow": 200,
    "regime_band": 0.006,
    "round_exits": true,
    "stop_extra_slip": 0.0,
    "regime_overrides": {
      "bull": {
        "allowed_sides": [
          "long",
          "short"
        ],
        "mode": "mean_reversion",
        "bb_std_mult": 2.0169431746748376,
        "tp_mult": 1.9194251920826044,
        "tsl_mult": 0.6891458682949287,
        "time_stop_bars": 214,
        "rsi_required": false,
        "use_adx": true,
        "adx": 18.0,
        "use_atr": true,
        "atr_range": [
          0.0008,
          0.06
        ]
      },
      "sideways": {
        "allowed_sides": [
          "long",
          "short"
        ],
        "mode": "breakout",
        "bb_std_mult": 1.5828092896467827,
        "tp_mult": 2.341879695778944,
        "tsl_mult": 0.651967765830165,
        "time_stop_bars": 235,
        "rsi_required": true,
        "use_adx": true,
        "adx": 15.0,
        "use_atr": true,
        "atr_range": [
          0.001,
          0.14
        ]
      },
      "bear": {
        "allowed_sides": [
          "long",
          "short"
        ],
        "mode": "breakout",
        "bb_std_mult": 1.2571599337995167,
        "tp_mult": 1.7149673432024581,
        "tsl_mult": 0.25,
        "time_stop_bars": 122,
        "rsi_required": true,
        "use_adx": true,
        "adx": 20.0,
        "use_atr": true,
        "atr_range": [
          0.0015,
          0.06
        ]
      }
    },
    "slippage": 0.0006,
    "select_top_k": 1,
    "aggregate_params": "median",
    "objective": "multi",
    "wfo_folds": 6,
    "embargo_bars": 150,
    "use_ml": false,
    "ml_thresh": 0.0
  },
  "guardrails": {
    "max_dd_pct_allowed": 0.25,
    "min_trades_lookback": 150,
    "daily_loss_limit_pct": 0.1,
    "cooldown_bars": 45,
    "fill_timing": "next_open",
    "bar_priority": "stop_first",
    "session_hours": [
      0,
      24
    ],
    "include_hours": [
      0,
      1,
      2,
      3,
      14,
      15,
      16,
      17,
      18,
      19,
      20,
      22
    ],
    "consec_loss_lockout": [
      6,
      120
    ],
    "sides": "short"
  },
  "regime": {
    "enabled": true,
    "fast": 50,
    "slow": 200,
    "band": 0.006,
    "overrides": {
      "bull": {
        "allowed_sides": [
          "long",
          "short"
        ],
        "mode": "mean_reversion",
        "bb_std_mult": 2.0169431746748376,
        "tp_mult": 1.9194251920826044,
        "tsl_mult": 0.6891458682949287,
        "time_stop_bars": 214,
        "rsi_required": false,
        "use_adx": true,
        "adx": 18.0,
        "use_atr": true,
        "atr_range": [
          0.0008,
          0.06
        ]
      },
      "sideways": {
        "allowed_sides": [
          "long",
          "short"
        ],
        "mode": "breakout",
        "bb_std_mult": 1.5828092896467827,
        "tp_mult": 2.341879695778944,
        "tsl_mult": 0.651967765830165,
        "time_stop_bars": 235,
        "rsi_required": true,
        "use_adx": true,
        "adx": 15.0,
        "use_atr": true,
        "atr_range": [
          0.001,
          0.14
        ]
      },
      "bear": {
        "allowed_sides": [
          "long",
          "short"
        ],
        "mode": "breakout",
        "bb_std_mult": 1.2571599337995167,
        "tp_mult": 1.7149673432024581,
        "tsl_mult": 0.25,
        "time_stop_bars": 122,
        "rsi_required": true,
        "use_adx": true,
        "adx": 20.0,
        "use_atr": true,
        "atr_range": [
          0.0015,
          0.06
        ]
      }
    }
  },
  "run_config": {
    "trials": 2000,
    "n_jobs": 4,
    "seed": 911,
    "objective": "multi",
    "multi_objective": true,
    "train_frac": 0.7,
    "wfo_folds": 6,
    "embargo_bars": 150,
    "select_top_k": 1,
    "aggregate_params": "median",
    "start_equity": 20000.0,
    "fee": 0.001,
    "fixed_slippage": 0.0006,
    "min_slippage": 0.0,
    "fill_timing": "next_open",
    "bar_priority": "stop_first",
    "session_start": 0,