{
  "created_at": "2025-09-01T02:44:12.713572+00:00",
  "objective": "multi",
  "selection": {
    "dd_cap_pct": 0.3,
    "best_trial": 531,
    "top_k": 1,
    "top_trials": [
      531
    ]
  },
  "train_bars": 1131150,
  "test_bars": 484694,
  "train_metrics": {
    "pnl": 0.0,
    "return_pct": 0.0,
    "trades": 0,
    "win_rate": 0.0,
    "avg_trade": 0.0,
    "avg_trade_pct": 0.0,
    "max_drawdown": 0.0,
    "max_drawdown_pct": 0.0,
    "final_equity": 20000.0,
    "wins": 0,
    "losses": 0
  },
  "test_metrics": {
    "pnl": 0.0,
    "return_pct": 0.0,
    "trades": 0,
    "win_rate": 0.0,
    "avg_trade": 0.0,
    "avg_trade_pct": 0.0,
    "max_drawdown": 0.0,
    "max_drawdown_pct": 0.0,
    "final_equity": 20000.0,
    "wins": 0,
    "losses": 0
  },
  "params": {
    "p_sma": 7,
    "p_std": 39,
    "p_atr": 14,
    "p_adx": 28,
    "rsi_period": 11,
    "ema1": 22,
    "ema2": 21,
    "slip_atr_k": 0.00651217669627846,
    "slip_spread_k": 0.8356971678686627,
    "spread_hl_frac": 0.01239795299986532,
    "bb_std_mult": 0.7883284626709229,
    "rsi_os": 21,
    "rsi_ob": 76,
    "vol_spike": 0.05243449630988278,
    "adx_thresh": 25.907609971813624,
    "atr_min_pct": 0.011664093004825295,
    "atr_max_pct": 0.08002240818660121,
    "tp_mult": 2.749063240557895,
    "tsl_mult": 0.7523575014257509,
    "strategy": "breakout",
    "time_stop": 114,
    "use_sma": true,
    "use_atr": true,
    "use_adx": false,
    "use_ema": false,
    "use_spike": true,
    "rsi_required": true,
    "edge_k": 1.365234292174459,
    "edge_cap": 0.8082927449924636,
    "bull_strategy": "mean_reversion",
    "bull_bb_std_mult": 0.5069387308877578,
    "bull_rsi_os": 43,
    "bull_rsi_ob": 87,
    "bull_adx_thresh": 32.57149178476909,
    "bull_atr_min_pct": 0.022901399851350517,
    "bull_atr_max_pct": 0.07845480146978187,
    "bull_tp_mult": 2.093436858462352,
    "bull_tsl_mult": 0.9058256365976044,
    "bull_time_stop": 104,
    "bull_use_sma": true,
    "bull_use_ema": true,
    "bull_use_atr": false,
    "bull_use_adx": false,
    "bull_use_spike": true,
    "bull_rsi_required": false,
    "bear_strategy": "mean_reversion",
    "bear_bb_std_mult": 3.0515039188102637,
    "bear_rsi_os": 20,
    "bear_rsi_ob": 56,
    "bear_adx_thresh": 11.075417913267485,
    "bear_atr_min_pct": 0.0052613744111497315,
    "bear_atr_max_pct": 0.018774016433963737,
    "bear_tp_mult": 1.8815154741561781,
    "bear_tsl_mult": 0.7403743831407146,
    "bear_time_stop": 296,
    "bear_use_sma": false,
    "bear_use_ema": false,
    "bear_use_atr": false,
    "bear_use_adx": true,
    "bear_use_spike": false,
    "bear_rsi_required": false,
    "sideways_strategy": "breakout",
    "sideways_bb_std_mult": 3.573428670061047,
    "sideways_rsi_os": 32,
    "sideways_rsi_ob": 85,
    "sideways_adx_thresh": 7.995054220017961,
    "sideways_atr_min_pct": 0.004332952245258101,
    "sideways_atr_max_pct": 0.04378507967168906,
    "sideways_tp_mult": 2.8747105144032794,
    "sideways_tsl_mult": 0.9235614998375034,
    "sideways_time_stop": 280,
    "sideways_use_sma": true,
    "sideways_use_ema": false,
    "sideways_use_atr": false,
    "sideways_use_adx": false,
    "sideways_use_spike": true,
    "sideways_rsi_required": true,
    "fee": 0.0005,
    "rsi_key": "rsi11",
    "start_equity": 20000.0,
    "risk_per_trade": 0.02,
    "risk_stop_atr_mult": 1.0,
    "risk_min_stop_frac": 0.001,
    "daily_loss_limit_pct": 0.1,
    "cooldown_bars": 30,
    "fill_timing": "next_open",
    "bar_priority": "stop_first",
    "session_start": 0,
    "session_end": 24,
    "include_hours_set": "{14, 15, 16, 17, 18, 19, 20, 22}",
    "max_consec_losses": 7,
    "lockout_bars": 100,
    "proba_temp": 1.0,
    "participation_cap": 1.0,
    "price_step": 0.0001,
    "qty_step": 0.0001,
    "min_notional": 5.0,
    "max_notional_pct_equity": 1.0,
    "sides": "long",
    "regime_adapt": true,
    "regime_fast": 50,
    "regime_slow": 200,
    "regime_band": 0.006,
    "round_exits": true,
    "stop_extra_slip": 0.0,
    "regime_overrides": {
      "bull": {
        "allowed_sides": [
          "long",
          "short"
        ],
        "mode": "mean_reversion",
        "bb_std_mult": 2.0169431746748376,
        "tp_mult": 1.9194251920826044,
        "tsl_mult": 0.6891458682949287,
        "time_stop_bars": 214,
        "rsi_required": false,
        "use_adx": true,
        "adx": 18.0,
        "use_atr": true,
        "atr_range": [
          0.0008,
          0.06
        ]
      },
      "sideways": {
        "allowed_sides": [
          "long",
          "short"
        ],
        "mode": "breakout",
        "bb_std_mult": 1.5828092896467827,
        "tp_mult": 2.341879695778944,
        "tsl_mult": 0.651967765830165,
        "time_stop_bars": 235,
        "rsi_required": true,
        "use_adx": true,
        "adx": 15.0,
        "use_atr": true,
        "atr_range": [
          0.001,
          0.14
        ]
      },
      "bear": {
        "allowed_sides": [
          "long",
          "short"
        ],
        "mode": "breakout",
        "bb_std_mult": 1.2571599337995167,
        "tp_mult": 1.7149673432024581,
        "tsl_mult": 0.25,
        "time_stop_bars": 122,
        "rsi_required": true,
        "use_adx": true,
        "adx": 20.0,
        "use_atr": true,
        "atr_range": [
          0.0015,
          0.06
        ]
      }
    },
    "slippage": 0.0004,
    "select_top_k": 1,
    "aggregate_params": "median",
    "objective": "multi",
    "wfo_folds": 6,
    "embargo_bars": 150,
    "use_ml": false,
    "ml_thresh": 0.0
  },
  "guardrails": {
    "max_dd_pct_allowed": 0.3,
    "min_trades_lookback": 120,
    "daily_loss_limit_pct": 0.1,
    "cooldown_bars": 30,
    "fill_timing": "next_open",
    "bar_priority": "stop_first",
    "session_hours": [
      0,
      24
    ],
    "include_hours": [
      14,
      15,
      16,
      17,
      18,
      19,
      20,
      22
    ],
    "consec_loss_lockout": [
      7,
      100
    ],
    "sides": "long"
  },
  "regime": {
    "enabled": true,
    "fast": 50,
    "slow": 200,
    "band": 0.006,
    "overrides": {
      "bull": {
        "allowed_sides": [
          "long",
          "short"
        ],
        "mode": "mean_reversion",
        "bb_std_mult": 2.0169431746748376,
        "tp_mult": 1.9194251920826044,
        "tsl_mult": 0.6891458682949287,
        "time_stop_bars": 214,
        "rsi_required": false,
        "use_adx": true,
        "adx": 18.0,
        "use_atr": true,
        "atr_range": [
          0.0008,
          0.06
        ]
      },
      "sideways": {
        "allowed_sides": [
          "long",
          "short"
        ],
        "mode": "breakout",
        "bb_std_mult": 1.5828092896467827,
        "tp_mult": 2.341879695778944,
        "tsl_mult": 0.651967765830165,
        "time_stop_bars": 235,
        "rsi_required": true,
        "use_adx": true,
        "adx": 15.0,
        "use_atr": true,
        "atr_range": [
          0.001,
          0.14
        ]
      },
      "bear": {
        "allowed_sides": [
          "long",
          "short"
        ],
        "mode": "breakout",
        "bb_std_mult": 1.2571599337995167,
        "tp_mult": 1.7149673432024581,
        "tsl_mult": 0.25,
        "time_stop_bars": 122,
        "rsi_required": true,
        "use_adx": true,
        "adx": 20.0,
        "use_atr": true,
        "atr_range": [
          0.0015,
          0.06
        ]
      }
    }
  },
  "run_config": {
    "trials": 600,
    "n_jobs": 4,
    "seed": 912,
    "objective": "multi",
    "multi_objective": true,
    "train_frac": 0.7,
    "wfo_folds": 6,
    "embargo_bars": 150,
    "select_top_k": 1,
    "aggregate_params": "median",
    "start_equity": 20000.0,
    "fee": 0.0005,
    "fixed_slippage": 0.0004,
    "min_slippage": 0.0,
    "fill_timing": "next_open",
    "bar_priority": "stop_first",
    "session_start": 0,
    "session_end": 24,