{
  "created_at": "2025-08-23T05:07:58.034912+00:00",
  "objective": "multi",
  "selection": {
    "dd_cap_pct": 0.05,
    "best_trial": 398,
    "top_k": 3,
    "top_trials": [
      398,
      250,
      266
    ]
  },
  "train_bars": 969686,
  "test_bars": 646458,
  "train_metrics": {
    "pnl": 4728.754246810028,
    "return_pct": 0.23643771234050148,
    "trades": 440,
    "win_rate": 0.5113636363636364,
    "avg_trade": 10.747168742750064,
    "avg_trade_pct": 0.0004836613087876492,
    "max_drawdown": -126.18928108000546,
    "max_drawdown_pct": -0.005077029482622116,
    "final_equity": 24728.75424681003,
    "wins": 225,
    "losses": 215
  },
  "test_metrics": {
    "pnl": 2404.107523799979,
    "return_pct": 0.12020537618999882,
    "trades": 147,
    "win_rate": 0.5170068027210885,
    "avg_trade": 16.354472951020266,
    "avg_trade_pct": 0.0007748890867307713,
    "max_drawdown": -67.05171802000041,
    "max_drawdown_pct": -0.0032117312251315616,
    "final_equity": 22404.107523799976,
    "wins": 76,
    "losses": 71
  },
  "params": {
    "slip_spread_k": 0.959232127110024,
    "adx_thresh": 23.19903888461142,
    "edge_k": 1.6220547052655057,
    "use_ema": true,
    "p_std": 23,
    "atr_max_pct": 0.02673859060538213,
    "rsi_ob": 82,
    "tp_mult": 2.8853462190474564,
    "ema1": 7,
    "rsi_os": 51,
    "use_adx": false,
    "p_adx": 20,
    "rsi_period": 49,
    "p_sma": 36,
    "edge_cap": 0.41784259473031415,
    "time_stop": 255,
    "use_atr": true,
    "rsi_required": true,
    "tsl_mult": 0.03678332714890854,
    "atr_min_pct": 0.0024276265524244547,
    "slip_atr_k": 0.004742828756324856,
    "strategy": "breakout",
    "spread_hl_frac": 0.004045872432503971,
    "vol_spike": 0.24422361184997785,
    "use_sma": false,
    "use_spike": true,
    "p_atr": 17,
    "bb_std_mult": 1.0473535252386599,
    "ema2": 18,
    "fee": 0.0,
    "rsi_key": "rsi49",
    "start_equity": 20000.0,
    "risk_per_trade": 0.2,
    "risk_stop_atr_mult": 1.0,
    "risk_min_stop_frac": 0.001,
    "daily_loss_limit_pct": 0.006,
    "cooldown_bars": 20,
    "fill_timing": "next_open",
    "bar_priority": "stop_first",
    "session_start": 0,
    "session_end": 24,
    "include_hours_set": "{20}",
    "max_consec_losses": 8,
    "lockout_bars": 60,
    "proba_temp": 1.0,
    "participation_cap": 1.0,
    "price_step": 0.0001,
    "qty_step": 0.0001,
    "min_notional": 5.0,
    "max_notional_pct_equity": 0.6,
    "sides": "short",
    "regime_adapt": false,
    "regime_fast": 50,
    "regime_slow": 200,
    "regime_band": 0.006,
    "round_exits": true,
    "stop_extra_slip": 0.0,
    "regime_overrides": {
      "bull": {
        "allowed_sides": [
          "long",
          "short"
        ],
        "mode": "mean_reversion",
        "bb_std_mult": 2.0169431746748376,
        "tp_mult": 1.9194251920826044,
        "tsl_mult": 0.6891458682949287,
        "time_stop_bars": 214,
        "rsi_required": false,
        "use_adx": true,
        "adx": 18.0,
        "use_atr": true,
        "atr_range": [
          0.0008,
          0.06
        ]
      },
      "sideways": {
        "allowed_sides": [
          "long",
          "short"
        ],
        "mode": "breakout",
        "bb_std_mult": 1.5828092896467827,
        "tp_mult": 2.341879695778944,
        "tsl_mult": 0.651967765830165,
        "time_stop_bars": 235,
        "rsi_required": true,
        "use_adx": true,
        "adx": 15.0,
        "use_atr": true,
        "atr_range": [
          0.001,
          0.14
        ]
      },
      "bear": {
        "allowed_sides": [
          "long",
          "short"
        ],
        "mode": "breakout",
        "bb_std_mult": 1.2571599337995167,
        "tp_mult": 1.7149673432024581,
        "tsl_mult": 0.25,
        "time_stop_bars": 122,
        "rsi_required": true,
        "use_adx": true,
        "adx": 20.0,
        "use_atr": true,
        "atr_range": [
          0.0015,
          0.06
        ]
      }
    },
    "slippage": 0.0006,
    "select_top_k": 3,
    "aggregate_params": "median",
    "objective": "multi",
    "wfo_folds": 3,
    "embargo_bars": 0,
    "use_ml": false,
    "ml_thresh": 0.0
  },
  "guardrails": {
    "max_dd_pct_allowed": 0.05,
    "min_trades_lookback": 75,
    "daily_loss_limit_pct": 0.006,
    "cooldown_bars": 20,
    "fill_timing": "next_open",
    "bar_priority": "stop_first",
    "session_hours": [
      0,
      24
    ],
    "include_hours": [
      20
    ],
    "consec_loss_lockout": [
      8,
      60
    ],
    "sides": "short"
  },
  "regime": {
    "enabled": false,
    "fast": 50,
    "slow": 200,
    "band": 0.006,
    "overrides": {
      "bull": {
        "allowed_sides": [
          "long",
          "short"
        ],
        "mode": "mean_reversion",
        "bb_std_mult": 2.0169431746748376,
        "tp_mult": 1.9194251920826044,
        "tsl_mult": 0.6891458682949287,
        "time_stop_bars": 214,
        "rsi_required": false,
        "use_adx": true,
        "adx": 18.0,
        "use_atr": true,
        "atr_range": [
          0.0008,
          0.06
        ]
      },
      "sideways": {
        "allowed_sides": [
          "long",
          "short"
        ],
        "mode": "breakout",
        "bb_std_mult": 1.5828092896467827,
        "tp_mult": 2.341879695778944,
        "tsl_mult": 0.651967765830165,
        "time_stop_bars": 235,
        "rsi_required": true,
        "use_adx": true,
        "adx": 15.0,
        "use_atr": true,
        "atr_range": [
          0.001,
          0.14
        ]
      },
      "bear": {
        "allowed_sides": [
          "long",
          "short"
        ],
        "mode": "breakout",
        "bb_std_mult": 1.2571599337995167,
        "tp_mult": 1.7149673432024581,
        "tsl_mult": 0.25,
        "time_stop_bars": 122,
        "rsi_required": true,
        "use_adx": true,
        "adx": 20.0,
        "use_atr": true,
        "atr_range": [
          0.0015,
          0.06
        ]
      }
    }
  },
  "run_config": {
    "trials": 400,
    "n_jobs": 1,
    "seed": 11,
    "objective": "multi",
    "multi_objective": true,
    "train_frac": 0.6,
    "wfo_folds": 3,
    "embargo_bars": 0,
    "select_top_k": 3,
    "aggregate_params": "median",
    "start_equity": 20000.0,
    "fee": 0.0,
    "fixed_slippage": 0.0006,
    "min_slippage": 0.0,
    "fill_timing": "next_open",
    "bar_priority": "stop_first",
    "session_start": 0,
    "session_end": 24,
    "include_hours": "20",
    "sides": "short",
    "regime_adapt": false,
    "regime_fast": 50,
    "regime_slow": 200,
    "regime_band": 0.0,
    "round_exits": true,
    "stop_extra_slip": 0.0
  },
  "metrics_consistent": {
    "return_pct_train_consistent": 0.2364377123405014,
    "return_pct_test_consistent": 0.12020537618999895,
    "suspicious_run": false
  }
}