{
  "created_at": "2025-08-21T12:17:46.229221+00:00",
  "objective": "multi",
  "selection": {
    "dd_cap_pct": 0.06,
    "best_trial": 116,
    "top_k": 5,
    "top_trials": [
      116,
      123,
      45,
      120,
      96
    ]
  },
  "train_bars": 1131000,
  "test_bars": 484544,
  "train_metrics": {
    "pnl": -3717.352406340019,
    "return_pct": -0.18586762031700077,
    "trades": 2191,
    "win_rate": 0.31903240529438615,
    "avg_trade": -1.6966464656960378,
    "avg_trade_pct": -9.292204629778414e-05,
    "max_drawdown": -5578.3910790699865,
    "max_drawdown_pct": -0.257231936570931,
    "final_equity": 16282.647593659985,
    "wins": 699,
    "losses": 1492
  },
  "test_metrics": {
    "pnl": -3277.070381889928,
    "return_pct": -0.1638535190944964,
    "trades": 843,
    "win_rate": 0.2941874258600237,
    "avg_trade": -3.8873907258480758,
    "avg_trade_pct": -0.00021170240538623858,
    "max_drawdown": -3495.4147520999504,
    "max_drawdown_pct": -0.17411070053662667,
    "final_equity": 16722.929618110073,
    "wins": 248,
    "losses": 595
  },
  "params": {
    "ema1": 8,
    "edge_cap": 0.12775505291633626,
    "sideways_use_sma": false,
    "sideways_use_ema": true,
    "bull_rsi_required": true,
    "bear_atr_min_pct": 0.011536664007905852,
    "sideways_use_spike": true,
    "bear_strategy": "breakout",
    "ema2": 12,
    "sideways_adx_thresh": 18.47837356933583,
    "bull_time_stop": 251,
    "tsl_mult": 0.09990801246330347,
    "rsi_required": true,
    "rsi_os": 41,
    "bear_adx_thresh": 32.277182156285605,
    "bull_strategy": "mean_reversion",
    "sideways_use_atr": true,
    "bear_atr_max_pct": 0.049599560505294196,
    "sideways_time_stop": 50,
    "bear_tsl_mult": 0.484412399130462,
    "bb_std_mult": 1.3814550210567251,
    "sideways_rsi_required": true,
    "sideways_tp_mult": 2.0207453859210482,
    "bull_use_ema": true,
    "bull_atr_max_pct": 0.11582728350420901,
    "bear_rsi_os": 22,
    "use_spike": true,
    "sideways_use_adx": true,
    "p_adx": 24,
    "p_atr": 15,
    "sideways_rsi_os": 24,
    "bull_use_spike": false,
    "sideways_bb_std_mult": 1.208163093153588,
    "adx_thresh": 10.243914954100962,
    "use_ema": true,
    "bull_adx_thresh": 13.706891593733712,
    "sideways_rsi_ob": 72,
    "sideways_atr_max_pct": 0.045676484770190165,
    "time_stop": 100,
    "spread_hl_frac": 0.04952952305935791,
    "vol_spike": 0.023073821446480382,
    "bull_bb_std_mult": 0.8831015094011323,
    "sideways_tsl_mult": 0.841501671072533,
    "bear_use_adx": false,
    "bear_use_spike": false,
    "p_std": 58,
    "bull_tp_mult": 1.5590435344362037,
    "bear_use_atr": false,
    "bear_rsi_ob": 88,
    "use_sma": true,
    "strategy": "breakout",
    "bull_atr_min_pct": 0.005650185221185704,
    "bear_use_sma": false,
    "atr_max_pct": 0.12670526954381814,
    "use_atr": false,
    "bull_tsl_mult": 0.7387442529187265,
    "bear_bb_std_mult": 2.605256555156089,
    "bull_rsi_os": 40,
    "rsi_ob": 64,
    "bear_time_stop": 153,
    "edge_k": 0.583871481466938,
    "sideways_strategy": "mean_reversion",
    "bull_rsi_ob": 77,
    "use_adx": false,
    "bull_use_sma": true,
    "p_sma": 5,
    "tp_mult": 2.751876611164314,
    "slip_atr_k": 0.0022269385990503227,
    "atr_min_pct": 0.014486323445406424,
    "slip_spread_k": 0.0186664646204006,
    "bear_tp_mult": 1.8791327990271642,
    "bear_rsi_required": false,
    "bull_use_atr": true,
    "bull_use_adx": true,
    "rsi_period": 38,
    "bear_use_ema": false,
    "sideways_atr_min_pct": 0.02894878776760825,
    "fee": 0.0,
    "rsi_key": "rsi38",
    "start_equity": 20000.0,
    "risk_per_trade": 0.001,
    "risk_stop_atr_mult": 1.0,
    "risk_min_stop_frac": 0.001,
    "daily_loss_limit_pct": 0.03,
    "cooldown_bars": 80,
    "fill_timing": "next_open",
    "bar_priority": "stop_first",
    "session_start": 0,
    "session_end": 24,
    "include_hours_set": "{13, 14, 15, 16, 17, 18, 19, 20, 22}",
    "max_consec_losses": 2,
    "lockout_bars": 180,
    "proba_temp": 1.0,
    "participation_cap": 1.0,
    "price_step": 0.0001,
    "qty_step": 0.0001,
    "min_notional": 5.0,
    "max_notional_pct_equity": 1.0,
    "sides": "both",
    "regime_adapt": true,
    "regime_fast": 50,
    "regime_slow": 200,
    "regime_band": 0.0,
    "round_exits": true,
    "stop_extra_slip": 0.0,
    "regime_overrides": {
      "bull": {
        "strategy": "mean_reversion",
        "bb_std_mult": 2.0169431746748376,
        "rsi_ob": 51,
        "rsi_os": 43,
        "tp_mult": 1.9194251920826044,
        "tsl_mult": 0.6891458682949287,
        "time_stop": 214,
        "use_ema": false,
        "use_adx": true,
        "use_atr": true,
        "rsi_required": false,
        "adx_thresh": 30.312193620918165,
        "atr_min_pct": 0.01765191613765407,
        "atr_max_pct": 0.05817423848665073
      },
      "sideways": {
        "strategy": "breakout",
        "bb_std_mult": 1.5828092896467827,
        "rsi_ob": 58,
        "rsi_os": 19,
        "tp_mult": 2.341879695778944,
        "tsl_mult": 0.651967765830165,
        "time_stop": 235,
        "use_ema": false,
        "use_adx": false,
        "use_atr": false,
        "rsi_required": true,
        "atr_min_pct": 0.015109626219893455,
        "atr_max_pct": 0.13630943049822583
      },
      "bear": {
        "strategy": "breakout",
        "bb_std_mult": 1.2571599337995167,
        "rsi_ob": 70,
        "rsi_os": 52,
        "tp_mult": 1.7149673432024581,
        "tsl_mult": 0.0004102131455224567,
        "time_stop": 122,
        "use_ema": false,
        "use_adx": false,
        "use_atr": false,
        "rsi_required": false,
        "adx_thresh": 31.238766665127454,
        "atr_min_pct": 0.026767463670604112,
        "atr_max_pct": 0.042481859768843486
      }
    },
    "slippage": 0.0006,
    "select_top_k": 5,
    "aggregate_params": "median",
    "objective": "multi",
    "wfo_folds": 8,
    "embargo_bars": 300,
    "use_ml": false,
    "ml_thresh": 0.0
  },
  "guardrails": {
    "max_dd_pct_allowed": 0.06,
    "min_trades_lookback": 400,
    "daily_loss_limit_pct": 0.03,
    "cooldown_bars": 80,
    "fill_timing": "next_open",
    "bar_priority": "stop_first",
    "session_hours": [
      0,
      24
    ],
    "include_hours": [
      13,
      14,
      15,
      16,
      17,
      18,
      19,
      20,
      22
    ],
    "consec_loss_lockout": [
      2,
      180
    ],
    "sides": "both"
  },
  "regime": {
    "enabled": true,
    "fast": 50,
    "slow": 200,
    "band": 0.0,
    "overrides": {
      "bull": {
        "strategy": "mean_reversion",
        "bb_std_mult": 2.0169431746748376,
        "rsi_ob": 51,
        "rsi_os": 43,
        "tp_mult": 1.9194251920826044,
        "tsl_mult": 0.6891458682949287,
        "time_stop": 214,
        "use_ema": false,
        "use_adx": true,
        "use_atr": true,
        "rsi_required": false,
        "adx_thresh": 30.312193620918165,
        "atr_min_pct": 0.01765191613765407,
        "atr_max_pct": 0.05817423848665073
      },
      "sideways": {
        "strategy": "breakout",
        "bb_std_mult": 1.5828092896467827,
        "rsi_ob": 58,
        "rsi_os": 19,
        "tp_mult": 2.341879695778944,
        "tsl_mult": 0.651967765830165,
        "time_stop": 235,
        "use_ema": false,
        "use_adx": false,
        "use_atr": false,
        "rsi_required": true,
        "atr_min_pct": 0.015109626219893455,
        "atr_max_pct": 0.13630943049822583
      },
      "bear": {
        "strategy": "breakout",
        "bb_std_mult": 1.2571599337995167,
        "rsi_ob": 70,
        "rsi_os": 52,
        "tp_mult": 1.7149673432024581,
        "tsl_mult": 0.0004102131455224567,
        "time_stop": 122,
        "use_ema": false,
        "use_adx": false,
        "use_atr": false,
        "rsi_required": false,
        "adx_thresh": 31.238766665127454,
        "atr_min_pct": 0.026767463670604112,