{
  "created_at": "2025-08-23T00:24:41.862340+00:00",
  "objective": "multi",
  "selection": {
    "dd_cap_pct": 0.04,
    "best_trial": 253,
    "top_k": 3,
    "top_trials": [
      253,
      257,
      222
    ]
  },
  "train_bars": 969686,
  "test_bars": 646458,
  "train_metrics": {
    "pnl": 4081.7421605199925,
    "return_pct": 0.2040871080259994,
    "trades": 370,
    "win_rate": 0.4648648648648649,
    "avg_trade": 11.031735568972953,
    "avg_trade_pct": 0.0005038766936044773,
    "max_drawdown": -134.96936043000824,
    "max_drawdown_pct": -0.006134089794884152,
    "final_equity": 24081.74216051999,
    "wins": 172,
    "losses": 198
  },
  "test_metrics": {
    "pnl": 3415.8555292599667,
    "return_pct": 0.1707927764629984,
    "trades": 182,
    "win_rate": 0.46703296703296704,
    "avg_trade": 18.76843697395586,
    "avg_trade_pct": 0.000870425376300663,
    "max_drawdown": -96.56922262999797,
    "max_drawdown_pct": -0.004151906735811632,
    "final_equity": 23415.855529259967,
    "wins": 85,
    "losses": 97
  },
  "params": {
    "p_adx": 24,
    "time_stop": 230,
    "use_adx": false,
    "use_sma": true,
    "p_std": 38,
    "edge_cap": 0.453317021520576,
    "rsi_os": 36,
    "edge_k": 0.39640020897936457,
    "tp_mult": 2.50287824081841,
    "slip_atr_k": 0.09094507021019647,
    "p_sma": 24,
    "spread_hl_frac": 0.0017370522967448691,
    "atr_min_pct": 0.0011411229225346587,
    "ema2": 42,
    "rsi_ob": 61,
    "use_spike": true,
    "rsi_required": false,
    "rsi_period": 19,
    "ema1": 19,
    "p_atr": 14,
    "vol_spike": 0.261879185233799,
    "bb_std_mult": 3.2572003649425216,
    "use_atr": true,
    "use_ema": true,
    "atr_max_pct": 0.13230650623738507,
    "slip_spread_k": 0.6632288712939995,
    "tsl_mult": 0.04504002982539831,
    "strategy": "breakout",
    "adx_thresh": 7.311648447497843,
    "fee": 0.0,
    "rsi_key": "rsi19",
    "start_equity": 20000.0,
    "risk_per_trade": 0.3,
    "risk_stop_atr_mult": 1.0,
    "risk_min_stop_frac": 0.001,
    "daily_loss_limit_pct": 0.015,
    "cooldown_bars": 20,
    "fill_timing": "next_open",
    "bar_priority": "stop_first",
    "session_start": 0,
    "session_end": 24,
    "include_hours_set": "{16, 20, 22}",
    "max_consec_losses": 6,
    "lockout_bars": 120,
    "proba_temp": 1.0,
    "participation_cap": 1.0,
    "price_step": 0.0001,
    "qty_step": 0.0001,
    "min_notional": 5.0,
    "max_notional_pct_equity": 0.6,
    "sides": "both",
    "regime_adapt": false,
    "regime_fast": 50,
    "regime_slow": 200,
    "regime_band": 0.006,
    "round_exits": true,
    "stop_extra_slip": 0.0,
    "regime_overrides": {
      "bull": {
        "allowed_sides": [
          "long",
          "short"
        ],
        "mode": "mean_reversion",
        "bb_std_mult": 2.0169431746748376,
        "tp_mult": 1.9194251920826044,
        "tsl_mult": 0.6891458682949287,
        "time_stop_bars": 214,
        "rsi_required": false,
        "use_adx": true,
        "adx": 18.0,
        "use_atr": true,
        "atr_range": [
          0.0008,
          0.06
        ]
      },
      "sideways": {
        "allowed_sides": [
          "long",
          "short"
        ],
        "mode": "breakout",
        "bb_std_mult": 1.5828092896467827,
        "tp_mult": 2.341879695778944,
        "tsl_mult": 0.651967765830165,
        "time_stop_bars": 235,
        "rsi_required": true,
        "use_adx": true,
        "adx": 15.0,
        "use_atr": true,
        "atr_range": [
          0.001,
          0.14
        ]
      },
      "bear": {
        "allowed_sides": [
          "long",
          "short"
        ],
        "mode": "breakout",
        "bb_std_mult": 1.2571599337995167,
        "tp_mult": 1.7149673432024581,
        "tsl_mult": 0.25,
        "time_stop_bars": 122,
        "rsi_required": true,
        "use_adx": true,
        "adx": 20.0,
        "use_atr": true,
        "atr_range": [
          0.0015,
          0.06
        ]
      }
    },
    "slippage": 0.0006,
    "select_top_k": 3,
    "aggregate_params": "median",
    "objective": "multi",
    "wfo_folds": 3,
    "embargo_bars": 0,
    "use_ml": false,
    "ml_thresh": 0.0
  },
  "guardrails": {
    "max_dd_pct_allowed": 0.04,
    "min_trades_lookback": 75,
    "daily_loss_limit_pct": 0.015,
    "cooldown_bars": 20,
    "fill_timing": "next_open",
    "bar_priority": "stop_first",
    "session_hours": [
      0,
      24
    ],
    "include_hours": [
      16,
      20,
      22
    ],
    "consec_loss_lockout": [
      6,
      120
    ],
    "sides": "both"
  },
  "regime": {
    "enabled": false,
    "fast": 50,
    "slow": 200,
    "band": 0.006,
    "overrides": {
      "bull": {
        "allowed_sides": [
          "long",
          "short"
        ],
        "mode": "mean_reversion",
        "bb_std_mult": 2.0169431746748376,
        "tp_mult": 1.9194251920826044,
        "tsl_mult": 0.6891458682949287,
        "time_stop_bars": 214,
        "rsi_required": false,
        "use_adx": true,
        "adx": 18.0,
        "use_atr": true,
        "atr_range": [
          0.0008,
          0.06
        ]
      },
      "sideways": {
        "allowed_sides": [
          "long",
          "short"
        ],
        "mode": "breakout",
        "bb_std_mult": 1.5828092896467827,
        "tp_mult": 2.341879695778944,
        "tsl_mult": 0.651967765830165,
        "time_stop_bars": 235,
        "rsi_required": true,
        "use_adx": true,
        "adx": 15.0,
        "use_atr": true,
        "atr_range": [
          0.001,
          0.14
        ]
      },
      "bear": {
        "allowed_sides": [
          "long",
          "short"
        ],
        "mode": "breakout",
        "bb_std_mult": 1.2571599337995167,
        "tp_mult": 1.7149673432024581,
        "tsl_mult": 0.25,
        "time_stop_bars": 122,
        "rsi_required": true,
        "use_adx": true,
        "adx": 20.0,
        "use_atr": true,
        "atr_range": [
          0.0015,
          0.06
        ]
      }
    }
  },
  "run_config": {
    "trials": 300,
    "n_jobs": 1,
    "seed": 11,
    "objective": "multi",
    "multi_objective": true,
    "train_frac": 0.6,
    "wfo_folds": 3,
    "embargo_bars": 0,
    "select_top_k": 3,
    "aggregate_params": "median",
    "start_equity": 20000.0,
    "fee": 0.0,
    "fixed_slippage": 0.0006,
    "min_slippage": 0.0,
    "fill_timing": "next_open",
    "bar_priority": "stop_first",
    "session_start": 0,
    "session_end": 24,
    "include_hours": "16,20,22",
    "sides": "both",
    "regime_adapt": false,
    "regime_fast": 50,
    "regime_slow": 200,
    "regime_band": 0.0,
    "round_exits": true,
    "stop_extra_slip": 0.0
  },
  "metrics_consistent": {
    "return_pct_train_consistent": 0.20408710802599964,
    "return_pct_test_consistent": 0.17079277646299834,
    "suspicious_run": false
  }
}