{
  "created_at": "2025-08-26T09:12:56.114223+00:00",
  "objective": "multi",
  "selection": {
    "dd_cap_pct": 0.1,
    "best_trial": 965,
    "top_k": 3,
    "top_trials": [
      965,
      998,
      947
    ]
  },
  "train_bars": 969686,
  "test_bars": 646458,
  "train_metrics": {
    "pnl": 104402.26104507293,
    "return_pct": 5.220113052253647,
    "trades": 158,
    "win_rate": 0.569620253164557,
    "avg_trade": 660.7738040827401,
    "avg_trade_pct": 0.012179332975430052,
    "max_drawdown": -6444.886112383028,
    "max_drawdown_pct": -0.05117635162203486,
    "final_equity": 124402.26104507294,
    "wins": 90,
    "losses": 68
  },
  "test_metrics": {
    "pnl": 6141.8531228665115,
    "return_pct": 0.3070926561433256,
    "trades": 56,
    "win_rate": 0.5178571428571429,
    "avg_trade": 109.67594862261627,
    "avg_trade_pct": 0.005004564196316899,
    "max_drawdown": -1349.3972498375733,
    "max_drawdown_pct": -0.0507133789929216,
    "final_equity": 26141.853122866512,
    "wins": 29,
    "losses": 27
  },
  "params": {
    "slip_atr_k": 0.004013139438495019,
    "slip_spread_k": 0.0884938476618244,
    "p_sma": 38,
    "use_atr": true,
    "time_stop": 278,
    "p_adx": 30,
    "use_ema": false,
    "ema2": 22,
    "atr_max_pct": 0.014693954101627115,
    "rsi_ob": 51,
    "atr_min_pct": 0.006045833269502735,
    "tp_mult": 1.7477114316216833,
    "edge_cap": 0.684980111050228,
    "strategy": "mean_reversion",
    "use_spike": true,
    "p_atr": 26,
    "adx_thresh": 12.622514570924977,
    "use_sma": true,
    "spread_hl_frac": 0.006019138173442009,
    "rsi_required": false,
    "use_adx": true,
    "edge_k": 1.4252375670101487,
    "tsl_mult": 0.0006243239121810709,
    "rsi_period": 36,
    "bb_std_mult": 0.5412621429707822,
    "p_std": 38,
    "vol_spike": 0.12579514817751059,
    "rsi_os": 25,
    "ema1": 29,
    "fee": 0.0004,
    "rsi_key": "rsi36",
    "start_equity": 20000.0,
    "risk_per_trade": 0.05,
    "risk_stop_atr_mult": 1.0,
    "risk_min_stop_frac": 0.001,
    "daily_loss_limit_pct": 0.03,
    "cooldown_bars": 20,
    "fill_timing": "next_open",
    "bar_priority": "stop_first",
    "session_start": 0,
    "session_end": 24,
    "include_hours_set": "{16, 18, 19, 22, 23}",
    "max_consec_losses": 0,
    "lockout_bars": 0,
    "proba_temp": 1.0,
    "participation_cap": 1.0,
    "price_step": 0.0001,
    "qty_step": 0.0001,
    "min_notional": 5.0,
    "max_notional_pct_equity": 1.0,
    "sides": "long",
    "regime_adapt": false,
    "regime_fast": 50,
    "regime_slow": 200,
    "regime_band": 0.006,
    "round_exits": true,
    "stop_extra_slip": 0.0,
    "regime_overrides": {
      "bull": {
        "allowed_sides": [
          "long",
          "short"
        ],
        "mode": "mean_reversion",
        "bb_std_mult": 2.0169431746748376,
        "tp_mult": 1.9194251920826044,
        "tsl_mult": 0.6891458682949287,
        "time_stop_bars": 214,
        "rsi_required": false,
        "use_adx": true,
        "adx": 18.0,
        "use_atr": true,
        "atr_range": [
          0.0008,
          0.06
        ]
      },
      "sideways": {
        "allowed_sides": [
          "long",
          "short"
        ],
        "mode": "breakout",
        "bb_std_mult": 1.5828092896467827,
        "tp_mult": 2.341879695778944,
        "tsl_mult": 0.651967765830165,
        "time_stop_bars": 235,
        "rsi_required": true,
        "use_adx": true,
        "adx": 15.0,
        "use_atr": true,
        "atr_range": [
          0.001,
          0.14
        ]
      },
      "bear": {
        "allowed_sides": [
          "long",
          "short"
        ],
        "mode": "breakout",
        "bb_std_mult": 1.2571599337995167,
        "tp_mult": 1.7149673432024581,
        "tsl_mult": 0.25,
        "time_stop_bars": 122,
        "rsi_required": true,
        "use_adx": true,
        "adx": 20.0,
        "use_atr": true,
        "atr_range": [
          0.0015,
          0.06
        ]
      }
    },
    "slippage": 0.0008,
    "select_top_k": 3,
    "aggregate_params": "median",
    "objective": "multi",
    "wfo_folds": 5,
    "embargo_bars": 0,
    "use_ml": false,
    "ml_thresh": 0.0
  },
  "guardrails": {
    "max_dd_pct_allowed": 0.1,
    "min_trades_lookback": 20,
    "daily_loss_limit_pct": 0.03,
    "cooldown_bars": 20,
    "fill_timing": "next_open",
    "bar_priority": "stop_first",
    "session_hours": [
      0,
      24
    ],
    "include_hours": [
      16,
      18,
      19,
      22,
      23
    ],
    "consec_loss_lockout": [
      0,
      0
    ],
    "sides": "long"
  },
  "regime": {
    "enabled": false,
    "fast": 50,
    "slow": 200,
    "band": 0.006,
    "overrides": {
      "bull": {
        "allowed_sides": [
          "long",
          "short"
        ],
        "mode": "mean_reversion",
        "bb_std_mult": 2.0169431746748376,
        "tp_mult": 1.9194251920826044,
        "tsl_mult": 0.6891458682949287,
        "time_stop_bars": 214,
        "rsi_required": false,
        "use_adx": true,
        "adx": 18.0,
        "use_atr": true,
        "atr_range": [
          0.0008,
          0.06
        ]
      },
      "sideways": {
        "allowed_sides": [
          "long",
          "short"
        ],
        "mode": "breakout",
        "bb_std_mult": 1.5828092896467827,
        "tp_mult": 2.341879695778944,
        "tsl_mult": 0.651967765830165,
        "time_stop_bars": 235,
        "rsi_required": true,
        "use_adx": true,
        "adx": 15.0,
        "use_atr": true,
        "atr_range": [
          0.001,
          0.14
        ]
      },
      "bear": {
        "allowed_sides": [
          "long",
          "short"
        ],
        "mode": "breakout",
        "bb_std_mult": 1.2571599337995167,
        "tp_mult": 1.7149673432024581,
        "tsl_mult": 0.25,
        "time_stop_bars": 122,
        "rsi_required": true,
        "use_adx": true,
        "adx": 20.0,
        "use_atr": true,
        "atr_range": [
          0.0015,
          0.06
        ]
      }
    }
  },
  "run_config": {
    "trials": 1000,
    "n_jobs": 1,
    "seed": 43,
    "objective": "multi",
    "multi_objective": true,
    "train_frac": 0.6,
    "wfo_folds": 5,
    "embargo_bars": 0,
    "select_top_k": 3,
    "aggregate_params": "median",
    "start_equity": 20000.0,
    "fee": 0.0004,
    "fixed_slippage": 0.0008,
    "min_slippage": 0.0,
    "fill_timing": "next_open",
    "bar_priority": "stop_first",
    "session_start": 0,
    "session_end": 24,
    "include_hours": "16,18,19,22,23",
    "sides": "long",
    "regime_adapt": false,
    "regime_fast": 50,
    "regime_slow": 200,
    "regime_band": 0.0,
    "round_exits": true,
    "stop_extra_slip": 0.0
  },
  "metrics_consistent": {
    "return_pct_train_consistent": 5.220113052253646,
    "return_pct_test_consistent": 0.3070926561433256,
    "suspicious_run": false
  }
}