{
  "created_at": "2025-08-25T17:48:53.840677+00:00",
  "objective": "multi",
  "selection": {
    "dd_cap_pct": 0.04,
    "best_trial": 895,
    "top_k": 3,
    "top_trials": [
      895,
      903,
      979
    ]
  },
  "train_bars": 969686,
  "test_bars": 646458,
  "train_metrics": {
    "pnl": 414.3676104986308,
    "return_pct": 0.02071838052493158,
    "trades": 14,
    "win_rate": 0.5714285714285714,
    "avg_trade": 29.597686464187916,
    "avg_trade_pct": 0.0014712392948185225,
    "max_drawdown": -39.04409221599781,
    "max_drawdown_pct": -0.001930066315878194,
    "final_equity": 20414.36761049863,
    "wins": 8,
    "losses": 6
  },
  "test_metrics": {
    "pnl": 303.4578638204747,
    "return_pct": 0.015172893191023551,
    "trades": 10,
    "win_rate": 0.5,
    "avg_trade": 30.34578638204747,
    "avg_trade_pct": 0.0015101490220172313,
    "max_drawdown": -24.90660537765507,
    "max_drawdown_pct": -0.0012313847516185936,
    "final_equity": 20303.457863820473,
    "wins": 5,
    "losses": 5
  },
  "params": {
    "p_adx": 10,
    "time_stop": 187,
    "tsl_mult": 0.04916947579172509,
    "rsi_os": 48,
    "use_atr": true,
    "spread_hl_frac": 0.04322484653802369,
    "rsi_required": false,
    "use_ema": false,
    "vol_spike": 0.12292324609206232,
    "slip_atr_k": 0.017733302468559746,
    "rsi_ob": 68,
    "tp_mult": 1.5733150819825612,
    "ema1": 11,
    "edge_cap": 0.5123345507025928,
    "ema2": 26,
    "bb_std_mult": 3.1986055638611135,
    "atr_max_pct": 0.0764095497499453,
    "rsi_period": 50,
    "use_adx": true,
    "p_atr": 13,
    "atr_min_pct": 0.004247297331007777,
    "use_spike": false,
    "strategy": "breakout",
    "use_sma": false,
    "edge_k": 1.6653734136754075,
    "p_sma": 24,
    "adx_thresh": 26.07224675217658,
    "slip_spread_k": 0.15603740919503373,
    "p_std": 57,
    "fee": 0.0003,
    "rsi_key": "rsi50",
    "start_equity": 20000.0,
    "risk_per_trade": 0.02,
    "risk_stop_atr_mult": 1.0,
    "risk_min_stop_frac": 0.001,
    "daily_loss_limit_pct": 0.03,
    "cooldown_bars": 20,
    "fill_timing": "next_open",
    "bar_priority": "stop_first",
    "session_start": 0,
    "session_end": 24,
    "include_hours_set": "{16, 18, 19, 22, 23}",
    "max_consec_losses": 0,
    "lockout_bars": 0,
    "proba_temp": 1.0,
    "participation_cap": 1.0,
    "price_step": 0.0001,
    "qty_step": 0.0001,
    "min_notional": 5.0,
    "max_notional_pct_equity": 1.0,
    "sides": "long",
    "regime_adapt": false,
    "regime_fast": 50,
    "regime_slow": 200,
    "regime_band": 0.006,
    "round_exits": true,
    "stop_extra_slip": 0.0,
    "regime_overrides": {
      "bull": {
        "allowed_sides": [
          "long",
          "short"
        ],
        "mode": "mean_reversion",
        "bb_std_mult": 2.0169431746748376,
        "tp_mult": 1.9194251920826044,
        "tsl_mult": 0.6891458682949287,
        "time_stop_bars": 214,
        "rsi_required": false,
        "use_adx": true,
        "adx": 18.0,
        "use_atr": true,
        "atr_range": [
          0.0008,
          0.06
        ]
      },
      "sideways": {
        "allowed_sides": [
          "long",
          "short"
        ],
        "mode": "breakout",
        "bb_std_mult": 1.5828092896467827,
        "tp_mult": 2.341879695778944,
        "tsl_mult": 0.651967765830165,
        "time_stop_bars": 235,
        "rsi_required": true,
        "use_adx": true,
        "adx": 15.0,
        "use_atr": true,
        "atr_range": [
          0.001,
          0.14
        ]
      },
      "bear": {
        "allowed_sides": [
          "long",
          "short"
        ],
        "mode": "breakout",
        "bb_std_mult": 1.2571599337995167,
        "tp_mult": 1.7149673432024581,
        "tsl_mult": 0.25,
        "time_stop_bars": 122,
        "rsi_required": true,
        "use_adx": true,
        "adx": 20.0,
        "use_atr": true,
        "atr_range": [
          0.0015,
          0.06
        ]
      }
    },
    "slippage": 0.001,
    "select_top_k": 3,
    "aggregate_params": "median",
    "objective": "multi",
    "wfo_folds": 5,
    "embargo_bars": 0,
    "use_ml": false,
    "ml_thresh": 0.0
  },
  "guardrails": {
    "max_dd_pct_allowed": 0.04,
    "min_trades_lookback": 75,
    "daily_loss_limit_pct": 0.03,
    "cooldown_bars": 20,
    "fill_timing": "next_open",
    "bar_priority": "stop_first",
    "session_hours": [
      0,
      24
    ],
    "include_hours": [
      16,
      18,
      19,
      22,
      23
    ],
    "consec_loss_lockout": [
      0,
      0
    ],
    "sides": "long"
  },
  "regime": {
    "enabled": false,
    "fast": 50,
    "slow": 200,
    "band": 0.006,
    "overrides": {
      "bull": {
        "allowed_sides": [
          "long",
          "short"
        ],
        "mode": "mean_reversion",
        "bb_std_mult": 2.0169431746748376,
        "tp_mult": 1.9194251920826044,
        "tsl_mult": 0.6891458682949287,
        "time_stop_bars": 214,
        "rsi_required": false,
        "use_adx": true,
        "adx": 18.0,
        "use_atr": true,
        "atr_range": [
          0.0008,
          0.06
        ]
      },
      "sideways": {
        "allowed_sides": [
          "long",
          "short"
        ],
        "mode": "breakout",
        "bb_std_mult": 1.5828092896467827,
        "tp_mult": 2.341879695778944,
        "tsl_mult": 0.651967765830165,
        "time_stop_bars": 235,
        "rsi_required": true,
        "use_adx": true,
        "adx": 15.0,
        "use_atr": true,
        "atr_range": [
          0.001,
          0.14
        ]
      },
      "bear": {
        "allowed_sides": [
          "long",
          "short"
        ],
        "mode": "breakout",
        "bb_std_mult": 1.2571599337995167,
        "tp_mult": 1.7149673432024581,
        "tsl_mult": 0.25,
        "time_stop_bars": 122,
        "rsi_required": true,
        "use_adx": true,
        "adx": 20.0,
        "use_atr": true,
        "atr_range": [
          0.0015,
          0.06
        ]
      }
    }
  },
  "run_config": {
    "trials": 1200,
    "n_jobs": 1,
    "seed": 43,
    "objective": "multi",
    "multi_objective": true,
    "train_frac": 0.6,
    "wfo_folds": 5,
    "embargo_bars": 0,
    "select_top_k": 3,
    "aggregate_params": "median",
    "start_equity": 20000.0,
    "fee": 0.0003,
    "fixed_slippage": 0.001,
    "min_slippage": 0.0,
    "fill_timing": "next_open",
    "bar_priority": "stop_first",
    "session_start": 0,
    "session_end": 24,
    "include_hours": "16,18,19,22,23",
    "sides": "long",
    "regime_adapt": false,
    "regime_fast": 50,
    "regime_slow": 200,
    "regime_band": 0.0,
    "round_exits": true,
    "stop_extra_slip": 0.0
  },
  "metrics_consistent": {
    "return_pct_train_consistent": 0.02071838052493154,
    "return_pct_test_consistent": 0.015172893191023735,
    "suspicious_run": false
  }
}