{
  "created_at": "2025-08-25T14:30:00.906065+00:00",
  "objective": "multi",
  "selection": {
    "dd_cap_pct": 0.04,
    "best_trial": 244,
    "top_k": 3,
    "top_trials": [
      244,
      986,
      743
    ]
  },
  "train_bars": 969684,
  "test_bars": 646456,
  "train_metrics": {
    "pnl": 232.84179869049834,
    "return_pct": 0.011642089934524869,
    "trades": 122,
    "win_rate": 0.4016393442622951,
    "avg_trade": 1.9085393335286749,
    "avg_trade_pct": 9.54021312181041e-05,
    "max_drawdown": -193.66149596031028,
    "max_drawdown_pct": -0.00960034745526646,
    "final_equity": 20232.841798690497,
    "wins": 49,
    "losses": 73
  },
  "test_metrics": {
    "pnl": -136.1312476717067,
    "return_pct": -0.006806562383585346,
    "trades": 67,
    "win_rate": 0.29850746268656714,
    "avg_trade": -2.031809666741891,
    "avg_trade_pct": -0.00010175562535780192,
    "max_drawdown": -164.97470109664573,
    "max_drawdown_pct": -0.008236856086087936,
    "final_equity": 19863.868752328293,
    "wins": 20,
    "losses": 47
  },
  "params": {
    "edge_k": 1.1516834634714568,
    "use_sma": false,
    "slip_atr_k": 0.04714308997486624,
    "use_ema": false,
    "ema2": 32,
    "p_adx": 15,
    "strategy": "mean_reversion",
    "vol_spike": 0.25580778845115143,
    "rsi_period": 32,
    "rsi_os": 34,
    "edge_cap": 0.4703538264377984,
    "adx_thresh": 25.988439091285485,
    "atr_max_pct": 0.11634478802566053,
    "tsl_mult": 0.08155725307781804,
    "tp_mult": 2.298931656421734,
    "bb_std_mult": 3.1905812213628364,
    "use_adx": false,
    "slip_spread_k": 0.38611671268475284,
    "p_std": 58,
    "spread_hl_frac": 0.001342699639382619,
    "use_spike": false,
    "rsi_required": false,
    "rsi_ob": 78,
    "p_sma": 6,
    "time_stop": 31,
    "p_atr": 21,
    "ema1": 26,
    "atr_min_pct": 0.02661866464833494,
    "use_atr": false,
    "fee": 0.0004,
    "rsi_key": "rsi32",
    "start_equity": 20000.0,
    "risk_per_trade": 0.02,
    "risk_stop_atr_mult": 1.0,
    "risk_min_stop_frac": 0.001,
    "daily_loss_limit_pct": 0.03,
    "cooldown_bars": 20,
    "fill_timing": "next_open",
    "bar_priority": "stop_first",
    "session_start": 0,
    "session_end": 24,
    "include_hours_set": "{16, 18, 19, 22, 23}",
    "max_consec_losses": 0,
    "lockout_bars": 0,
    "proba_temp": 1.0,
    "participation_cap": 1.0,
    "price_step": 0.0001,
    "qty_step": 0.0001,
    "min_notional": 5.0,
    "max_notional_pct_equity": 1.0,
    "sides": "long",
    "regime_adapt": false,
    "regime_fast": 50,
    "regime_slow": 200,
    "regime_band": 0.006,
    "round_exits": true,
    "stop_extra_slip": 0.0,
    "regime_overrides": {
      "bull": {
        "allowed_sides": [
          "long",
          "short"
        ],
        "mode": "mean_reversion",
        "bb_std_mult": 2.0169431746748376,
        "tp_mult": 1.9194251920826044,
        "tsl_mult": 0.6891458682949287,
        "time_stop_bars": 214,
        "rsi_required": false,
        "use_adx": true,
        "adx": 18.0,
        "use_atr": true,
        "atr_range": [
          0.0008,
          0.06
        ]
      },
      "sideways": {
        "allowed_sides": [
          "long",
          "short"
        ],
        "mode": "breakout",
        "bb_std_mult": 1.5828092896467827,
        "tp_mult": 2.341879695778944,
        "tsl_mult": 0.651967765830165,
        "time_stop_bars": 235,
        "rsi_required": true,
        "use_adx": true,
        "adx": 15.0,
        "use_atr": true,
        "atr_range": [
          0.001,
          0.14
        ]
      },
      "bear": {
        "allowed_sides": [
          "long",
          "short"
        ],
        "mode": "breakout",
        "bb_std_mult": 1.2571599337995167,
        "tp_mult": 1.7149673432024581,
        "tsl_mult": 0.25,
        "time_stop_bars": 122,
        "rsi_required": true,
        "use_adx": true,
        "adx": 20.0,
        "use_atr": true,
        "atr_range": [
          0.0015,
          0.06
        ]
      }
    },
    "slippage": 0.0008,
    "select_top_k": 3,
    "aggregate_params": "median",
    "objective": "multi",
    "wfo_folds": 5,
    "embargo_bars": 2,
    "use_ml": false,
    "ml_thresh": 0.0
  },
  "guardrails": {
    "max_dd_pct_allowed": 0.04,
    "min_trades_lookback": 75,
    "daily_loss_limit_pct": 0.03,
    "cooldown_bars": 20,
    "fill_timing": "next_open",
    "bar_priority": "stop_first",
    "session_hours": [
      0,
      24
    ],
    "include_hours": [
      16,
      18,
      19,
      22,
      23
    ],
    "consec_loss_lockout": [
      0,
      0
    ],
    "sides": "long"
  },
  "regime": {
    "enabled": false,
    "fast": 50,
    "slow": 200,
    "band": 0.006,
    "overrides": {
      "bull": {
        "allowed_sides": [
          "long",
          "short"
        ],
        "mode": "mean_reversion",
        "bb_std_mult": 2.0169431746748376,
        "tp_mult": 1.9194251920826044,
        "tsl_mult": 0.6891458682949287,
        "time_stop_bars": 214,
        "rsi_required": false,
        "use_adx": true,
        "adx": 18.0,
        "use_atr": true,
        "atr_range": [
          0.0008,
          0.06
        ]
      },
      "sideways": {
        "allowed_sides": [
          "long",
          "short"
        ],
        "mode": "breakout",
        "bb_std_mult": 1.5828092896467827,
        "tp_mult": 2.341879695778944,
        "tsl_mult": 0.651967765830165,
        "time_stop_bars": 235,
        "rsi_required": true,
        "use_adx": true,
        "adx": 15.0,
        "use_atr": true,
        "atr_range": [
          0.001,
          0.14
        ]
      },
      "bear": {
        "allowed_sides": [
          "long",
          "short"
        ],
        "mode": "breakout",
        "bb_std_mult": 1.2571599337995167,
        "tp_mult": 1.7149673432024581,
        "tsl_mult": 0.25,
        "time_stop_bars": 122,
        "rsi_required": true,
        "use_adx": true,
        "adx": 20.0,
        "use_atr": true,
        "atr_range": [
          0.0015,
          0.06
        ]
      }
    }
  },
  "run_config": {
    "trials": 1000,
    "n_jobs": 1,
    "seed": 21,
    "objective": "multi",
    "multi_objective": true,
    "train_frac": 0.6,
    "wfo_folds": 5,
    "embargo_bars": 2,
    "select_top_k": 3,
    "aggregate_params": "median",
    "start_equity": 20000.0,
    "fee": 0.0004,
    "fixed_slippage": 0.0008,
    "min_slippage": 0.0,
    "fill_timing": "next_open",
    "bar_priority": "stop_first",
    "session_start": 0,
    "session_end": 24,
    "include_hours": "16,18,19,22,23",
    "sides": "long",
    "regime_adapt": false,
    "regime_fast": 50,
    "regime_slow": 200,
    "regime_band": 0.0,
    "round_exits": true,
    "stop_extra_slip": 0.0
  },
  "metrics_consistent": {
    "return_pct_train_consistent": 0.011642089934524917,
    "return_pct_test_consistent": -0.006806562383585334,
    "suspicious_run": false
  }
}