{
  "created_at": "2025-09-01T10:27:14.473955+00:00",
  "objective": "multi",
  "selection": {
    "dd_cap_pct": 0.3,
    "best_trial": 1677,
    "top_k": 1,
    "top_trials": [
      1677
    ]
  },
  "train_bars": 1131150,
  "test_bars": 484694,
  "train_metrics": {
    "pnl": 79.82920148069579,
    "return_pct": 0.003991460074034947,
    "trades": 28,
    "win_rate": 0.5357142857142857,
    "avg_trade": 2.8510429100248493,
    "avg_trade_pct": 0.00014246811917162928,
    "max_drawdown": -22.994296683224093,
    "max_drawdown_pct": -0.0011466597084439482,
    "final_equity": 20079.829201480698,
    "wins": 15,
    "losses": 13
  },
  "test_metrics": {
    "pnl": 17.348715295774582,
    "return_pct": 0.0008674357647886488,
    "trades": 16,
    "win_rate": 0.25,
    "avg_trade": 1.0842947059859114,
    "avg_trade_pct": 5.454329540819694e-05,
    "max_drawdown": -20.93908890478633,
    "max_drawdown_pct": -0.0010473287758967814,
    "final_equity": 20017.348715295775,
    "wins": 4,
    "losses": 12
  },
  "params": {
    "p_sma": 11,
    "p_std": 31,
    "p_atr": 13,
    "p_adx": 9,
    "rsi_period": 38,
    "ema1": 8,
    "ema2": 18,
    "slip_atr_k": 0.029795335433842274,
    "slip_spread_k": 0.6349155815008364,
    "spread_hl_frac": 9.219664748370132e-05,
    "bb_std_mult": 3.546109182834008,
    "rsi_os": 33,
    "rsi_ob": 63,
    "vol_spike": 0.25147105139879605,
    "adx_thresh": 15.271178936483434,
    "atr_min_pct": 0.0054867449190833875,
    "atr_max_pct": 0.10028893260878997,
    "tp_mult": 1.0146693001551879,
    "tsl_mult": 0.4520142877190523,
    "strategy": "breakout",
    "time_stop": 23,
    "use_sma": true,
    "use_atr": true,
    "use_adx": true,
    "use_ema": true,
    "use_spike": false,
    "rsi_required": false,
    "edge_k": 1.253497739772438,
    "edge_cap": 0.8082877378186686,
    "bull_strategy": "mean_reversion",
    "bull_bb_std_mult": 2.544220342955054,
    "bull_rsi_os": 14,
    "bull_rsi_ob": 85,
    "bull_adx_thresh": 33.579728349456104,
    "bull_atr_min_pct": 0.02065534798002457,
    "bull_atr_max_pct": 0.10981207180891313,
    "bull_tp_mult": 2.6458464117251466,
    "bull_tsl_mult": 0.19045221884895464,
    "bull_time_stop": 266,
    "bull_use_sma": false,
    "bull_use_ema": false,
    "bull_use_atr": true,
    "bull_use_adx": false,
    "bull_use_spike": false,
    "bull_rsi_required": false,
    "bear_strategy": "breakout",
    "bear_bb_std_mult": 2.1981898420529133,
    "bear_rsi_os": 10,
    "bear_rsi_ob": 50,
    "bear_adx_thresh": 14.502539244508778,
    "bear_atr_min_pct": 0.005551068426357421,
    "bear_atr_max_pct": 0.012045731672268134,
    "bear_tp_mult": 2.1202608180339113,
    "bear_tsl_mult": 0.7872397899911229,
    "bear_time_stop": 166,
    "bear_use_sma": true,
    "bear_use_ema": false,
    "bear_use_atr": true,
    "bear_use_adx": false,
    "bear_use_spike": false,
    "bear_rsi_required": true,
    "sideways_strategy": "breakout",
    "sideways_bb_std_mult": 2.8245559495470633,
    "sideways_rsi_os": 29,
    "sideways_rsi_ob": 72,
    "sideways_adx_thresh": 12.816716333497535,
    "sideways_atr_min_pct": 0.016709928534701938,
    "sideways_atr_max_pct": 0.13290612334402896,
    "sideways_tp_mult": 2.6010671067311386,
    "sideways_tsl_mult": 0.4780820634522146,
    "sideways_time_stop": 180,
    "sideways_use_sma": false,
    "sideways_use_ema": true,
    "sideways_use_atr": true,
    "sideways_use_adx": false,
    "sideways_use_spike": true,
    "sideways_rsi_required": false,
    "fee": 0.0005,
    "rsi_key": "rsi38",
    "start_equity": 20000.0,
    "risk_per_trade": 0.03,
    "risk_stop_atr_mult": 1.0,
    "risk_min_stop_frac": 0.001,
    "daily_loss_limit_pct": 0.1,
    "cooldown_bars": 30,
    "fill_timing": "next_open",
    "bar_priority": "stop_first",
    "session_start": 0,
    "session_end": 24,
    "include_hours_set": "{14, 15, 16, 17, 18, 19, 20, 22}",
    "max_consec_losses": 7,
    "lockout_bars": 100,
    "proba_temp": 1.0,
    "participation_cap": 1.0,
    "price_step": 0.0001,
    "qty_step": 0.0001,
    "min_notional": 5.0,
    "max_notional_pct_equity": 1.0,
    "sides": "long",
    "regime_adapt": true,
    "regime_fast": 50,
    "regime_slow": 200,
    "regime_band": 0.006,
    "round_exits": true,
    "stop_extra_slip": 0.0,
    "regime_overrides": {
      "bull": {
        "allowed_sides": [
          "long",
          "short"
        ],
        "mode": "mean_reversion",
        "bb_std_mult": 2.0169431746748376,
        "tp_mult": 1.9194251920826044,
        "tsl_mult": 0.6891458682949287,
        "time_stop_bars": 214,
        "rsi_required": false,
        "use_adx": true,
        "adx": 18.0,
        "use_atr": true,
        "atr_range": [
          0.0008,
          0.06
        ]
      },
      "sideways": {
        "allowed_sides": [
          "long",
          "short"
        ],
        "mode": "breakout",
        "bb_std_mult": 1.5828092896467827,
        "tp_mult": 2.341879695778944,
        "tsl_mult": 0.651967765830165,
        "time_stop_bars": 235,
        "rsi_required": true,
        "use_adx": true,
        "adx": 15.0,
        "use_atr": true,
        "atr_range": [
          0.001,
          0.14
        ]
      },
      "bear": {
        "allowed_sides": [
          "long",
          "short"
        ],
        "mode": "breakout",
        "bb_std_mult": 1.2571599337995167,
        "tp_mult": 1.7149673432024581,
        "tsl_mult": 0.25,
        "time_stop_bars": 122,
        "rsi_required": true,
        "use_adx": true,
        "adx": 20.0,
        "use_atr": true,
        "atr_range": [
          0.0015,
          0.06
        ]
      }
    },
    "slippage": 0.0004,
    "select_top_k": 1,
    "aggregate_params": "median",
    "objective": "multi",
    "wfo_folds": 6,
    "embargo_bars": 150,
    "use_ml": false,
    "ml_thresh": 0.0
  },
  "guardrails": {
    "max_dd_pct_allowed": 0.3,
    "min_trades_lookback": 100,
    "daily_loss_limit_pct": 0.1,
    "cooldown_bars": 30,
    "fill_timing": "next_open",
    "bar_priority": "stop_first",
    "session_hours": [
      0,
      24
    ],
    "include_hours": [
      14,
      15,
      16,
      17,
      18,
      19,
      20,
      22
    ],
    "consec_loss_lockout": [
      7,
      100
    ],
    "sides": "long"
  },
  "regime": {
    "enabled": true,
    "fast": 50,
    "slow": 200,
    "band": 0.006,
    "overrides": {
      "bull": {
        "allowed_sides": [
          "long",
          "short"
        ],
        "mode": "mean_reversion",
        "bb_std_mult": 2.0169431746748376,
        "tp_mult": 1.9194251920826044,
        "tsl_mult": 0.6891458682949287,
        "time_stop_bars": 214,
        "rsi_required": false,
        "use_adx": true,
        "adx": 18.0,
        "use_atr": true,
        "atr_range": [
          0.0008,
          0.06
        ]
      },
      "sideways": {
        "allowed_sides": [
          "long",
          "short"
        ],
        "mode": "breakout",
        "bb_std_mult": 1.5828092896467827,
        "tp_mult": 2.341879695778944,
        "tsl_mult": 0.651967765830165,
        "time_stop_bars": 235,
        "rsi_required": true,
        "use_adx": true,
        "adx": 15.0,
        "use_atr": true,
        "atr_range": [
          0.001,
          0.14
        ]
      },
      "bear": {
        "allowed_sides": [
          "long",
          "short"
        ],
        "mode": "breakout",
        "bb_std_mult": 1.2571599337995167,
        "tp_mult": 1.7149673432024581,
        "tsl_mult": 0.25,
        "time_stop_bars": 122,
        "rsi_required": true,
        "use_adx": true,
        "adx": 20.0,
        "use_atr": true,
        "atr_range": [
          0.0015,
          0.06
        ]
      }
    }
  },
  "run_config": {
    "trials": 2000,
    "n_jobs": 4,
    "seed": 912,
    "objective": "multi",
    "multi_objective": true,
    "train_frac": 0.7,
    "wfo_folds": 6,
    "embargo_bars": 150,
    "select_top_k": 1,
    "aggregate_params": "median",