{
  "created_at": "2025-08-31T13:23:27.554309+00:00",
  "objective": "multi",
  "selection": {
    "dd_cap_pct": 0.35,
    "best_trial": 343,
    "top_k": 1,
    "top_trials": [
      343
    ]
  },
  "train_bars": 1131150,
  "test_bars": 484694,
  "train_metrics": {
    "pnl": -9.129342753989862,
    "return_pct": -0.0004564671376994234,
    "trades": 1,
    "win_rate": 0.0,
    "avg_trade": -9.129342753989862,
    "avg_trade_pct": -0.0004564671376994931,
    "max_drawdown": 0.0,
    "max_drawdown_pct": 0.0,
    "final_equity": 19990.87065724601,
    "wins": 0,
    "losses": 1
  },
  "test_metrics": {
    "pnl": 74.48829170749045,
    "return_pct": 0.003724414585374536,
    "trades": 3,
    "win_rate": 0.6666666666666666,
    "avg_trade": 24.82943056916348,
    "avg_trade_pct": 0.0012407463211853622,
    "max_drawdown": -8.877908367281634,
    "max_drawdown_pct": -0.0004420528052338448,
    "final_equity": 20074.48829170749,
    "wins": 2,
    "losses": 1
  },
  "params": {
    "p_sma": 42,
    "p_std": 14,
    "p_atr": 20,
    "p_adx": 13,
    "rsi_period": 42,
    "ema1": 21,
    "ema2": 51,
    "slip_atr_k": 0.05587076525069505,
    "slip_spread_k": 0.05374407045505333,
    "spread_hl_frac": 0.013003699089124441,
    "bb_std_mult": 2.789162345441488,
    "rsi_os": 39,
    "rsi_ob": 77,
    "vol_spike": 0.2566229830468255,
    "adx_thresh": 16.36309773717999,
    "atr_min_pct": 0.016734644862751093,
    "atr_max_pct": 0.14700142677813274,
    "tp_mult": 2.0585792694076477,
    "tsl_mult": 0.8266394783621556,
    "strategy": "breakout",
    "time_stop": 19,
    "use_sma": false,
    "use_atr": false,
    "use_adx": false,
    "use_ema": true,
    "use_spike": true,
    "rsi_required": true,
    "edge_k": 1.180470646227673,
    "edge_cap": 0.4657524304490381,
    "bull_strategy": "mean_reversion",
    "bull_bb_std_mult": 2.3143726318455364,
    "bull_rsi_os": 35,
    "bull_rsi_ob": 47,
    "bull_adx_thresh": 18.83987632152806,
    "bull_atr_min_pct": 0.01060255353476354,
    "bull_atr_max_pct": 0.07524747759178715,
    "bull_tp_mult": 1.2410377853208354,
    "bull_tsl_mult": 0.32289632459366147,
    "bull_time_stop": 195,
    "bull_use_sma": true,
    "bull_use_ema": true,
    "bull_use_atr": true,
    "bull_use_adx": true,
    "bull_use_spike": false,
    "bull_rsi_required": false,
    "bear_strategy": "mean_reversion",
    "bear_bb_std_mult": 2.25177915726787,
    "bear_rsi_os": 40,
    "bear_rsi_ob": 53,
    "bear_adx_thresh": 31.13360226393805,
    "bear_atr_min_pct": 0.02304293891001123,
    "bear_atr_max_pct": 0.13030412059761814,
    "bear_tp_mult": 1.1154607437750845,
    "bear_tsl_mult": 0.3152453962483175,
    "bear_time_stop": 45,
    "bear_use_sma": true,
    "bear_use_ema": true,
    "bear_use_atr": false,
    "bear_use_adx": false,
    "bear_use_spike": false,
    "bear_rsi_required": false,
    "sideways_strategy": "breakout",
    "sideways_bb_std_mult": 1.1937439172574098,
    "sideways_rsi_os": 44,
    "sideways_rsi_ob": 45,
    "sideways_adx_thresh": 23.857296278232834,
    "sideways_atr_min_pct": 0.007133122612071909,
    "sideways_atr_max_pct": 0.06123861272944784,
    "sideways_tp_mult": 2.4884073611695223,
    "sideways_tsl_mult": 0.6414421614302077,
    "sideways_time_stop": 104,
    "sideways_use_sma": false,
    "sideways_use_ema": true,
    "sideways_use_atr": false,
    "sideways_use_adx": true,
    "sideways_use_spike": true,
    "sideways_rsi_required": false,
    "fee": 0.001,
    "rsi_key": "rsi42",
    "start_equity": 20000.0,
    "risk_per_trade": 0.03,
    "risk_stop_atr_mult": 1.0,
    "risk_min_stop_frac": 0.001,
    "daily_loss_limit_pct": 0.12,
    "cooldown_bars": 30,
    "fill_timing": "next_open",
    "bar_priority": "stop_first",
    "session_start": 0,
    "session_end": 24,
    "include_hours_set": "{0, 1, 2, 3}",
    "max_consec_losses": 7,
    "lockout_bars": 100,
    "proba_temp": 1.0,
    "participation_cap": 1.0,
    "price_step": 0.0001,
    "qty_step": 0.0001,
    "min_notional": 5.0,
    "max_notional_pct_equity": 1.0,
    "sides": "short",
    "regime_adapt": true,
    "regime_fast": 50,
    "regime_slow": 200,
    "regime_band": 0.006,
    "round_exits": true,
    "stop_extra_slip": 0.0,
    "regime_overrides": {
      "bull": {
        "allowed_sides": [
          "long",
          "short"
        ],
        "mode": "mean_reversion",
        "bb_std_mult": 2.0169431746748376,
        "tp_mult": 1.9194251920826044,
        "tsl_mult": 0.6891458682949287,
        "time_stop_bars": 214,
        "rsi_required": false,
        "use_adx": true,
        "adx": 18.0,
        "use_atr": true,
        "atr_range": [
          0.0008,
          0.06
        ]
      },
      "sideways": {
        "allowed_sides": [
          "long",
          "short"
        ],
        "mode": "breakout",
        "bb_std_mult": 1.5828092896467827,
        "tp_mult": 2.341879695778944,
        "tsl_mult": 0.651967765830165,
        "time_stop_bars": 235,
        "rsi_required": true,
        "use_adx": true,
        "adx": 15.0,
        "use_atr": true,
        "atr_range": [
          0.001,
          0.14
        ]
      },
      "bear": {
        "allowed_sides": [
          "long",
          "short"
        ],
        "mode": "breakout",
        "bb_std_mult": 1.2571599337995167,
        "tp_mult": 1.7149673432024581,
        "tsl_mult": 0.25,
        "time_stop_bars": 122,
        "rsi_required": true,
        "use_adx": true,
        "adx": 20.0,
        "use_atr": true,
        "atr_range": [
          0.0015,
          0.06
        ]
      }
    },
    "slippage": 0.0006,
    "select_top_k": 1,
    "aggregate_params": "median",
    "objective": "multi",
    "wfo_folds": 6,
    "embargo_bars": 150,
    "use_ml": false,
    "ml_thresh": 0.0
  },
  "guardrails": {
    "max_dd_pct_allowed": 0.35,
    "min_trades_lookback": 100,
    "daily_loss_limit_pct": 0.12,
    "cooldown_bars": 30,
    "fill_timing": "next_open",
    "bar_priority": "stop_first",
    "session_hours": [
      0,
      24
    ],
    "include_hours": [
      0,
      1,
      2,
      3
    ],
    "consec_loss_lockout": [
      7,
      100
    ],
    "sides": "short"
  },
  "regime": {
    "enabled": true,
    "fast": 50,
    "slow": 200,
    "band": 0.006,
    "overrides": {
      "bull": {
        "allowed_sides": [
          "long",
          "short"
        ],
        "mode": "mean_reversion",
        "bb_std_mult": 2.0169431746748376,
        "tp_mult": 1.9194251920826044,
        "tsl_mult": 0.6891458682949287,
        "time_stop_bars": 214,
        "rsi_required": false,
        "use_adx": true,
        "adx": 18.0,
        "use_atr": true,
        "atr_range": [
          0.0008,
          0.06
        ]
      },
      "sideways": {
        "allowed_sides": [
          "long",
          "short"
        ],
        "mode": "breakout",
        "bb_std_mult": 1.5828092896467827,
        "tp_mult": 2.341879695778944,
        "tsl_mult": 0.651967765830165,
        "time_stop_bars": 235,
        "rsi_required": true,
        "use_adx": true,
        "adx": 15.0,
        "use_atr": true,
        "atr_range": [
          0.001,
          0.14
        ]
      },
      "bear": {
        "allowed_sides": [
          "long",
          "short"
        ],
        "mode": "breakout",
        "bb_std_mult": 1.2571599337995167,
        "tp_mult": 1.7149673432024581,
        "tsl_mult": 0.25,
        "time_stop_bars": 122,
        "rsi_required": true,
        "use_adx": true,
        "adx": 20.0,
        "use_atr": true,
        "atr_range": [
          0.0015,
          0.06
        ]
      }
    }
  },
  "run_config": {
    "trials": 2000,
    "n_jobs": 4,
    "seed": 911,
    "objective": "multi",
    "multi_objective": true,
    "train_frac": 0.7,
    "wfo_folds": 6,
    "embargo_bars": 150,
    "select_top_k": 1,
    "aggregate_params": "median",
    "start_equity": 20000.0,
    "fee": 0.001,
    "fixed_slippage": 0.0006,
    "min_slippage": 0.0,