{
  "created_at": "2025-09-01T04:19:42.424029+00:00",
  "objective": "multi",
  "selection": {
    "dd_cap_pct": 0.35,
    "best_trial": 580,
    "top_k": 1,
    "top_trials": [
      580
    ]
  },
  "train_bars": 1131150,
  "test_bars": 484694,
  "train_metrics": {
    "pnl": 0.0,
    "return_pct": 0.0,
    "trades": 0,
    "win_rate": 0.0,
    "avg_trade": 0.0,
    "avg_trade_pct": 0.0,
    "max_drawdown": 0.0,
    "max_drawdown_pct": 0.0,
    "final_equity": 20000.0,
    "wins": 0,
    "losses": 0
  },
  "test_metrics": {
    "pnl": 0.0,
    "return_pct": 0.0,
    "trades": 0,
    "win_rate": 0.0,
    "avg_trade": 0.0,
    "avg_trade_pct": 0.0,
    "max_drawdown": 0.0,
    "max_drawdown_pct": 0.0,
    "final_equity": 20000.0,
    "wins": 0,
    "losses": 0
  },
  "params": {
    "p_sma": 30,
    "p_std": 42,
    "p_atr": 19,
    "p_adx": 9,
    "rsi_period": 29,
    "ema1": 8,
    "ema2": 58,
    "slip_atr_k": 0.05125504641745547,
    "slip_spread_k": 0.5168266076034814,
    "spread_hl_frac": 0.03628935395014063,
    "bb_std_mult": 1.6691836579615873,
    "rsi_os": 15,
    "rsi_ob": 87,
    "vol_spike": 0.0504398896955403,
    "adx_thresh": 7.450072297107743,
    "atr_min_pct": 0.029504494791974575,
    "atr_max_pct": 0.062288530359901964,
    "tp_mult": 2.3750402924203886,
    "tsl_mult": 0.21440719786615528,
    "strategy": "mean_reversion",
    "time_stop": 229,
    "use_sma": false,
    "use_atr": true,
    "use_adx": true,
    "use_ema": false,
    "use_spike": false,
    "rsi_required": true,
    "edge_k": 0.9166683207822199,
    "edge_cap": 0.0514994350209389,
    "bull_strategy": "mean_reversion",
    "bull_bb_std_mult": 2.485542095744753,
    "bull_rsi_os": 37,
    "bull_rsi_ob": 67,
    "bull_adx_thresh": 15.981562554914397,
    "bull_atr_min_pct": 0.009354086622312645,
    "bull_atr_max_pct": 0.12206963083158778,
    "bull_tp_mult": 1.1031732960541702,
    "bull_tsl_mult": 0.8085329603911869,
    "bull_time_stop": 253,
    "bull_use_sma": false,
    "bull_use_ema": true,
    "bull_use_atr": false,
    "bull_use_adx": true,
    "bull_use_spike": true,
    "bull_rsi_required": true,
    "bear_strategy": "mean_reversion",
    "bear_bb_std_mult": 2.882224590769353,
    "bear_rsi_os": 42,
    "bear_rsi_ob": 84,
    "bear_adx_thresh": 15.180612894456482,
    "bear_atr_min_pct": 0.006550395107502544,
    "bear_atr_max_pct": 0.010240526678990544,
    "bear_tp_mult": 1.9902444155120265,
    "bear_tsl_mult": 0.23350976826705294,
    "bear_time_stop": 52,
    "bear_use_sma": true,
    "bear_use_ema": true,
    "bear_use_atr": false,
    "bear_use_adx": false,
    "bear_use_spike": true,
    "bear_rsi_required": false,
    "sideways_strategy": "breakout",
    "sideways_bb_std_mult": 1.0610008441260477,
    "sideways_rsi_os": 44,
    "sideways_rsi_ob": 60,
    "sideways_adx_thresh": 18.469791614315735,
    "sideways_atr_min_pct": 0.007832988066416607,
    "sideways_atr_max_pct": 0.06497342442500875,
    "sideways_tp_mult": 2.466648100064742,
    "sideways_tsl_mult": 0.263181516822494,
    "sideways_time_stop": 241,
    "sideways_use_sma": false,
    "sideways_use_ema": false,
    "sideways_use_atr": true,
    "sideways_use_adx": true,
    "sideways_use_spike": true,
    "sideways_rsi_required": true,
    "fee": 0.001,
    "rsi_key": "rsi29",
    "start_equity": 20000.0,
    "risk_per_trade": 0.03,
    "risk_stop_atr_mult": 1.0,
    "risk_min_stop_frac": 0.001,
    "daily_loss_limit_pct": 0.12,
    "cooldown_bars": 30,
    "fill_timing": "next_open",
    "bar_priority": "stop_first",
    "session_start": 0,
    "session_end": 24,
    "include_hours_set": "{0, 1, 2, 3, 14, 15, 16, 17, 18, 19, 20, 22}",
    "max_consec_losses": 7,
    "lockout_bars": 100,
    "proba_temp": 1.0,
    "participation_cap": 1.0,
    "price_step": 0.0001,
    "qty_step": 0.0001,
    "min_notional": 5.0,
    "max_notional_pct_equity": 1.0,
    "sides": "short",
    "regime_adapt": true,
    "regime_fast": 50,
    "regime_slow": 200,
    "regime_band": 0.006,
    "round_exits": true,
    "stop_extra_slip": 0.0,
    "regime_overrides": {
      "bull": {
        "allowed_sides": [
          "long",
          "short"
        ],
        "mode": "mean_reversion",
        "bb_std_mult": 2.0169431746748376,
        "tp_mult": 1.9194251920826044,
        "tsl_mult": 0.6891458682949287,
        "time_stop_bars": 214,
        "rsi_required": false,
        "use_adx": true,
        "adx": 18.0,
        "use_atr": true,
        "atr_range": [
          0.0008,
          0.06
        ]
      },
      "sideways": {
        "allowed_sides": [
          "long",
          "short"
        ],
        "mode": "breakout",
        "bb_std_mult": 1.5828092896467827,
        "tp_mult": 2.341879695778944,
        "tsl_mult": 0.651967765830165,
        "time_stop_bars": 235,
        "rsi_required": true,
        "use_adx": true,
        "adx": 15.0,
        "use_atr": true,
        "atr_range": [
          0.001,
          0.14
        ]
      },
      "bear": {
        "allowed_sides": [
          "long",
          "short"
        ],
        "mode": "breakout",
        "bb_std_mult": 1.2571599337995167,
        "tp_mult": 1.7149673432024581,
        "tsl_mult": 0.25,
        "time_stop_bars": 122,
        "rsi_required": true,
        "use_adx": true,
        "adx": 20.0,
        "use_atr": true,
        "atr_range": [
          0.0015,
          0.06
        ]
      }
    },
    "slippage": 0.0006,
    "select_top_k": 1,
    "aggregate_params": "median",
    "objective": "multi",
    "wfo_folds": 6,
    "embargo_bars": 150,
    "use_ml": false,
    "ml_thresh": 0.0
  },
  "guardrails": {
    "max_dd_pct_allowed": 0.35,
    "min_trades_lookback": 120,
    "daily_loss_limit_pct": 0.12,
    "cooldown_bars": 30,
    "fill_timing": "next_open",
    "bar_priority": "stop_first",
    "session_hours": [
      0,
      24
    ],
    "include_hours": [
      0,
      1,
      2,
      3,
      14,
      15,
      16,
      17,
      18,
      19,
      20,
      22
    ],
    "consec_loss_lockout": [
      7,
      100
    ],
    "sides": "short"
  },
  "regime": {
    "enabled": true,
    "fast": 50,
    "slow": 200,
    "band": 0.006,
    "overrides": {
      "bull": {
        "allowed_sides": [
          "long",
          "short"
        ],
        "mode": "mean_reversion",
        "bb_std_mult": 2.0169431746748376,
        "tp_mult": 1.9194251920826044,
        "tsl_mult": 0.6891458682949287,
        "time_stop_bars": 214,
        "rsi_required": false,
        "use_adx": true,
        "adx": 18.0,
        "use_atr": true,
        "atr_range": [
          0.0008,
          0.06
        ]
      },
      "sideways": {
        "allowed_sides": [
          "long",
          "short"
        ],
        "mode": "breakout",
        "bb_std_mult": 1.5828092896467827,
        "tp_mult": 2.341879695778944,
        "tsl_mult": 0.651967765830165,
        "time_stop_bars": 235,
        "rsi_required": true,
        "use_adx": true,
        "adx": 15.0,
        "use_atr": true,
        "atr_range": [
          0.001,
          0.14
        ]
      },
      "bear": {
        "allowed_sides": [
          "long",
          "short"
        ],
        "mode": "breakout",
        "bb_std_mult": 1.2571599337995167,
        "tp_mult": 1.7149673432024581,
        "tsl_mult": 0.25,
        "time_stop_bars": 122,
        "rsi_required": true,
        "use_adx": true,
        "adx": 20.0,
        "use_atr": true,
        "atr_range": [
          0.0015,
          0.06
        ]
      }
    }
  },
  "run_config": {
    "trials": 600,
    "n_jobs": 4,
    "seed": 913,
    "objective": "multi",
    "multi_objective": true,
    "train_frac": 0.7,
    "wfo_folds": 6,
    "embargo_bars": 150,
    "select_top_k": 1,
    "aggregate_params": "median",
    "start_equity": 20000.0,
    "fee": 0.001,
    "fixed_slippage": 0.0006,
    "min_slippage": 0.0,
    "fill_timing": "next_open",
    "bar_priority": "stop_first",