{
  "created_at": "2025-08-23T00:06:11.261676+00:00",
  "objective": "multi",
  "selection": {
    "dd_cap_pct": 0.04,
    "best_trial": 549,
    "top_k": 3,
    "top_trials": [
      549,
      895,
      966
    ]
  },
  "train_bars": 969686,
  "test_bars": 646458,
  "train_metrics": {
    "pnl": 22789.79616096005,
    "return_pct": 1.1394898080480047,
    "trades": 2101,
    "win_rate": 0.5102332222751071,
    "avg_trade": 10.847118591604021,
    "avg_trade_pct": 0.00036293572958864416,
    "max_drawdown": -328.4267029700204,
    "max_drawdown_pct": -0.008805950089477784,
    "final_equity": 42789.79616096009,
    "wins": 1072,
    "losses": 1029
  },
  "test_metrics": {
    "pnl": 8986.419942410042,
    "return_pct": 0.44932099712050144,
    "trades": 689,
    "win_rate": 0.5094339622641509,
    "avg_trade": 13.042699481001513,
    "avg_trade_pct": 0.0005401143804437198,
    "max_drawdown": -177.47341529000187,
    "max_drawdown_pct": -0.006597872587515586,
    "final_equity": 28986.41994241003,
    "wins": 351,
    "losses": 338
  },
  "params": {
    "atr_min_pct": 0.002477354467732414,
    "time_stop": 128,
    "ema2": 26,
    "use_adx": false,
    "rsi_os": 21,
    "strategy": "breakout",
    "adx_thresh": 9.562169877090863,
    "p_adx": 9,
    "use_sma": true,
    "ema1": 10,
    "p_std": 25,
    "vol_spike": 0.0230494574414378,
    "use_atr": true,
    "tsl_mult": 0.0005230658890490685,
    "bb_std_mult": 0.9507588928045752,
    "rsi_ob": 67,
    "atr_max_pct": 0.1322374250536628,
    "p_sma": 38,
    "edge_cap": 0.3558844001067496,
    "slip_atr_k": 0.004775922118303591,
    "use_spike": true,
    "rsi_period": 80,
    "spread_hl_frac": 0.02288920114016536,
    "tp_mult": 1.844219279221864,
    "slip_spread_k": 0.7749480485062229,
    "edge_k": 1.9649302912514446,
    "p_atr": 18,
    "use_ema": true,
    "rsi_required": false,
    "fee": 0.0,
    "rsi_key": "rsi80",
    "start_equity": 20000.0,
    "risk_per_trade": 0.3,
    "risk_stop_atr_mult": 1.0,
    "risk_min_stop_frac": 0.001,
    "daily_loss_limit_pct": 0.015,
    "cooldown_bars": 20,
    "fill_timing": "next_open",
    "bar_priority": "stop_first",
    "session_start": 0,
    "session_end": 24,
    "include_hours_set": "{16, 20, 22}",
    "max_consec_losses": 6,
    "lockout_bars": 120,
    "proba_temp": 1.0,
    "participation_cap": 1.0,
    "price_step": 0.0001,
    "qty_step": 0.0001,
    "min_notional": 5.0,
    "max_notional_pct_equity": 0.6,
    "sides": "both",
    "regime_adapt": false,
    "regime_fast": 50,
    "regime_slow": 200,
    "regime_band": 0.006,
    "round_exits": true,
    "stop_extra_slip": 0.0,
    "regime_overrides": {
      "bull": {
        "allowed_sides": [
          "long",
          "short"
        ],
        "mode": "mean_reversion",
        "bb_std_mult": 2.0169431746748376,
        "tp_mult": 1.9194251920826044,
        "tsl_mult": 0.6891458682949287,
        "time_stop_bars": 214,
        "rsi_required": false,
        "use_adx": true,
        "adx": 18.0,
        "use_atr": true,
        "atr_range": [
          0.0008,
          0.06
        ]
      },
      "sideways": {
        "allowed_sides": [
          "long",
          "short"
        ],
        "mode": "breakout",
        "bb_std_mult": 1.5828092896467827,
        "tp_mult": 2.341879695778944,
        "tsl_mult": 0.651967765830165,
        "time_stop_bars": 235,
        "rsi_required": true,
        "use_adx": true,
        "adx": 15.0,
        "use_atr": true,
        "atr_range": [
          0.001,
          0.14
        ]
      },
      "bear": {
        "allowed_sides": [
          "long",
          "short"
        ],
        "mode": "breakout",
        "bb_std_mult": 1.2571599337995167,
        "tp_mult": 1.7149673432024581,
        "tsl_mult": 0.25,
        "time_stop_bars": 122,
        "rsi_required": true,
        "use_adx": true,
        "adx": 20.0,
        "use_atr": true,
        "atr_range": [
          0.0015,
          0.06
        ]
      }
    },
    "slippage": 0.0006,
    "select_top_k": 3,
    "aggregate_params": "median",
    "objective": "multi",
    "wfo_folds": 3,
    "embargo_bars": 0,
    "use_ml": false,
    "ml_thresh": 0.0
  },
  "guardrails": {
    "max_dd_pct_allowed": 0.04,
    "min_trades_lookback": 75,
    "daily_loss_limit_pct": 0.015,
    "cooldown_bars": 20,
    "fill_timing": "next_open",
    "bar_priority": "stop_first",
    "session_hours": [
      0,
      24
    ],
    "include_hours": [
      16,
      20,
      22
    ],
    "consec_loss_lockout": [
      6,
      120
    ],
    "sides": "both"
  },
  "regime": {
    "enabled": false,
    "fast": 50,
    "slow": 200,
    "band": 0.006,
    "overrides": {
      "bull": {
        "allowed_sides": [
          "long",
          "short"
        ],
        "mode": "mean_reversion",
        "bb_std_mult": 2.0169431746748376,
        "tp_mult": 1.9194251920826044,
        "tsl_mult": 0.6891458682949287,
        "time_stop_bars": 214,
        "rsi_required": false,
        "use_adx": true,
        "adx": 18.0,
        "use_atr": true,
        "atr_range": [
          0.0008,
          0.06
        ]
      },
      "sideways": {
        "allowed_sides": [
          "long",
          "short"
        ],
        "mode": "breakout",
        "bb_std_mult": 1.5828092896467827,
        "tp_mult": 2.341879695778944,
        "tsl_mult": 0.651967765830165,
        "time_stop_bars": 235,
        "rsi_required": true,
        "use_adx": true,
        "adx": 15.0,
        "use_atr": true,
        "atr_range": [
          0.001,
          0.14
        ]
      },
      "bear": {
        "allowed_sides": [
          "long",
          "short"
        ],
        "mode": "breakout",
        "bb_std_mult": 1.2571599337995167,
        "tp_mult": 1.7149673432024581,
        "tsl_mult": 0.25,
        "time_stop_bars": 122,
        "rsi_required": true,
        "use_adx": true,
        "adx": 20.0,
        "use_atr": true,
        "atr_range": [
          0.0015,
          0.06
        ]
      }
    }
  },
  "run_config": {
    "trials": 1000,
    "n_jobs": 1,
    "seed": 7,
    "objective": "multi",
    "multi_objective": true,
    "train_frac": 0.6,
    "wfo_folds": 3,
    "embargo_bars": 0,
    "select_top_k": 3,
    "aggregate_params": "median",
    "start_equity": 20000.0,
    "fee": 0.0,
    "fixed_slippage": 0.0006,
    "min_slippage": 0.0,
    "fill_timing": "next_open",
    "bar_priority": "stop_first",
    "session_start": 0,
    "session_end": 24,
    "include_hours": "16,20,22",
    "sides": "both",
    "regime_adapt": false,
    "regime_fast": 50,
    "regime_slow": 200,
    "regime_band": 0.0,
    "round_exits": true,
    "stop_extra_slip": 0.0
  },
  "metrics_consistent": {
    "return_pct_train_consistent": 1.1394898080480025,
    "return_pct_test_consistent": 0.4493209971205021,
    "suspicious_run": false
  }
}