{
  "created_at": "2025-08-28T12:31:03.181503+00:00",
  "objective": "multi",
  "selection": {
    "dd_cap_pct": 0.2,
    "best_trial": 905,
    "top_k": 1,
    "top_trials": [
      905
    ]
  },
  "train_bars": 969686,
  "test_bars": 646458,
  "train_metrics": {
    "pnl": 145868.9381809495,
    "return_pct": 7.2934469090474625,
    "trades": 2791,
    "win_rate": 0.4926549623790756,
    "avg_trade": 52.26404091040828,
    "avg_trade_pct": 0.0007648023572194003,
    "max_drawdown": -3231.3546203617298,
    "max_drawdown_pct": -0.029724574352946533,
    "final_equity": 165868.93818094925,
    "wins": 1375,
    "losses": 1416
  },
  "test_metrics": {
    "pnl": 84349.91646188617,
    "return_pct": 4.217495823094305,
    "trades": 750,
    "win_rate": 0.5266666666666666,
    "avg_trade": 112.46655528251489,
    "avg_trade_pct": 0.002227276497368009,
    "max_drawdown": -2411.131164612496,
    "max_drawdown_pct": -0.02425225361187802,
    "final_equity": 104349.9164618861,
    "wins": 395,
    "losses": 355
  },
  "params": {
    "p_sma": 34,
    "p_std": 21,
    "p_atr": 24,
    "p_adx": 24,
    "rsi_period": 74,
    "ema1": 20,
    "ema2": 32,
    "slippage": 0.00010145027126726931,
    "slip_atr_k": 0.00015448602144420694,
    "slip_spread_k": 0.2538264219363337,
    "spread_hl_frac": 0.02744702710327245,
    "bb_std_mult": 0.8732657729567324,
    "rsi_os": 38,
    "rsi_ob": 90,
    "vol_spike": 0.25959055013202537,
    "adx_thresh": 13.637499171661768,
    "atr_min_pct": 0.004541983068446498,
    "atr_max_pct": 0.07062969936940117,
    "tp_mult": 1.0149822192530988,
    "tsl_mult": 0.00028026923368176283,
    "strategy": "breakout",
    "time_stop": 63,
    "use_sma": true,
    "use_atr": true,
    "use_adx": false,
    "use_ema": false,
    "use_spike": true,
    "rsi_required": false,
    "edge_k": 1.3103554491246094,
    "edge_cap": 0.8618740216756783,
    "fee": 0.001,
    "rsi_key": "rsi74",
    "start_equity": 20000.0,
    "risk_per_trade": 0.01,
    "risk_stop_atr_mult": 1.0,
    "risk_min_stop_frac": 0.001,
    "daily_loss_limit_pct": 0.03,
    "cooldown_bars": 20,
    "fill_timing": "next_open",
    "bar_priority": "stop_first",
    "session_start": 0,
    "session_end": 24,
    "include_hours_set": null,
    "max_consec_losses": 0,
    "lockout_bars": 0,
    "proba_temp": 1.0,
    "participation_cap": 0.2,
    "price_step": 0.0001,
    "qty_step": 0.0001,
    "min_notional": 5.0,
    "max_notional_pct_equity": 1.0,
    "sides": "both",
    "regime_adapt": false,
    "regime_fast": 50,
    "regime_slow": 200,
    "regime_band": 0.006,
    "round_exits": true,
    "stop_extra_slip": 0.0001,
    "regime_overrides": {
      "bull": {
        "allowed_sides": [
          "long",
          "short"
        ],
        "mode": "mean_reversion",
        "bb_std_mult": 2.0169431746748376,
        "tp_mult": 1.9194251920826044,
        "tsl_mult": 0.6891458682949287,
        "time_stop_bars": 214,
        "rsi_required": false,
        "use_adx": true,
        "adx": 18.0,
        "use_atr": true,
        "atr_range": [
          0.0008,
          0.06
        ]
      },
      "sideways": {
        "allowed_sides": [
          "long",
          "short"
        ],
        "mode": "breakout",
        "bb_std_mult": 1.5828092896467827,
        "tp_mult": 2.341879695778944,
        "tsl_mult": 0.651967765830165,
        "time_stop_bars": 235,
        "rsi_required": true,
        "use_adx": true,
        "adx": 15.0,
        "use_atr": true,
        "atr_range": [
          0.001,
          0.14
        ]
      },
      "bear": {
        "allowed_sides": [
          "long",
          "short"
        ],
        "mode": "breakout",
        "bb_std_mult": 1.2571599337995167,
        "tp_mult": 1.7149673432024581,
        "tsl_mult": 0.25,
        "time_stop_bars": 122,
        "rsi_required": true,
        "use_adx": true,
        "adx": 20.0,
        "use_atr": true,
        "atr_range": [
          0.0015,
          0.06
        ]
      }
    },
    "select_top_k": 1,
    "aggregate_params": "median",
    "objective": "multi",
    "wfo_folds": 5,
    "embargo_bars": 0,
    "use_ml": false,
    "ml_thresh": 0.0
  },
  "guardrails": {
    "max_dd_pct_allowed": 0.2,
    "min_trades_lookback": 5,
    "daily_loss_limit_pct": 0.03,
    "cooldown_bars": 20,
    "fill_timing": "next_open",
    "bar_priority": "stop_first",
    "session_hours": [
      0,
      24
    ],
    "include_hours": [],
    "consec_loss_lockout": [
      0,
      0
    ],
    "sides": "both"
  },
  "regime": {
    "enabled": false,
    "fast": 50,
    "slow": 200,
    "band": 0.006,
    "overrides": {
      "bull": {
        "allowed_sides": [
          "long",
          "short"
        ],
        "mode": "mean_reversion",
        "bb_std_mult": 2.0169431746748376,
        "tp_mult": 1.9194251920826044,
        "tsl_mult": 0.6891458682949287,
        "time_stop_bars": 214,
        "rsi_required": false,
        "use_adx": true,
        "adx": 18.0,
        "use_atr": true,
        "atr_range": [
          0.0008,
          0.06
        ]
      },
      "sideways": {
        "allowed_sides": [
          "long",
          "short"
        ],
        "mode": "breakout",
        "bb_std_mult": 1.5828092896467827,
        "tp_mult": 2.341879695778944,
        "tsl_mult": 0.651967765830165,
        "time_stop_bars": 235,
        "rsi_required": true,
        "use_adx": true,
        "adx": 15.0,
        "use_atr": true,
        "atr_range": [
          0.001,
          0.14
        ]
      },
      "bear": {
        "allowed_sides": [
          "long",
          "short"
        ],
        "mode": "breakout",
        "bb_std_mult": 1.2571599337995167,
        "tp_mult": 1.7149673432024581,
        "tsl_mult": 0.25,
        "time_stop_bars": 122,
        "rsi_required": true,
        "use_adx": true,
        "adx": 20.0,
        "use_atr": true,
        "atr_range": [
          0.0015,
          0.06
        ]
      }
    }
  },
  "run_config": {
    "trials": 1000,
    "n_jobs": 1,
    "seed": 1337,
    "objective": "multi",
    "multi_objective": true,
    "train_frac": 0.6,
    "wfo_folds": 5,
    "embargo_bars": 0,
    "select_top_k": 1,
    "aggregate_params": "median",
    "start_equity": 20000.0,
    "fee": 0.001,
    "fixed_slippage": null,
    "min_slippage": 0.0001,
    "fill_timing": "next_open",
    "bar_priority": "stop_first",
    "session_start": 0,
    "session_end": 24,
    "include_hours": null,
    "sides": "both",
    "regime_adapt": false,
    "regime_fast": 50,
    "regime_slow": 200,
    "regime_band": 0.0,
    "round_exits": true,
    "stop_extra_slip": 0.0001
  },
  "metrics_consistent": {
    "return_pct_train_consistent": 7.293446909047476,
    "return_pct_test_consistent": 4.217495823094309,
    "suspicious_run": true
  }
}