{
  "created_at": "2025-08-22T15:31:13.581317+00:00",
  "objective": "multi",
  "selection": {
    "dd_cap_pct": 0.03,
    "best_trial": 200,
    "top_k": 3,
    "top_trials": [
      200,
      237,
      18
    ]
  },
  "train_bars": 1131000,
  "test_bars": 484544,
  "train_metrics": {
    "pnl": -642.9359269200136,
    "return_pct": -0.032146796346000706,
    "trades": 1485,
    "win_rate": 0.2632996632996633,
    "avg_trade": -0.43295348614142326,
    "avg_trade_pct": -2.1979541267039823e-05,
    "max_drawdown": -1093.6580102300177,
    "max_drawdown_pct": -0.05354386021437846,
    "final_equity": 19357.064073079986,
    "wins": 391,
    "losses": 1094
  },
  "test_metrics": {
    "pnl": -719.9214378299987,
    "return_pct": -0.03599607189149989,
    "trades": 601,
    "win_rate": 0.16638935108153077,
    "avg_trade": -1.197872608702161,
    "avg_trade_pct": -6.098117016338439e-05,
    "max_drawdown": -719.1264363899973,
    "max_drawdown_pct": -0.035957751142696746,
    "final_equity": 19280.07856217,
    "wins": 100,
    "losses": 501
  },
  "params": {
    "use_atr": false,
    "edge_k": 1.1781572443155761,
    "use_adx": false,
    "slip_atr_k": 0.010756788286480174,
    "p_std": 31,
    "slip_spread_k": 0.046562923955691046,
    "rsi_ob": 77,
    "rsi_required": false,
    "adx_thresh": 13.743591734135489,
    "vol_spike": 0.21315719608008693,
    "use_sma": false,
    "rsi_period": 78,
    "atr_min_pct": 0.009925785636996216,
    "p_sma": 8,
    "p_adx": 16,
    "ema2": 22,
    "tp_mult": 1.8008634674453354,
    "edge_cap": 0.46172443296994875,
    "rsi_os": 15,
    "ema1": 22,
    "atr_max_pct": 0.1443698148765674,
    "use_ema": false,
    "time_stop": 124,
    "strategy": "breakout",
    "bb_std_mult": 0.9155207293267638,
    "tsl_mult": 0.8771813013861335,
    "use_spike": true,
    "spread_hl_frac": 0.030909636509886124,
    "p_atr": 25,
    "fee": 0.0,
    "rsi_key": "rsi78",
    "start_equity": 20000.0,
    "risk_per_trade": 0.0004,
    "risk_stop_atr_mult": 1.0,
    "risk_min_stop_frac": 0.001,
    "daily_loss_limit_pct": 0.005,
    "cooldown_bars": 180,
    "fill_timing": "next_open",
    "bar_priority": "stop_first",
    "session_start": 0,
    "session_end": 24,
    "include_hours_set": "{10, 11, 12, 13, 14, 15}",
    "max_consec_losses": 2,
    "lockout_bars": 90,
    "proba_temp": 1.0,
    "participation_cap": 0.1,
    "price_step": 0.0001,
    "qty_step": 0.0001,
    "min_notional": 5.0,
    "max_notional_pct_equity": 0.25,
    "sides": "long",
    "regime_adapt": true,
    "regime_fast": 50,
    "regime_slow": 200,
    "regime_band": 0.0,
    "round_exits": true,
    "stop_extra_slip": 0.0,
    "regime_overrides": {
      "bull": {
        "strategy": "mean_reversion",
        "bb_std_mult": 2.0169431746748376,
        "rsi_ob": 51,
        "rsi_os": 43,
        "tp_mult": 1.9194251920826044,
        "tsl_mult": 0.6891458682949287,
        "time_stop": 214,
        "use_ema": false,
        "use_adx": true,
        "use_atr": true,
        "rsi_required": false,
        "adx_thresh": 30.312193620918165,
        "atr_min_pct": 0.01765191613765407,
        "atr_max_pct": 0.05817423848665073
      },
      "sideways": {
        "strategy": "breakout",
        "bb_std_mult": 1.5828092896467827,
        "rsi_ob": 58,
        "rsi_os": 19,
        "tp_mult": 2.341879695778944,
        "tsl_mult": 0.651967765830165,
        "time_stop": 235,
        "use_ema": false,
        "use_adx": false,
        "use_atr": false,
        "rsi_required": true,
        "atr_min_pct": 0.015109626219893455,
        "atr_max_pct": 0.13630943049822583
      },
      "bear": {
        "strategy": "breakout",
        "bb_std_mult": 1.2571599337995167,
        "rsi_ob": 70,
        "rsi_os": 52,
        "tp_mult": 1.7149673432024581,
        "tsl_mult": 0.0004102131455224567,
        "time_stop": 122,
        "use_ema": false,
        "use_adx": false,
        "use_atr": false,
        "rsi_required": false,
        "adx_thresh": 31.238766665127454,
        "atr_min_pct": 0.026767463670604112,
        "atr_max_pct": 0.042481859768843486
      }
    },
    "slippage": 0.0006,
    "select_top_k": 3,
    "aggregate_params": "median",
    "objective": "multi",
    "wfo_folds": 8,
    "embargo_bars": 300,
    "use_ml": false,
    "ml_thresh": 0.0
  },
  "guardrails": {
    "max_dd_pct_allowed": 0.03,
    "min_trades_lookback": 75,
    "daily_loss_limit_pct": 0.005,
    "cooldown_bars": 180,
    "fill_timing": "next_open",
    "bar_priority": "stop_first",
    "session_hours": [
      0,
      24
    ],
    "include_hours": [
      10,
      11,
      12,
      13,
      14,
      15
    ],
    "consec_loss_lockout": [
      2,
      90
    ],
    "sides": "long"
  },
  "regime": {
    "enabled": true,
    "fast": 50,
    "slow": 200,
    "band": 0.0,
    "overrides": {
      "bull": {
        "strategy": "mean_reversion",
        "bb_std_mult": 2.0169431746748376,
        "rsi_ob": 51,
        "rsi_os": 43,
        "tp_mult": 1.9194251920826044,
        "tsl_mult": 0.6891458682949287,
        "time_stop": 214,
        "use_ema": false,
        "use_adx": true,
        "use_atr": true,
        "rsi_required": false,
        "adx_thresh": 30.312193620918165,
        "atr_min_pct": 0.01765191613765407,
        "atr_max_pct": 0.05817423848665073
      },
      "sideways": {
        "strategy": "breakout",
        "bb_std_mult": 1.5828092896467827,
        "rsi_ob": 58,
        "rsi_os": 19,
        "tp_mult": 2.341879695778944,
        "tsl_mult": 0.651967765830165,
        "time_stop": 235,
        "use_ema": false,
        "use_adx": false,
        "use_atr": false,
        "rsi_required": true,
        "atr_min_pct": 0.015109626219893455,
        "atr_max_pct": 0.13630943049822583
      },
      "bear": {
        "strategy": "breakout",
        "bb_std_mult": 1.2571599337995167,
        "rsi_ob": 70,
        "rsi_os": 52,
        "tp_mult": 1.7149673432024581,
        "tsl_mult": 0.0004102131455224567,
        "time_stop": 122,
        "use_ema": false,
        "use_adx": false,
        "use_atr": false,
        "rsi_required": false,
        "adx_thresh": 31.238766665127454,
        "atr_min_pct": 0.026767463670604112,
        "atr_max_pct": 0.042481859768843486
      }
    }
  },
  "run_config": {
    "trials": 300,
    "n_jobs": 4,
    "seed": 101,
    "objective": "multi",
    "multi_objective": true,
    "train_frac": 0.7,
    "wfo_folds": 8,
    "embargo_bars": 300,
    "select_top_k": 3,
    "aggregate_params": "median",
    "start_equity": 20000.0,
    "fee": 0.0,
    "fixed_slippage": 0.0006,
    "min_slippage": 0.0,
    "fill_timing": "next_open",
    "bar_priority": "stop_first",
    "session_start": 0,
    "session_end": 24,
    "include_hours": "10,11,12,13,14,15",
    "sides": "long",
    "regime_adapt": false,
    "regime_fast": 50,
    "regime_slow": 200,
    "regime_band": 0.0,
    "round_exits": true,
    "stop_extra_slip": 0.0
  },
  "metrics_consistent": {
    "return_pct_train_consistent": -0.03214679634600068,
    "return_pct_test_consistent": -0.035996071891499934,
    "suspicious_run": false
  }
}