{
  "created_at": "2025-08-23T10:34:05.653184+00:00",
  "objective": "multi",
  "selection": {
    "dd_cap_pct": 0.04,
    "best_trial": 474,
    "top_k": 3,
    "top_trials": [
      474,
      679,
      450
    ]
  },
  "train_bars": 969686,
  "test_bars": 646458,
  "train_metrics": {
    "pnl": 205924.45378278993,
    "return_pct": 10.296222689139535,
    "trades": 4508,
    "win_rate": 0.5452528837622005,
    "avg_trade": 45.679781229545235,
    "avg_trade_pct": 0.0005391032382717932,
    "max_drawdown": -927.959047070035,
    "max_drawdown_pct": -0.010315074166829228,
    "final_equity": 225924.4537827907,
    "wins": 2458,
    "losses": 2050
  },
  "test_metrics": {
    "pnl": 31938.989419500005,
    "return_pct": 1.5969494709750003,
    "trades": 963,
    "win_rate": 0.5472481827622014,
    "avg_trade": 33.166136468847355,
    "avg_trade_pct": 0.000994873336192541,
    "max_drawdown": -207.18577737998567,
    "max_drawdown_pct": -0.0069110121712391785,
    "final_equity": 51938.98941950001,
    "wins": 527,
    "losses": 436
  },
  "params": {
    "adx_thresh": 33.45071769640128,
    "slip_atr_k": 0.0007493942014215456,
    "slip_spread_k": 0.21363504225498192,
    "spread_hl_frac": 0.00851380517208378,
    "tp_mult": 2.543195906536288,
    "atr_max_pct": 0.05262075342820189,
    "rsi_ob": 81,
    "tsl_mult": 0.0007710104025768346,
    "time_stop": 154,
    "use_sma": false,
    "p_atr": 17,
    "ema2": 57,
    "p_adx": 29,
    "bb_std_mult": 0.8846930362007475,
    "p_sma": 23,
    "ema1": 26,
    "edge_cap": 0.4269788967349677,
    "use_spike": true,
    "use_atr": true,
    "vol_spike": 0.28890892599349793,
    "use_adx": false,
    "rsi_os": 10,
    "rsi_period": 44,
    "edge_k": 1.6828058381344229,
    "atr_min_pct": 0.0025120822633013886,
    "rsi_required": false,
    "p_std": 24,
    "use_ema": false,
    "strategy": "breakout",
    "fee": 0.0,
    "rsi_key": "rsi44",
    "start_equity": 20000.0,
    "risk_per_trade": 0.3,
    "risk_stop_atr_mult": 1.0,
    "risk_min_stop_frac": 0.001,
    "daily_loss_limit_pct": 0.006,
    "cooldown_bars": 20,
    "fill_timing": "next_open",
    "bar_priority": "stop_first",
    "session_start": 0,
    "session_end": 24,
    "include_hours_set": "{0, 1, 2, 3, 4, 5, 6}",
    "max_consec_losses": 8,
    "lockout_bars": 60,
    "proba_temp": 1.0,
    "participation_cap": 1.0,
    "price_step": 0.0001,
    "qty_step": 0.0001,
    "min_notional": 5.0,
    "max_notional_pct_equity": 0.6,
    "sides": "both",
    "regime_adapt": false,
    "regime_fast": 50,
    "regime_slow": 200,
    "regime_band": 0.006,
    "round_exits": true,
    "stop_extra_slip": 0.0,
    "regime_overrides": {
      "bull": {
        "allowed_sides": [
          "long",
          "short"
        ],
        "mode": "mean_reversion",
        "bb_std_mult": 2.0169431746748376,
        "tp_mult": 1.9194251920826044,
        "tsl_mult": 0.6891458682949287,
        "time_stop_bars": 214,
        "rsi_required": false,
        "use_adx": true,
        "adx": 18.0,
        "use_atr": true,
        "atr_range": [
          0.0008,
          0.06
        ]
      },
      "sideways": {
        "allowed_sides": [
          "long",
          "short"
        ],
        "mode": "breakout",
        "bb_std_mult": 1.5828092896467827,
        "tp_mult": 2.341879695778944,
        "tsl_mult": 0.651967765830165,
        "time_stop_bars": 235,
        "rsi_required": true,
        "use_adx": true,
        "adx": 15.0,
        "use_atr": true,
        "atr_range": [
          0.001,
          0.14
        ]
      },
      "bear": {
        "allowed_sides": [
          "long",
          "short"
        ],
        "mode": "breakout",
        "bb_std_mult": 1.2571599337995167,
        "tp_mult": 1.7149673432024581,
        "tsl_mult": 0.25,
        "time_stop_bars": 122,
        "rsi_required": true,
        "use_adx": true,
        "adx": 20.0,
        "use_atr": true,
        "atr_range": [
          0.0015,
          0.06
        ]
      }
    },
    "slippage": 0.0006,
    "select_top_k": 3,
    "aggregate_params": "median",
    "objective": "multi",
    "wfo_folds": 3,
    "embargo_bars": 0,
    "use_ml": false,
    "ml_thresh": 0.0
  },
  "guardrails": {
    "max_dd_pct_allowed": 0.04,
    "min_trades_lookback": 75,
    "daily_loss_limit_pct": 0.006,
    "cooldown_bars": 20,
    "fill_timing": "next_open",
    "bar_priority": "stop_first",
    "session_hours": [
      0,
      24
    ],
    "include_hours": [
      0,
      1,
      2,
      3,
      4,
      5,
      6
    ],
    "consec_loss_lockout": [
      8,
      60
    ],
    "sides": "both"
  },
  "regime": {
    "enabled": false,
    "fast": 50,
    "slow": 200,
    "band": 0.006,
    "overrides": {
      "bull": {
        "allowed_sides": [
          "long",
          "short"
        ],
        "mode": "mean_reversion",
        "bb_std_mult": 2.0169431746748376,
        "tp_mult": 1.9194251920826044,
        "tsl_mult": 0.6891458682949287,
        "time_stop_bars": 214,
        "rsi_required": false,
        "use_adx": true,
        "adx": 18.0,
        "use_atr": true,
        "atr_range": [
          0.0008,
          0.06
        ]
      },
      "sideways": {
        "allowed_sides": [
          "long",
          "short"
        ],
        "mode": "breakout",
        "bb_std_mult": 1.5828092896467827,
        "tp_mult": 2.341879695778944,
        "tsl_mult": 0.651967765830165,
        "time_stop_bars": 235,
        "rsi_required": true,
        "use_adx": true,
        "adx": 15.0,
        "use_atr": true,
        "atr_range": [
          0.001,
          0.14
        ]
      },
      "bear": {
        "allowed_sides": [
          "long",
          "short"
        ],
        "mode": "breakout",
        "bb_std_mult": 1.2571599337995167,
        "tp_mult": 1.7149673432024581,
        "tsl_mult": 0.25,
        "time_stop_bars": 122,
        "rsi_required": true,
        "use_adx": true,
        "adx": 20.0,
        "use_atr": true,
        "atr_range": [
          0.0015,
          0.06
        ]
      }
    }
  },
  "run_config": {
    "trials": 900,
    "n_jobs": 1,
    "seed": 11,
    "objective": "multi",
    "multi_objective": true,
    "train_frac": 0.6,
    "wfo_folds": 3,
    "embargo_bars": 0,
    "select_top_k": 3,
    "aggregate_params": "median",
    "start_equity": 20000.0,
    "fee": 0.0,
    "fixed_slippage": 0.0006,
    "min_slippage": 0.0,
    "fill_timing": "next_open",
    "bar_priority": "stop_first",
    "session_start": 0,
    "session_end": 24,
    "include_hours": "0,1,2,3,4,5,6",
    "sides": "both",
    "regime_adapt": false,
    "regime_fast": 50,
    "regime_slow": 200,
    "regime_band": 0.0,
    "round_exits": true,
    "stop_extra_slip": 0.0
  },
  "metrics_consistent": {
    "return_pct_train_consistent": 10.296222689139496,
    "return_pct_test_consistent": 1.5969494709750003,
    "suspicious_run": true
  }
}