{
  "created_at": "2025-08-29T20:47:46.363835+00:00",
  "objective": "multi",
  "selection": {
    "dd_cap_pct": 0.1,
    "best_trial": 986,
    "top_k": 3,
    "top_trials": [
      986,
      1091,
      898
    ]
  },
  "train_bars": 1131180,
  "test_bars": 484724,
  "train_metrics": {
    "pnl": 12.889734033765048,
    "return_pct": 0.0006444867016881517,
    "trades": 133,
    "win_rate": 0.46616541353383456,
    "avg_trade": 0.09691529348695525,
    "avg_trade_pct": 4.8453195312179685e-06,
    "max_drawdown": -6.792056267182488,
    "max_drawdown_pct": -0.00033937765369394747,
    "final_equity": 20012.889734033764,
    "wins": 62,
    "losses": 71
  },
  "test_metrics": {
    "pnl": 22.662887372389864,
    "return_pct": 0.0011331443686195541,
    "trades": 55,
    "win_rate": 0.509090909090909,
    "avg_trade": 0.4120524976798157,
    "avg_trade_pct": 2.0596286336242586e-05,
    "max_drawdown": -4.9284349112494965,
    "max_drawdown_pct": -0.0002461230732411145,
    "final_equity": 20022.66288737239,
    "wins": 28,
    "losses": 27
  },
  "params": {
    "ema2": 26,
    "use_spike": false,
    "spread_hl_frac": 0.02348264067462158,
    "time_stop": 290,
    "use_ema": false,
    "slip_atr_k": 0.003801540039245826,
    "rsi_ob": 62,
    "rsi_required": false,
    "rsi_os": 31,
    "bb_std_mult": 1.6287633596350102,
    "p_sma": 28,
    "use_atr": false,
    "tsl_mult": 0.6783455272420987,
    "atr_max_pct": 0.05992022732600813,
    "atr_min_pct": 0.006606289318539125,
    "rsi_period": 9,
    "strategy": "mean_reversion",
    "edge_k": 1.50222397318517,
    "p_atr": 13,
    "edge_cap": 0.21552815551450644,
    "use_adx": false,
    "vol_spike": 0.245162735252494,
    "adx_thresh": 20.731918737947876,
    "ema1": 29,
    "use_sma": false,
    "p_std": 13,
    "tp_mult": 1.9653167483911427,
    "p_adx": 14,
    "slip_spread_k": 0.4309715179140392,
    "fee": 0.0005,
    "rsi_key": "rsi9",
    "start_equity": 20000.0,
    "risk_per_trade": 0.003,
    "risk_stop_atr_mult": 1.0,
    "risk_min_stop_frac": 0.001,
    "daily_loss_limit_pct": 0.03,
    "cooldown_bars": 30,
    "fill_timing": "next_open",
    "bar_priority": "stop_first",
    "session_start": 0,
    "session_end": 24,
    "include_hours_set": "{3, 4, 6, 8, 10, 11, 14, 15, 18, 22}",
    "max_consec_losses": 3,
    "lockout_bars": 90,
    "proba_temp": 1.0,
    "participation_cap": 1.0,
    "price_step": 0.0001,
    "qty_step": 0.0001,
    "min_notional": 5.0,
    "max_notional_pct_equity": 1.0,
    "sides": "long",
    "regime_adapt": true,
    "regime_fast": 50,
    "regime_slow": 200,
    "regime_band": 0.006,
    "round_exits": true,
    "stop_extra_slip": 0.0,
    "regime_overrides": {
      "bull": {
        "allowed_sides": [
          "long",
          "short"
        ],
        "mode": "mean_reversion",
        "bb_std_mult": 2.0169431746748376,
        "tp_mult": 1.9194251920826044,
        "tsl_mult": 0.6891458682949287,
        "time_stop_bars": 214,
        "rsi_required": false,
        "use_adx": true,
        "adx": 18.0,
        "use_atr": true,
        "atr_range": [
          0.0008,
          0.06
        ]
      },
      "sideways": {
        "allowed_sides": [
          "long",
          "short"
        ],
        "mode": "breakout",
        "bb_std_mult": 1.5828092896467827,
        "tp_mult": 2.341879695778944,
        "tsl_mult": 0.651967765830165,
        "time_stop_bars": 235,
        "rsi_required": true,
        "use_adx": true,
        "adx": 15.0,
        "use_atr": true,
        "atr_range": [
          0.001,
          0.14
        ]
      },
      "bear": {
        "allowed_sides": [
          "long",
          "short"
        ],
        "mode": "breakout",
        "bb_std_mult": 1.2571599337995167,
        "tp_mult": 1.7149673432024581,
        "tsl_mult": 0.25,
        "time_stop_bars": 122,
        "rsi_required": true,
        "use_adx": true,
        "adx": 20.0,
        "use_atr": true,
        "atr_range": [
          0.0015,
          0.06
        ]
      }
    },
    "slippage": 0.0004,
    "select_top_k": 3,
    "aggregate_params": "median",
    "objective": "multi",
    "wfo_folds": 6,
    "embargo_bars": 120,
    "use_ml": false,
    "ml_thresh": 0.0
  },
  "guardrails": {
    "max_dd_pct_allowed": 0.1,
    "min_trades_lookback": 300,
    "daily_loss_limit_pct": 0.03,
    "cooldown_bars": 30,
    "fill_timing": "next_open",
    "bar_priority": "stop_first",
    "session_hours": [
      0,
      24
    ],
    "include_hours": [
      3,
      4,
      6,
      8,
      10,
      11,
      14,
      15,
      18,
      22
    ],
    "consec_loss_lockout": [
      3,
      90
    ],
    "sides": "long"
  },
  "regime": {
    "enabled": true,
    "fast": 50,
    "slow": 200,
    "band": 0.006,
    "overrides": {
      "bull": {
        "allowed_sides": [
          "long",
          "short"
        ],
        "mode": "mean_reversion",
        "bb_std_mult": 2.0169431746748376,
        "tp_mult": 1.9194251920826044,
        "tsl_mult": 0.6891458682949287,
        "time_stop_bars": 214,
        "rsi_required": false,
        "use_adx": true,
        "adx": 18.0,
        "use_atr": true,
        "atr_range": [
          0.0008,
          0.06
        ]
      },
      "sideways": {
        "allowed_sides": [
          "long",
          "short"
        ],
        "mode": "breakout",
        "bb_std_mult": 1.5828092896467827,
        "tp_mult": 2.341879695778944,
        "tsl_mult": 0.651967765830165,
        "time_stop_bars": 235,
        "rsi_required": true,
        "use_adx": true,
        "adx": 15.0,
        "use_atr": true,
        "atr_range": [
          0.001,
          0.14
        ]
      },
      "bear": {
        "allowed_sides": [
          "long",
          "short"
        ],
        "mode": "breakout",
        "bb_std_mult": 1.2571599337995167,
        "tp_mult": 1.7149673432024581,
        "tsl_mult": 0.25,
        "time_stop_bars": 122,
        "rsi_required": true,
        "use_adx": true,
        "adx": 20.0,
        "use_atr": true,
        "atr_range": [
          0.0015,
          0.06
        ]
      }
    }
  },
  "run_config": {
    "trials": 1200,
    "n_jobs": 4,
    "seed": 911,
    "objective": "multi",
    "multi_objective": true,
    "train_frac": 0.7,
    "wfo_folds": 6,
    "embargo_bars": 120,
    "select_top_k": 3,
    "aggregate_params": "median",
    "start_equity": 20000.0,
    "fee": 0.0005,
    "fixed_slippage": 0.0004,
    "min_slippage": 0.0,
    "fill_timing": "next_open",
    "bar_priority": "stop_first",
    "session_start": 0,
    "session_end": 24,
    "include_hours": "3,4,6,8,10,11,14,15,18,22",
    "sides": "long",
    "regime_adapt": true,
    "regime_fast": 50,
    "regime_slow": 200,
    "regime_band": 0.0,
    "round_exits": true,
    "stop_extra_slip": 0.0
  },
  "metrics_consistent": {
    "return_pct_train_consistent": 0.0006444867016882524,
    "return_pct_test_consistent": 0.0011331443686194932,
    "suspicious_run": false
  }
}