{
  "created_at": "2025-08-21T12:44:20.449624+00:00",
  "objective": "multi",
  "selection": {
    "dd_cap_pct": 0.04,
    "best_trial": 148,
    "top_k": 5,
    "top_trials": [
      148,
      128,
      129,
      146,
      127
    ]
  },
  "train_bars": 1131000,
  "test_bars": 484544,
  "train_metrics": {
    "pnl": -1214.8299895099797,
    "return_pct": -0.060741499475498895,
    "trades": 1123,
    "win_rate": 0.3259127337488869,
    "avg_trade": -1.081772029839697,
    "avg_trade_pct": -5.5573387476835656e-05,
    "max_drawdown": -1765.443050129983,
    "max_drawdown_pct": -0.08622449596806928,
    "final_equity": 18785.170010490023,
    "wins": 366,
    "losses": 757
  },
  "test_metrics": {
    "pnl": -576.1856765899786,
    "return_pct": -0.02880928382949899,
    "trades": 431,
    "win_rate": 0.29930394431554525,
    "avg_trade": -1.336857718306215,
    "avg_trade_pct": -6.762227432489416e-05,
    "max_drawdown": -902.0401176899832,
    "max_drawdown_pct": -0.044607040312987886,
    "final_equity": 19423.81432341002,
    "wins": 129,
    "losses": 302
  },
  "params": {
    "bb_std_mult": 2.8790295553653453,
    "edge_cap": 0.07792921579075786,
    "time_stop": 111,
    "ema2": 47,
    "tsl_mult": 0.19671918558036502,
    "rsi_ob": 78,
    "adx_thresh": 32.776001645922726,
    "p_sma": 5,
    "use_adx": false,
    "rsi_period": 11,
    "ema1": 11,
    "slip_atr_k": 0.03376504869895951,
    "use_atr": true,
    "strategy": "mean_reversion",
    "tp_mult": 1.0779423297899968,
    "spread_hl_frac": 0.016761375969683343,
    "atr_min_pct": 0.016928284848788028,
    "atr_max_pct": 0.03811860209071866,
    "slip_spread_k": 0.17232199861937336,
    "p_adx": 10,
    "use_ema": true,
    "vol_spike": 0.24860439681023666,
    "use_spike": true,
    "rsi_required": false,
    "rsi_os": 43,
    "p_atr": 17,
    "p_std": 59,
    "use_sma": false,
    "edge_k": 1.8084055157198065,
    "fee": 0.0,
    "rsi_key": "rsi11",
    "start_equity": 20000.0,
    "risk_per_trade": 0.0005,
    "risk_stop_atr_mult": 1.0,
    "risk_min_stop_frac": 0.001,
    "daily_loss_limit_pct": 0.02,
    "cooldown_bars": 120,
    "fill_timing": "next_open",
    "bar_priority": "stop_first",
    "session_start": 0,
    "session_end": 24,
    "include_hours_set": "{16, 17, 18, 19, 20}",
    "max_consec_losses": 2,
    "lockout_bars": 240,
    "proba_temp": 1.0,
    "participation_cap": 1.0,
    "price_step": 0.0001,
    "qty_step": 0.0001,
    "min_notional": 5.0,
    "max_notional_pct_equity": 1.0,
    "sides": "both",
    "regime_adapt": true,
    "regime_fast": 50,
    "regime_slow": 200,
    "regime_band": 0.0,
    "round_exits": true,
    "stop_extra_slip": 0.0,
    "regime_overrides": {
      "bull": {
        "strategy": "mean_reversion",
        "bb_std_mult": 2.0169431746748376,
        "rsi_ob": 51,
        "rsi_os": 43,
        "tp_mult": 1.9194251920826044,
        "tsl_mult": 0.6891458682949287,
        "time_stop": 214,
        "use_ema": false,
        "use_adx": true,
        "use_atr": true,
        "rsi_required": false,
        "adx_thresh": 30.312193620918165,
        "atr_min_pct": 0.01765191613765407,
        "atr_max_pct": 0.05817423848665073
      },
      "sideways": {
        "strategy": "breakout",
        "bb_std_mult": 1.5828092896467827,
        "rsi_ob": 58,
        "rsi_os": 19,
        "tp_mult": 2.341879695778944,
        "tsl_mult": 0.651967765830165,
        "time_stop": 235,
        "use_ema": false,
        "use_adx": false,
        "use_atr": false,
        "rsi_required": true,
        "atr_min_pct": 0.015109626219893455,
        "atr_max_pct": 0.13630943049822583
      },
      "bear": {
        "strategy": "breakout",
        "bb_std_mult": 1.2571599337995167,
        "rsi_ob": 70,
        "rsi_os": 52,
        "tp_mult": 1.7149673432024581,
        "tsl_mult": 0.0004102131455224567,
        "time_stop": 122,
        "use_ema": false,
        "use_adx": false,
        "use_atr": false,
        "rsi_required": false,
        "adx_thresh": 31.238766665127454,
        "atr_min_pct": 0.026767463670604112,
        "atr_max_pct": 0.042481859768843486
      }
    },
    "slippage": 0.0006,
    "select_top_k": 5,
    "aggregate_params": "median",
    "objective": "multi",
    "wfo_folds": 8,
    "embargo_bars": 300,
    "use_ml": false,
    "ml_thresh": 0.0
  },
  "guardrails": {
    "max_dd_pct_allowed": 0.04,
    "min_trades_lookback": 400,
    "daily_loss_limit_pct": 0.02,
    "cooldown_bars": 120,
    "fill_timing": "next_open",
    "bar_priority": "stop_first",
    "session_hours": [
      0,
      24
    ],
    "include_hours": [
      16,
      17,
      18,
      19,
      20
    ],
    "consec_loss_lockout": [
      2,
      240
    ],
    "sides": "both"
  },
  "regime": {
    "enabled": true,
    "fast": 50,
    "slow": 200,
    "band": 0.0,
    "overrides": {
      "bull": {
        "strategy": "mean_reversion",
        "bb_std_mult": 2.0169431746748376,
        "rsi_ob": 51,
        "rsi_os": 43,
        "tp_mult": 1.9194251920826044,
        "tsl_mult": 0.6891458682949287,
        "time_stop": 214,
        "use_ema": false,
        "use_adx": true,
        "use_atr": true,
        "rsi_required": false,
        "adx_thresh": 30.312193620918165,
        "atr_min_pct": 0.01765191613765407,
        "atr_max_pct": 0.05817423848665073
      },
      "sideways": {
        "strategy": "breakout",
        "bb_std_mult": 1.5828092896467827,
        "rsi_ob": 58,
        "rsi_os": 19,
        "tp_mult": 2.341879695778944,
        "tsl_mult": 0.651967765830165,
        "time_stop": 235,
        "use_ema": false,
        "use_adx": false,
        "use_atr": false,
        "rsi_required": true,
        "atr_min_pct": 0.015109626219893455,
        "atr_max_pct": 0.13630943049822583
      },
      "bear": {
        "strategy": "breakout",
        "bb_std_mult": 1.2571599337995167,
        "rsi_ob": 70,
        "rsi_os": 52,
        "tp_mult": 1.7149673432024581,
        "tsl_mult": 0.0004102131455224567,
        "time_stop": 122,
        "use_ema": false,
        "use_adx": false,
        "use_atr": false,
        "rsi_required": false,
        "adx_thresh": 31.238766665127454,
        "atr_min_pct": 0.026767463670604112,
        "atr_max_pct": 0.042481859768843486
      }
    }
  },
  "run_config": {
    "trials": 150,
    "n_jobs": 4,
    "seed": 101,
    "objective": "multi",
    "multi_objective": true,
    "train_frac": 0.7,
    "wfo_folds": 8,
    "embargo_bars": 300,
    "select_top_k": 5,
    "aggregate_params": "median",
    "start_equity": 20000.0,
    "fee": 0.0,
    "fixed_slippage": 0.0006,
    "min_slippage": 0.0,
    "fill_timing": "next_open",
    "bar_priority": "stop_first",
    "session_start": 0,
    "session_end": 24,
    "include_hours": "16,17,18,19,20",
    "sides": "both",
    "regime_adapt": true,
    "regime_fast": 50,
    "regime_slow": 200,
    "regime_band": 0.0,
    "round_exits": true,
    "stop_extra_slip": 0.0
  },
  "metrics_consistent": {
    "return_pct_train_consistent": -0.060741499475498985,
    "return_pct_test_consistent": -0.02880928382949893,
    "suspicious_run": false
  }
}