{
  "created_at": "2025-08-24T13:29:21.168456+00:00",
  "objective": "multi",
  "selection": {
    "dd_cap_pct": 0.04,
    "best_trial": 693,
    "top_k": 3,
    "top_trials": [
      693,
      508,
      698
    ]
  },
  "train_bars": 969686,
  "test_bars": 646458,
  "train_metrics": {
    "pnl": 1672.9812836423123,
    "return_pct": 0.08364906418211548,
    "trades": 59,
    "win_rate": 0.5254237288135594,
    "avg_trade": 28.355614976988345,
    "avg_trade_pct": 0.0013749504927107338,
    "max_drawdown": -164.00551318095313,
    "max_drawdown_pct": -0.008211903780671317,
    "final_equity": 21672.98128364231,
    "wins": 31,
    "losses": 28
  },
  "test_metrics": {
    "pnl": 37.544870772722845,
    "return_pct": 0.001877243538636053,
    "trades": 30,
    "win_rate": 0.36666666666666664,
    "avg_trade": 1.2514956924240948,
    "avg_trade_pct": 7.267133225273196e-05,
    "max_drawdown": -401.07949665786145,
    "max_drawdown_pct": -0.019715842817505953,
    "final_equity": 20037.544870772723,
    "wins": 11,
    "losses": 19
  },
  "params": {
    "bb_std_mult": 3.0341121882116306,
    "adx_thresh": 27.467782553437267,
    "ema1": 10,
    "vol_spike": 0.2297885120415084,
    "rsi_ob": 76,
    "slip_atr_k": 0.07201993896119263,
    "rsi_os": 47,
    "p_atr": 18,
    "tsl_mult": 0.018496980973475033,
    "atr_min_pct": 0.0026279830877973392,
    "use_sma": true,
    "use_atr": true,
    "p_adx": 22,
    "atr_max_pct": 0.07648567281057952,
    "tp_mult": 2.1169691577825556,
    "use_spike": true,
    "spread_hl_frac": 0.002839839024738257,
    "use_adx": false,
    "slip_spread_k": 0.7277401969300158,
    "strategy": "breakout",
    "edge_cap": 0.08495446799124962,
    "rsi_period": 39,
    "rsi_required": true,
    "p_std": 53,
    "use_ema": false,
    "edge_k": 1.3275679694137195,
    "p_sma": 20,
    "time_stop": 203,
    "ema2": 58,
    "fee": 0.0008,
    "rsi_key": "rsi39",
    "start_equity": 20000.0,
    "risk_per_trade": 0.016,
    "risk_stop_atr_mult": 1.0,
    "risk_min_stop_frac": 0.001,
    "daily_loss_limit_pct": 0.03,
    "cooldown_bars": 20,
    "fill_timing": "next_open",
    "bar_priority": "stop_first",
    "session_start": 0,
    "session_end": 24,
    "include_hours_set": null,
    "max_consec_losses": 0,
    "lockout_bars": 0,
    "proba_temp": 1.0,
    "participation_cap": 1.0,
    "price_step": 0.0001,
    "qty_step": 0.0001,
    "min_notional": 5.0,
    "max_notional_pct_equity": 1.0,
    "sides": "long",
    "regime_adapt": false,
    "regime_fast": 50,
    "regime_slow": 200,
    "regime_band": 0.006,
    "round_exits": true,
    "stop_extra_slip": 0.0,
    "regime_overrides": {
      "bull": {
        "allowed_sides": [
          "long",
          "short"
        ],
        "mode": "mean_reversion",
        "bb_std_mult": 2.0169431746748376,
        "tp_mult": 1.9194251920826044,
        "tsl_mult": 0.6891458682949287,
        "time_stop_bars": 214,
        "rsi_required": false,
        "use_adx": true,
        "adx": 18.0,
        "use_atr": true,
        "atr_range": [
          0.0008,
          0.06
        ]
      },
      "sideways": {
        "allowed_sides": [
          "long",
          "short"
        ],
        "mode": "breakout",
        "bb_std_mult": 1.5828092896467827,
        "tp_mult": 2.341879695778944,
        "tsl_mult": 0.651967765830165,
        "time_stop_bars": 235,
        "rsi_required": true,
        "use_adx": true,
        "adx": 15.0,
        "use_atr": true,
        "atr_range": [
          0.001,
          0.14
        ]
      },
      "bear": {
        "allowed_sides": [
          "long",
          "short"
        ],
        "mode": "breakout",
        "bb_std_mult": 1.2571599337995167,
        "tp_mult": 1.7149673432024581,
        "tsl_mult": 0.25,
        "time_stop_bars": 122,
        "rsi_required": true,
        "use_adx": true,
        "adx": 20.0,
        "use_atr": true,
        "atr_range": [
          0.0015,
          0.06
        ]
      }
    },
    "slippage": 0.0012,
    "select_top_k": 3,
    "aggregate_params": "median",
    "objective": "multi",
    "wfo_folds": 3,
    "embargo_bars": 0,
    "use_ml": false,
    "ml_thresh": 0.0
  },
  "guardrails": {
    "max_dd_pct_allowed": 0.04,
    "min_trades_lookback": 100,
    "daily_loss_limit_pct": 0.03,
    "cooldown_bars": 20,
    "fill_timing": "next_open",
    "bar_priority": "stop_first",
    "session_hours": [
      0,
      24
    ],
    "include_hours": [],
    "consec_loss_lockout": [
      0,
      0
    ],
    "sides": "long"
  },
  "regime": {
    "enabled": false,
    "fast": 50,
    "slow": 200,
    "band": 0.006,
    "overrides": {
      "bull": {
        "allowed_sides": [
          "long",
          "short"
        ],
        "mode": "mean_reversion",
        "bb_std_mult": 2.0169431746748376,
        "tp_mult": 1.9194251920826044,
        "tsl_mult": 0.6891458682949287,
        "time_stop_bars": 214,
        "rsi_required": false,
        "use_adx": true,
        "adx": 18.0,
        "use_atr": true,
        "atr_range": [
          0.0008,
          0.06
        ]
      },
      "sideways": {
        "allowed_sides": [
          "long",
          "short"
        ],
        "mode": "breakout",
        "bb_std_mult": 1.5828092896467827,
        "tp_mult": 2.341879695778944,
        "tsl_mult": 0.651967765830165,
        "time_stop_bars": 235,
        "rsi_required": true,
        "use_adx": true,
        "adx": 15.0,
        "use_atr": true,
        "atr_range": [
          0.001,
          0.14
        ]
      },
      "bear": {
        "allowed_sides": [
          "long",
          "short"
        ],
        "mode": "breakout",
        "bb_std_mult": 1.2571599337995167,
        "tp_mult": 1.7149673432024581,
        "tsl_mult": 0.25,
        "time_stop_bars": 122,
        "rsi_required": true,
        "use_adx": true,
        "adx": 20.0,
        "use_atr": true,
        "atr_range": [
          0.0015,
          0.06
        ]
      }
    }
  },
  "run_config": {
    "trials": 900,
    "n_jobs": 1,
    "seed": 44,
    "objective": "multi",
    "multi_objective": true,
    "train_frac": 0.6,
    "wfo_folds": 3,
    "embargo_bars": 0,
    "select_top_k": 3,
    "aggregate_params": "median",
    "start_equity": 20000.0,
    "fee": 0.0008,
    "fixed_slippage": 0.0012,
    "min_slippage": 0.0,
    "fill_timing": "next_open",
    "bar_priority": "stop_first",
    "session_start": 0,
    "session_end": 24,
    "include_hours": null,
    "sides": "long",
    "regime_adapt": false,
    "regime_fast": 50,
    "regime_slow": 200,
    "regime_band": 0.0,
    "round_exits": true,
    "stop_extra_slip": 0.0
  },
  "metrics_consistent": {
    "return_pct_train_consistent": 0.08364906418211561,
    "return_pct_test_consistent": 0.0018772435386361422,
    "suspicious_run": false
  }
}