{
  "created_at": "2025-08-21T10:52:31.492223+00:00",
  "objective": "multi",
  "selection": {
    "dd_cap_pct": 0.06,
    "best_trial": 65,
    "top_k": 5,
    "top_trials": [
      65,
      93,
      18,
      47,
      25
    ]
  },
  "train_bars": 1131000,
  "test_bars": 484544,
  "train_metrics": {
    "pnl": -602.1781799800001,
    "return_pct": -0.030108908999000095,
    "trades": 175,
    "win_rate": 0.2914285714285714,
    "avg_trade": -3.4410181713142864,
    "avg_trade_pct": -0.00017448272078665828,
    "max_drawdown": -606.146917500002,
    "max_drawdown_pct": -0.030301332973146272,
    "final_equity": 19397.82182002,
    "wins": 51,
    "losses": 124
  },
  "test_metrics": {
    "pnl": -610.5300581600114,
    "return_pct": -0.03052650290800052,
    "trades": 29,
    "win_rate": 0.0,
    "avg_trade": -21.05276062620729,
    "avg_trade_pct": -0.0010684294511460197,
    "max_drawdown": -594.059366420006,
    "max_drawdown_pct": -0.029727449904179706,
    "final_equity": 19389.46994183999,
    "wins": 0,
    "losses": 29
  },
  "params": {
    "ema2": 35,
    "sideways_bb_std_mult": 2.177474416958645,
    "bear_use_sma": true,
    "sideways_rsi_os": 15,
    "edge_cap": 0.6690709629641634,
    "sideways_rsi_ob": 61,
    "sideways_use_ema": true,
    "bull_tsl_mult": 0.6527381683336351,
    "bear_use_adx": true,
    "atr_max_pct": 0.043750207968163625,
    "sideways_atr_min_pct": 0.017146662256847623,
    "bull_rsi_os": 18,
    "bull_atr_max_pct": 0.06679958334701891,
    "bear_time_stop": 147,
    "bull_use_adx": false,
    "rsi_os": 35,
    "bull_bb_std_mult": 1.8701180044020944,
    "sideways_use_atr": false,
    "vol_spike": 0.09597469507205658,
    "bb_std_mult": 2.4349675431322675,
    "use_adx": true,
    "adx_thresh": 20.708440907183327,
    "strategy": "breakout",
    "spread_hl_frac": 0.018392444233092702,
    "tp_mult": 1.992298728432724,
    "p_atr": 19,
    "bull_use_spike": false,
    "rsi_period": 54,
    "sideways_use_spike": true,
    "sideways_rsi_required": false,
    "use_spike": false,
    "bear_use_atr": true,
    "p_adx": 19,
    "use_sma": false,
    "bear_tp_mult": 2.0408182065044946,
    "sideways_strategy": "breakout",
    "sideways_time_stop": 61,
    "bear_use_ema": false,
    "p_sma": 19,
    "bear_use_spike": false,
    "bull_use_sma": true,
    "bull_tp_mult": 1.864456017466112,
    "rsi_required": false,
    "sideways_tp_mult": 1.8883034808998675,
    "bear_strategy": "breakout",
    "slip_atr_k": 0.1363853928277939,
    "bull_adx_thresh": 17.45487998003236,
    "bear_rsi_ob": 82,
    "bear_tsl_mult": 0.7989599540600049,
    "ema1": 15,
    "time_stop": 76,
    "bear_bb_std_mult": 1.813783793495493,
    "sideways_use_sma": false,
    "bear_adx_thresh": 22.685916635952154,
    "bull_rsi_ob": 64,
    "bull_time_stop": 271,
    "bear_rsi_os": 41,
    "bear_rsi_required": false,
    "edge_k": 0.8559985165680962,
    "bull_strategy": "breakout",
    "sideways_use_adx": false,
    "bull_use_ema": false,
    "p_std": 38,
    "sideways_atr_max_pct": 0.07532842941297052,
    "bull_atr_min_pct": 0.019262386483025175,
    "bull_use_atr": true,
    "bull_rsi_required": false,
    "slip_spread_k": 0.3125216318782439,
    "use_ema": false,
    "tsl_mult": 0.09996458996022589,
    "bear_atr_max_pct": 0.10988422562190768,
    "bear_atr_min_pct": 0.010615280525540761,
    "sideways_tsl_mult": 0.21469175696285736,
    "sideways_adx_thresh": 19.65320226815772,
    "rsi_ob": 76,
    "atr_min_pct": 0.006884028849907301,
    "use_atr": false,
    "fee": 0.0,
    "rsi_key": "rsi54",
    "start_equity": 20000.0,
    "risk_per_trade": 0.001,
    "risk_stop_atr_mult": 1.0,
    "risk_min_stop_frac": 0.001,
    "daily_loss_limit_pct": 0.03,
    "cooldown_bars": 80,
    "fill_timing": "next_open",
    "bar_priority": "stop_first",
    "session_start": 0,
    "session_end": 24,
    "include_hours_set": "{13, 14, 15, 16, 17, 18, 19, 20, 22}",
    "max_consec_losses": 2,
    "lockout_bars": 180,
    "proba_temp": 1.0,
    "participation_cap": 1.0,
    "price_step": 0.0001,
    "qty_step": 0.0001,
    "min_notional": 5.0,
    "max_notional_pct_equity": 1.0,
    "sides": "both",
    "regime_adapt": true,
    "regime_fast": 50,
    "regime_slow": 200,
    "regime_band": 0.0,
    "round_exits": true,
    "stop_extra_slip": 0.0,
    "regime_overrides": {
      "bull": {
        "strategy": "mean_reversion",
        "bb_std_mult": 2.0169431746748376,
        "rsi_ob": 51,
        "rsi_os": 43,
        "tp_mult": 1.9194251920826044,
        "tsl_mult": 0.6891458682949287,
        "time_stop": 214,
        "use_ema": false,
        "use_adx": true,
        "use_atr": true,
        "rsi_required": false,
        "adx_thresh": 30.312193620918165,
        "atr_min_pct": 0.01765191613765407,
        "atr_max_pct": 0.05817423848665073
      },
      "sideways": {
        "strategy": "breakout",
        "bb_std_mult": 1.5828092896467827,
        "rsi_ob": 58,
        "rsi_os": 19,
        "tp_mult": 2.341879695778944,
        "tsl_mult": 0.651967765830165,
        "time_stop": 235,
        "use_ema": false,
        "use_adx": false,
        "use_atr": false,
        "rsi_required": true,
        "atr_min_pct": 0.015109626219893455,
        "atr_max_pct": 0.13630943049822583
      },
      "bear": {
        "strategy": "breakout",
        "bb_std_mult": 1.2571599337995167,
        "rsi_ob": 70,
        "rsi_os": 52,
        "tp_mult": 1.7149673432024581,
        "tsl_mult": 0.0004102131455224567,
        "time_stop": 122,
        "use_ema": false,
        "use_adx": false,
        "use_atr": false,
        "rsi_required": false,
        "adx_thresh": 31.238766665127454,
        "atr_min_pct": 0.026767463670604112,
        "atr_max_pct": 0.042481859768843486
      }
    },
    "slippage": 0.0006,
    "select_top_k": 5,
    "aggregate_params": "median",
    "objective": "multi",
    "wfo_folds": 8,
    "embargo_bars": 300,
    "use_ml": false,
    "ml_thresh": 0.0
  },
  "guardrails": {
    "max_dd_pct_allowed": 0.06,
    "min_trades_lookback": 400,
    "daily_loss_limit_pct": 0.03,
    "cooldown_bars": 80,
    "fill_timing": "next_open",
    "bar_priority": "stop_first",
    "session_hours": [
      0,
      24
    ],
    "include_hours": [
      13,
      14,
      15,
      16,
      17,
      18,
      19,
      20,
      22
    ],
    "consec_loss_lockout": [
      2,
      180
    ],
    "sides": "both"
  },
  "regime": {
    "enabled": true,
    "fast": 50,
    "slow": 200,
    "band": 0.0,
    "overrides": {
      "bull": {
        "strategy": "mean_reversion",
        "bb_std_mult": 2.0169431746748376,
        "rsi_ob": 51,
        "rsi_os": 43,
        "tp_mult": 1.9194251920826044,
        "tsl_mult": 0.6891458682949287,
        "time_stop": 214,
        "use_ema": false,
        "use_adx": true,
        "use_atr": true,
        "rsi_required": false,
        "adx_thresh": 30.312193620918165,
        "atr_min_pct": 0.01765191613765407,
        "atr_max_pct": 0.05817423848665073
      },
      "sideways": {
        "strategy": "breakout",
        "bb_std_mult": 1.5828092896467827,
        "rsi_ob": 58,
        "rsi_os": 19,
        "tp_mult": 2.341879695778944,
        "tsl_mult": 0.651967765830165,
        "time_stop": 235,
        "use_ema": false,
        "use_adx": false,
        "use_atr": false,
        "rsi_required": true,
        "atr_min_pct": 0.015109626219893455,
        "atr_max_pct": 0.13630943049822583
      },
      "bear": {
        "strategy": "breakout",
        "bb_std_mult": 1.2571599337995167,
        "rsi_ob": 70,
        "rsi_os": 52,
        "tp_mult": 1.7149673432024581,
        "tsl_mult": 0.0004102131455224567,
        "time_stop": 122,
        "use_ema": false,
        "use_adx": false,
        "use_atr": false,
        "rsi_required": false,
        "adx_thresh": 31.238766665127454,
        "atr_min_pct": 0.026767463670604112,
        "atr_max_pct": 0.042481859768843486
      }
    }
  },