{
  "created_at": "2025-08-27T17:14:13.650167+00:00",
  "objective": "multi",
  "selection": {
    "dd_cap_pct": 0.08,
    "best_trial": 408,
    "top_k": 3,
    "top_trials": [
      408,
      343,
      344
    ]
  },
  "train_bars": 969386,
  "test_bars": 646158,
  "train_metrics": {
    "pnl": 40298.8619802247,
    "return_pct": 2.0149430990112296,
    "trades": 4332,
    "win_rate": 0.47991689750692523,
    "avg_trade": 9.302599718426753,
    "avg_trade_pct": 0.00025555164697523236,
    "max_drawdown": -1096.722539410337,
    "max_drawdown_pct": -0.02370154495431985,
    "final_equity": 60298.86198022459,
    "wins": 2079,
    "losses": 2253
  },
  "test_metrics": {
    "pnl": 15951.997132830918,
    "return_pct": 0.7975998566415452,
    "trades": 862,
    "win_rate": 0.48491879350348027,
    "avg_trade": 18.505797137854895,
    "avg_trade_pct": 0.00068321422699162,
    "max_drawdown": -495.885583122501,
    "max_drawdown_pct": -0.014652885653143944,
    "final_equity": 35951.997132830904,
    "wins": 418,
    "losses": 444
  },
  "params": {
    "p_adx": 17,
    "use_atr": true,
    "use_adx": true,
    "slip_spread_k": 0.4291337331212105,
    "use_spike": false,
    "tp_mult": 1.527564670518796,
    "bb_std_mult": 0.5178071110883791,
    "rsi_os": 11,
    "atr_min_pct": 0.0035437074236637804,
    "rsi_required": false,
    "tsl_mult": 0.00046053319142715446,
    "p_atr": 22,
    "vol_spike": 0.06828231205932138,
    "p_sma": 5,
    "use_sma": false,
    "ema1": 26,
    "slip_atr_k": 0.00038244669482033537,
    "adx_thresh": 10.593135720163332,
    "edge_k": 0.1573030277206126,
    "use_ema": false,
    "ema2": 25,
    "p_std": 37,
    "edge_cap": 0.8135171437748534,
    "rsi_period": 12,
    "time_stop": 213,
    "atr_max_pct": 0.10018774834306235,
    "rsi_ob": 82,
    "spread_hl_frac": 0.0027238731549236606,
    "strategy": "mean_reversion",
    "fee": 0.0005,
    "rsi_key": "rsi12",
    "start_equity": 20000.0,
    "risk_per_trade": 0.02,
    "risk_stop_atr_mult": 1.0,
    "risk_min_stop_frac": 0.001,
    "daily_loss_limit_pct": 0.03,
    "cooldown_bars": 20,
    "fill_timing": "close",
    "bar_priority": "stop_first",
    "session_start": 0,
    "session_end": 24,
    "include_hours_set": null,
    "max_consec_losses": 0,
    "lockout_bars": 0,
    "proba_temp": 1.0,
    "participation_cap": 0.05,
    "price_step": 0.0001,
    "qty_step": 0.0001,
    "min_notional": 5.0,
    "max_notional_pct_equity": 0.5,
    "sides": "both",
    "regime_adapt": false,
    "regime_fast": 50,
    "regime_slow": 200,
    "regime_band": 0.006,
    "round_exits": true,
    "stop_extra_slip": 0.0002,
    "regime_overrides": {
      "bull": {
        "allowed_sides": [
          "long",
          "short"
        ],
        "mode": "mean_reversion",
        "bb_std_mult": 2.0169431746748376,
        "tp_mult": 1.9194251920826044,
        "tsl_mult": 0.6891458682949287,
        "time_stop_bars": 214,
        "rsi_required": false,
        "use_adx": true,
        "adx": 18.0,
        "use_atr": true,
        "atr_range": [
          0.0008,
          0.06
        ]
      },
      "sideways": {
        "allowed_sides": [
          "long",
          "short"
        ],
        "mode": "breakout",
        "bb_std_mult": 1.5828092896467827,
        "tp_mult": 2.341879695778944,
        "tsl_mult": 0.651967765830165,
        "time_stop_bars": 235,
        "rsi_required": true,
        "use_adx": true,
        "adx": 15.0,
        "use_atr": true,
        "atr_range": [
          0.001,
          0.14
        ]
      },
      "bear": {
        "allowed_sides": [
          "long",
          "short"
        ],
        "mode": "breakout",
        "bb_std_mult": 1.2571599337995167,
        "tp_mult": 1.7149673432024581,
        "tsl_mult": 0.25,
        "time_stop_bars": 122,
        "rsi_required": true,
        "use_adx": true,
        "adx": 20.0,
        "use_atr": true,
        "atr_range": [
          0.0015,
          0.06
        ]
      }
    },
    "slippage": 0.0006,
    "select_top_k": 3,
    "aggregate_params": "median",
    "objective": "multi",
    "wfo_folds": 5,
    "embargo_bars": 300,
    "use_ml": false,
    "ml_thresh": 0.0
  },
  "guardrails": {
    "max_dd_pct_allowed": 0.08,
    "min_trades_lookback": 50,
    "daily_loss_limit_pct": 0.03,
    "cooldown_bars": 20,
    "fill_timing": "close",
    "bar_priority": "stop_first",
    "session_hours": [
      0,
      24
    ],
    "include_hours": [],
    "consec_loss_lockout": [
      0,
      0
    ],
    "sides": "both"
  },
  "regime": {
    "enabled": false,
    "fast": 50,
    "slow": 200,
    "band": 0.006,
    "overrides": {
      "bull": {
        "allowed_sides": [
          "long",
          "short"
        ],
        "mode": "mean_reversion",
        "bb_std_mult": 2.0169431746748376,
        "tp_mult": 1.9194251920826044,
        "tsl_mult": 0.6891458682949287,
        "time_stop_bars": 214,
        "rsi_required": false,
        "use_adx": true,
        "adx": 18.0,
        "use_atr": true,
        "atr_range": [
          0.0008,
          0.06
        ]
      },
      "sideways": {
        "allowed_sides": [
          "long",
          "short"
        ],
        "mode": "breakout",
        "bb_std_mult": 1.5828092896467827,
        "tp_mult": 2.341879695778944,
        "tsl_mult": 0.651967765830165,
        "time_stop_bars": 235,
        "rsi_required": true,
        "use_adx": true,
        "adx": 15.0,
        "use_atr": true,
        "atr_range": [
          0.001,
          0.14
        ]
      },
      "bear": {
        "allowed_sides": [
          "long",
          "short"
        ],
        "mode": "breakout",
        "bb_std_mult": 1.2571599337995167,
        "tp_mult": 1.7149673432024581,
        "tsl_mult": 0.25,
        "time_stop_bars": 122,
        "rsi_required": true,
        "use_adx": true,
        "adx": 20.0,
        "use_atr": true,
        "atr_range": [
          0.0015,
          0.06
        ]
      }
    }
  },
  "run_config": {
    "trials": 1200,
    "n_jobs": 1,
    "seed": 73,
    "objective": "multi",
    "multi_objective": true,
    "train_frac": 0.6,
    "wfo_folds": 5,
    "embargo_bars": 300,
    "select_top_k": 3,
    "aggregate_params": "median",
    "start_equity": 20000.0,
    "fee": 0.0005,
    "fixed_slippage": 0.0006,
    "min_slippage": 0.0,
    "fill_timing": "close",
    "bar_priority": "stop_first",
    "session_start": 0,
    "session_end": 24,
    "include_hours": null,
    "sides": "both",
    "regime_adapt": false,
    "regime_fast": 50,
    "regime_slow": 200,
    "regime_band": 0.0,
    "round_exits": true,
    "stop_extra_slip": 0.0002
  },
  "metrics_consistent": {
    "return_pct_train_consistent": 2.014943099011235,
    "return_pct_test_consistent": 0.7975998566415459,
    "suspicious_run": false
  }
}