{
  "created_at": "2025-08-28T01:58:35.946142+00:00",
  "objective": "multi",
  "selection": {
    "dd_cap_pct": 0.04,
    "best_trial": 1633,
    "top_k": 3,
    "top_trials": [
      1633,
      1138,
      1309
    ]
  },
  "train_bars": 969386,
  "test_bars": 646158,
  "train_metrics": {
    "pnl": 7158.001052613802,
    "return_pct": 0.3579000526306899,
    "trades": 60,
    "win_rate": 0.5833333333333334,
    "avg_trade": 119.30001754356337,
    "avg_trade_pct": 0.005194957098075623,
    "max_drawdown": -654.2612564242772,
    "max_drawdown_pct": -0.029399187573670982,
    "final_equity": 27158.0010526138,
    "wins": 35,
    "losses": 25
  },
  "test_metrics": {
    "pnl": 3800.103953573112,
    "return_pct": 0.19000519767865542,
    "trades": 31,
    "win_rate": 0.6451612903225806,
    "avg_trade": 122.58399850235845,
    "avg_trade_pct": 0.005716918956236904,
    "max_drawdown": -853.0300516012248,
    "max_drawdown_pct": -0.036150938626762434,
    "final_equity": 23800.10395357311,
    "wins": 20,
    "losses": 11
  },
  "params": {
    "rsi_required": true,
    "vol_spike": 0.14692700939667816,
    "slip_spread_k": 0.16261053627919875,
    "p_std": 41,
    "use_spike": true,
    "rsi_ob": 84,
    "edge_k": 1.3433174416619624,
    "p_adx": 13,
    "slip_atr_k": 0.10091279214723008,
    "time_stop": 300,
    "use_adx": true,
    "tp_mult": 1.5397841515895663,
    "atr_min_pct": 0.005538527808056425,
    "spread_hl_frac": 0.0399327278960883,
    "strategy": "breakout",
    "atr_max_pct": 0.037739880619702,
    "ema2": 33,
    "p_atr": 22,
    "rsi_os": 32,
    "ema1": 10,
    "tsl_mult": 0.012724324358831732,
    "use_atr": false,
    "edge_cap": 0.9104824296840783,
    "p_sma": 19,
    "rsi_period": 52,
    "adx_thresh": 21.696145885161528,
    "bb_std_mult": 3.176347883015372,
    "use_ema": false,
    "use_sma": false,
    "fee": 0.0004,
    "rsi_key": "rsi52",
    "start_equity": 20000.0,
    "risk_per_trade": 0.05,
    "risk_stop_atr_mult": 1.0,
    "risk_min_stop_frac": 0.001,
    "daily_loss_limit_pct": 0.03,
    "cooldown_bars": 20,
    "fill_timing": "close",
    "bar_priority": "stop_first",
    "session_start": 0,
    "session_end": 24,
    "include_hours_set": "{16, 18, 19, 23}",
    "max_consec_losses": 0,
    "lockout_bars": 0,
    "proba_temp": 1.0,
    "participation_cap": 1.0,
    "price_step": 0.0001,
    "qty_step": 0.0001,
    "min_notional": 5.0,
    "max_notional_pct_equity": 1.0,
    "sides": "short",
    "regime_adapt": false,
    "regime_fast": 50,
    "regime_slow": 200,
    "regime_band": 0.006,
    "round_exits": true,
    "stop_extra_slip": 0.0,
    "regime_overrides": {
      "bull": {
        "allowed_sides": [
          "long",
          "short"
        ],
        "mode": "mean_reversion",
        "bb_std_mult": 2.0169431746748376,
        "tp_mult": 1.9194251920826044,
        "tsl_mult": 0.6891458682949287,
        "time_stop_bars": 214,
        "rsi_required": false,
        "use_adx": true,
        "adx": 18.0,
        "use_atr": true,
        "atr_range": [
          0.0008,
          0.06
        ]
      },
      "sideways": {
        "allowed_sides": [
          "long",
          "short"
        ],
        "mode": "breakout",
        "bb_std_mult": 1.5828092896467827,
        "tp_mult": 2.341879695778944,
        "tsl_mult": 0.651967765830165,
        "time_stop_bars": 235,
        "rsi_required": true,
        "use_adx": true,
        "adx": 15.0,
        "use_atr": true,
        "atr_range": [
          0.001,
          0.14
        ]
      },
      "bear": {
        "allowed_sides": [
          "long",
          "short"
        ],
        "mode": "breakout",
        "bb_std_mult": 1.2571599337995167,
        "tp_mult": 1.7149673432024581,
        "tsl_mult": 0.25,
        "time_stop_bars": 122,
        "rsi_required": true,
        "use_adx": true,
        "adx": 20.0,
        "use_atr": true,
        "atr_range": [
          0.0015,
          0.06
        ]
      }
    },
    "slippage": 0.0008,
    "select_top_k": 3,
    "aggregate_params": "median",
    "objective": "multi",
    "wfo_folds": 5,
    "embargo_bars": 300,
    "use_ml": false,
    "ml_thresh": 0.0
  },
  "guardrails": {
    "max_dd_pct_allowed": 0.04,
    "min_trades_lookback": 50,
    "daily_loss_limit_pct": 0.03,
    "cooldown_bars": 20,
    "fill_timing": "close",
    "bar_priority": "stop_first",
    "session_hours": [
      0,
      24
    ],
    "include_hours": [
      16,
      18,
      19,
      23
    ],
    "consec_loss_lockout": [
      0,
      0
    ],
    "sides": "short"
  },
  "regime": {
    "enabled": false,
    "fast": 50,
    "slow": 200,
    "band": 0.006,
    "overrides": {
      "bull": {
        "allowed_sides": [
          "long",
          "short"
        ],
        "mode": "mean_reversion",
        "bb_std_mult": 2.0169431746748376,
        "tp_mult": 1.9194251920826044,
        "tsl_mult": 0.6891458682949287,
        "time_stop_bars": 214,
        "rsi_required": false,
        "use_adx": true,
        "adx": 18.0,
        "use_atr": true,
        "atr_range": [
          0.0008,
          0.06
        ]
      },
      "sideways": {
        "allowed_sides": [
          "long",
          "short"
        ],
        "mode": "breakout",
        "bb_std_mult": 1.5828092896467827,
        "tp_mult": 2.341879695778944,
        "tsl_mult": 0.651967765830165,
        "time_stop_bars": 235,
        "rsi_required": true,
        "use_adx": true,
        "adx": 15.0,
        "use_atr": true,
        "atr_range": [
          0.001,
          0.14
        ]
      },
      "bear": {
        "allowed_sides": [
          "long",
          "short"
        ],
        "mode": "breakout",
        "bb_std_mult": 1.2571599337995167,
        "tp_mult": 1.7149673432024581,
        "tsl_mult": 0.25,
        "time_stop_bars": 122,
        "rsi_required": true,
        "use_adx": true,
        "adx": 20.0,
        "use_atr": true,
        "atr_range": [
          0.0015,
          0.06
        ]
      }
    }
  },
  "run_config": {
    "trials": 2000,
    "n_jobs": 1,
    "seed": 131,
    "objective": "multi",
    "multi_objective": true,
    "train_frac": 0.6,
    "wfo_folds": 5,
    "embargo_bars": 300,
    "select_top_k": 3,
    "aggregate_params": "median",
    "start_equity": 20000.0,
    "fee": 0.0004,
    "fixed_slippage": 0.0008,
    "min_slippage": 0.0,
    "fill_timing": "close",
    "bar_priority": "stop_first",
    "session_start": 0,
    "session_end": 24,
    "include_hours": "16,18,19,23",
    "sides": "short",
    "regime_adapt": false,
    "regime_fast": 50,
    "regime_slow": 200,
    "regime_band": 0.0,
    "round_exits": true,
    "stop_extra_slip": 0.0
  },
  "metrics_consistent": {
    "return_pct_train_consistent": 0.3579000526306901,
    "return_pct_test_consistent": 0.1900051976786556,
    "suspicious_run": false
  }
}