{
  "created_at": "2025-08-23T04:45:18.168790+00:00",
  "objective": "multi",
  "selection": {
    "dd_cap_pct": 0.07,
    "best_trial": 352,
    "top_k": 3,
    "top_trials": [
      352,
      360,
      339
    ]
  },
  "train_bars": 969686,
  "test_bars": 646458,
  "train_metrics": {
    "pnl": 1329.6672943099975,
    "return_pct": 0.06648336471549987,
    "trades": 170,
    "win_rate": 0.38235294117647056,
    "avg_trade": 7.821572319470573,
    "avg_trade_pct": 0.00038062151376792007,
    "max_drawdown": -269.07674308999776,
    "max_drawdown_pct": -0.012562470781227478,
    "final_equity": 21329.66729431,
    "wins": 65,
    "losses": 105
  },
  "test_metrics": {
    "pnl": 753.798012550009,
    "return_pct": 0.03768990062750044,
    "trades": 95,
    "win_rate": 0.3473684210526316,
    "avg_trade": 7.934715921579043,
    "avg_trade_pct": 0.00039210774798824615,
    "max_drawdown": -192.1532785199961,
    "max_drawdown_pct": -0.009173767085093805,
    "final_equity": 20753.798012550007,
    "wins": 33,
    "losses": 62
  },
  "params": {
    "rsi_period": 26,
    "time_stop": 174,
    "use_spike": true,
    "p_sma": 50,
    "rsi_required": true,
    "slip_spread_k": 0.9721907700770978,
    "rsi_os": 52,
    "p_atr": 30,
    "ema1": 23,
    "tsl_mult": 0.044559970803490334,
    "vol_spike": 0.04596574410114415,
    "atr_min_pct": 0.014216087380566633,
    "use_atr": false,
    "use_ema": true,
    "p_adx": 23,
    "p_std": 46,
    "tp_mult": 1.8602541820612561,
    "ema2": 43,
    "strategy": "breakout",
    "bb_std_mult": 3.070093953471751,
    "atr_max_pct": 0.11664547184459367,
    "adx_thresh": 18.61680363954152,
    "spread_hl_frac": 0.025901084697742077,
    "use_sma": true,
    "edge_cap": 0.6747464214809693,
    "rsi_ob": 65,
    "edge_k": 1.5357138491467373,
    "slip_atr_k": 0.017928252196895592,
    "use_adx": true,
    "fee": 0.0,
    "rsi_key": "rsi26",
    "start_equity": 20000.0,
    "risk_per_trade": 0.2,
    "risk_stop_atr_mult": 1.0,
    "risk_min_stop_frac": 0.001,
    "daily_loss_limit_pct": 0.006,
    "cooldown_bars": 20,
    "fill_timing": "next_open",
    "bar_priority": "stop_first",
    "session_start": 0,
    "session_end": 24,
    "include_hours_set": "{16}",
    "max_consec_losses": 8,
    "lockout_bars": 60,
    "proba_temp": 1.0,
    "participation_cap": 1.0,
    "price_step": 0.0001,
    "qty_step": 0.0001,
    "min_notional": 5.0,
    "max_notional_pct_equity": 0.6,
    "sides": "short",
    "regime_adapt": false,
    "regime_fast": 50,
    "regime_slow": 200,
    "regime_band": 0.006,
    "round_exits": true,
    "stop_extra_slip": 0.0,
    "regime_overrides": {
      "bull": {
        "allowed_sides": [
          "long",
          "short"
        ],
        "mode": "mean_reversion",
        "bb_std_mult": 2.0169431746748376,
        "tp_mult": 1.9194251920826044,
        "tsl_mult": 0.6891458682949287,
        "time_stop_bars": 214,
        "rsi_required": false,
        "use_adx": true,
        "adx": 18.0,
        "use_atr": true,
        "atr_range": [
          0.0008,
          0.06
        ]
      },
      "sideways": {
        "allowed_sides": [
          "long",
          "short"
        ],
        "mode": "breakout",
        "bb_std_mult": 1.5828092896467827,
        "tp_mult": 2.341879695778944,
        "tsl_mult": 0.651967765830165,
        "time_stop_bars": 235,
        "rsi_required": true,
        "use_adx": true,
        "adx": 15.0,
        "use_atr": true,
        "atr_range": [
          0.001,
          0.14
        ]
      },
      "bear": {
        "allowed_sides": [
          "long",
          "short"
        ],
        "mode": "breakout",
        "bb_std_mult": 1.2571599337995167,
        "tp_mult": 1.7149673432024581,
        "tsl_mult": 0.25,
        "time_stop_bars": 122,
        "rsi_required": true,
        "use_adx": true,
        "adx": 20.0,
        "use_atr": true,
        "atr_range": [
          0.0015,
          0.06
        ]
      }
    },
    "slippage": 0.0006,
    "select_top_k": 3,
    "aggregate_params": "median",
    "objective": "multi",
    "wfo_folds": 3,
    "embargo_bars": 0,
    "use_ml": false,
    "ml_thresh": 0.0
  },
  "guardrails": {
    "max_dd_pct_allowed": 0.07,
    "min_trades_lookback": 75,
    "daily_loss_limit_pct": 0.006,
    "cooldown_bars": 20,
    "fill_timing": "next_open",
    "bar_priority": "stop_first",
    "session_hours": [
      0,
      24
    ],
    "include_hours": [
      16
    ],
    "consec_loss_lockout": [
      8,
      60
    ],
    "sides": "short"
  },
  "regime": {
    "enabled": false,
    "fast": 50,
    "slow": 200,
    "band": 0.006,
    "overrides": {
      "bull": {
        "allowed_sides": [
          "long",
          "short"
        ],
        "mode": "mean_reversion",
        "bb_std_mult": 2.0169431746748376,
        "tp_mult": 1.9194251920826044,
        "tsl_mult": 0.6891458682949287,
        "time_stop_bars": 214,
        "rsi_required": false,
        "use_adx": true,
        "adx": 18.0,
        "use_atr": true,
        "atr_range": [
          0.0008,
          0.06
        ]
      },
      "sideways": {
        "allowed_sides": [
          "long",
          "short"
        ],
        "mode": "breakout",
        "bb_std_mult": 1.5828092896467827,
        "tp_mult": 2.341879695778944,
        "tsl_mult": 0.651967765830165,
        "time_stop_bars": 235,
        "rsi_required": true,
        "use_adx": true,
        "adx": 15.0,
        "use_atr": true,
        "atr_range": [
          0.001,
          0.14
        ]
      },
      "bear": {
        "allowed_sides": [
          "long",
          "short"
        ],
        "mode": "breakout",
        "bb_std_mult": 1.2571599337995167,
        "tp_mult": 1.7149673432024581,
        "tsl_mult": 0.25,
        "time_stop_bars": 122,
        "rsi_required": true,
        "use_adx": true,
        "adx": 20.0,
        "use_atr": true,
        "atr_range": [
          0.0015,
          0.06
        ]
      }
    }
  },
  "run_config": {
    "trials": 400,
    "n_jobs": 1,
    "seed": 11,
    "objective": "multi",
    "multi_objective": true,
    "train_frac": 0.6,
    "wfo_folds": 3,
    "embargo_bars": 0,
    "select_top_k": 3,
    "aggregate_params": "median",
    "start_equity": 20000.0,
    "fee": 0.0,
    "fixed_slippage": 0.0006,
    "min_slippage": 0.0,
    "fill_timing": "next_open",
    "bar_priority": "stop_first",
    "session_start": 0,
    "session_end": 24,
    "include_hours": "16",
    "sides": "short",
    "regime_adapt": false,
    "regime_fast": 50,
    "regime_slow": 200,
    "regime_band": 0.0,
    "round_exits": true,
    "stop_extra_slip": 0.0
  },
  "metrics_consistent": {
    "return_pct_train_consistent": 0.06648336471549987,
    "return_pct_test_consistent": 0.03768990062750045,
    "suspicious_run": false
  }
}