{
  "created_at": "2025-08-21T00:24:39.478413+00:00",
  "objective": "multi",
  "selection": {
    "dd_cap_pct": 0.07,
    "best_trial": 200,
    "top_k": 3,
    "top_trials": [
      200,
      199,
      111
    ]
  },
  "train_bars": 1131150,
  "test_bars": 484694,
  "train_metrics": {
    "pnl": 27650713.784979057,
    "return_pct": 1382.535689248951,
    "trades": 13204,
    "win_rate": 0.7800666464707664,
    "avg_trade": 2094.116463570059,
    "avg_trade_pct": 0.000548060506497349,
    "max_drawdown": -104.61140026897192,
    "max_drawdown_pct": -5.361030235317843e-06,
    "final_equity": 27670713.78497902,
    "wins": 10300,
    "losses": 2904
  },
  "test_metrics": {
    "pnl": 299279.53414341947,
    "return_pct": 14.963976707170936,
    "trades": 5530,
    "win_rate": 0.7835443037974683,
    "avg_trade": 54.11926476372866,
    "avg_trade_pct": 0.0005012305303220895,
    "max_drawdown": -0.9121440799790435,
    "max_drawdown_pct": -5.4560905268896665e-06,
    "final_equity": 319279.5341434187,
    "wins": 4333,
    "losses": 1197
  },
  "params": {
    "use_atr": false,
    "spread_hl_frac": 0.0010924708419498062,
    "use_sma": false,
    "use_spike": false,
    "rsi_ob": 68,
    "slip_atr_k": 2.2040498037162952e-05,
    "rsi_os": 29,
    "edge_k": 0.793772653058176,
    "ema2": 26,
    "bb_std_mult": 2.7515065558048204,
    "ema1": 15,
    "tsl_mult": 0.12716344173800714,
    "edge_cap": 0.4547455156971314,
    "vol_spike": 0.2815397556751776,
    "strategy": "breakout",
    "p_adx": 18,
    "atr_max_pct": 0.06091314734020301,
    "rsi_required": false,
    "use_ema": true,
    "tp_mult": 1.8503141703168107,
    "rsi_period": 13,
    "time_stop": 93,
    "adx_thresh": 23.984546338551496,
    "p_atr": 25,
    "p_sma": 35,
    "atr_min_pct": 0.024857906471522875,
    "slip_spread_k": 0.29259695312188017,
    "use_adx": true,
    "p_std": 32,
    "fee": 0.0,
    "rsi_key": "rsi13",
    "start_equity": 20000.0,
    "risk_per_trade": 0.001,
    "risk_stop_atr_mult": 1.0,
    "risk_min_stop_frac": 0.001,
    "daily_loss_limit_pct": 0.03,
    "cooldown_bars": 60,
    "fill_timing": "next_open",
    "bar_priority": "tp_first",
    "session_start": 0,
    "session_end": 24,
    "include_hours_set": "{0, 1, 2, 3, 4, 5, 6, 22, 23}",
    "max_consec_losses": 2,
    "lockout_bars": 150,
    "proba_temp": 1.0,
    "participation_cap": 1.0,
    "price_step": 0.0001,
    "qty_step": 0.0001,
    "min_notional": 5.0,
    "max_notional_pct_equity": 1.0,
    "sides": "both",
    "regime_adapt": true,
    "regime_fast": 50,
    "regime_slow": 200,
    "regime_band": 0.0,
    "round_exits": true,
    "stop_extra_slip": 0.0,
    "regime_overrides": {
      "bull": {
        "strategy": "mean_reversion",
        "bb_std_mult": 2.0169431746748376,
        "rsi_ob": 51,
        "rsi_os": 43,
        "tp_mult": 1.9194251920826044,
        "tsl_mult": 0.6891458682949287,
        "time_stop": 214,
        "use_ema": false,
        "use_adx": true,
        "use_atr": true,
        "rsi_required": false,
        "adx_thresh": 30.312193620918165,
        "atr_min_pct": 0.01765191613765407,
        "atr_max_pct": 0.05817423848665073
      },
      "sideways": {
        "strategy": "breakout",
        "bb_std_mult": 1.5828092896467827,
        "rsi_ob": 58,
        "rsi_os": 19,
        "tp_mult": 2.341879695778944,
        "tsl_mult": 0.651967765830165,
        "time_stop": 235,
        "use_ema": false,
        "use_adx": false,
        "use_atr": false,
        "rsi_required": true,
        "atr_min_pct": 0.015109626219893455,
        "atr_max_pct": 0.13630943049822583
      },
      "bear": {
        "strategy": "breakout",
        "bb_std_mult": 1.2571599337995167,
        "rsi_ob": 70,
        "rsi_os": 52,
        "tp_mult": 1.7149673432024581,
        "tsl_mult": 0.0004102131455224567,
        "time_stop": 122,
        "use_ema": false,
        "use_adx": false,
        "use_atr": false,
        "rsi_required": false,
        "adx_thresh": 31.238766665127454,
        "atr_min_pct": 0.026767463670604112,
        "atr_max_pct": 0.042481859768843486
      }
    },
    "slippage": 0.0,
    "select_top_k": 3,
    "aggregate_params": "median",
    "objective": "multi",
    "wfo_folds": 6,
    "embargo_bars": 150,
    "use_ml": false,
    "ml_thresh": 0.0
  },
  "guardrails": {
    "max_dd_pct_allowed": 0.07,
    "min_trades_lookback": 150,
    "daily_loss_limit_pct": 0.03,
    "cooldown_bars": 60,
    "fill_timing": "next_open",
    "bar_priority": "tp_first",
    "session_hours": [
      0,
      24
    ],
    "include_hours": [
      0,
      1,
      2,
      3,
      4,
      5,
      6,
      22,
      23
    ],
    "consec_loss_lockout": [
      2,
      150
    ],
    "sides": "both"
  },
  "regime": {
    "enabled": true,
    "fast": 50,
    "slow": 200,
    "band": 0.0,
    "overrides": {
      "bull": {
        "strategy": "mean_reversion",
        "bb_std_mult": 2.0169431746748376,
        "rsi_ob": 51,
        "rsi_os": 43,
        "tp_mult": 1.9194251920826044,
        "tsl_mult": 0.6891458682949287,
        "time_stop": 214,
        "use_ema": false,
        "use_adx": true,
        "use_atr": true,
        "rsi_required": false,
        "adx_thresh": 30.312193620918165,
        "atr_min_pct": 0.01765191613765407,
        "atr_max_pct": 0.05817423848665073
      },
      "sideways": {
        "strategy": "breakout",
        "bb_std_mult": 1.5828092896467827,
        "rsi_ob": 58,
        "rsi_os": 19,
        "tp_mult": 2.341879695778944,
        "tsl_mult": 0.651967765830165,
        "time_stop": 235,
        "use_ema": false,
        "use_adx": false,
        "use_atr": false,
        "rsi_required": true,
        "atr_min_pct": 0.015109626219893455,
        "atr_max_pct": 0.13630943049822583
      },
      "bear": {
        "strategy": "breakout",
        "bb_std_mult": 1.2571599337995167,
        "rsi_ob": 70,
        "rsi_os": 52,
        "tp_mult": 1.7149673432024581,
        "tsl_mult": 0.0004102131455224567,
        "time_stop": 122,
        "use_ema": false,
        "use_adx": false,
        "use_atr": false,
        "rsi_required": false,
        "adx_thresh": 31.238766665127454,
        "atr_min_pct": 0.026767463670604112,
        "atr_max_pct": 0.042481859768843486
      }
    }
  },
  "run_config": {
    "trials": 250,
    "n_jobs": 4,
    "seed": 9898,
    "objective": "multi",
    "multi_objective": true,
    "train_frac": 0.7,
    "wfo_folds": 6,
    "embargo_bars": 150,
    "select_top_k": 3,
    "aggregate_params": "median",
    "start_equity": 20000.0,
    "fee": 0.0,
    "fixed_slippage": 0.0,
    "min_slippage": 0.0,
    "fill_timing": "next_open",
    "bar_priority": "tp_first",
    "session_start": 0,
    "session_end": 24,
    "include_hours": "0,1,2,3,4,5,6,22,23",
    "sides": "both",
    "regime_adapt": true,
    "regime_fast": 50,
    "regime_slow": 200,
    "regime_band": 0.0,
    "round_exits": true,
    "stop_extra_slip": 0.0
  },
  "metrics_consistent": {
    "return_pct_train_consistent": 1382.5356892489528,
    "return_pct_test_consistent": 14.963976707170973,
    "suspicious_run": true
  }
}