{
  "created_at": "2025-08-21T00:23:01.635425+00:00",
  "objective": "multi",
  "selection": {
    "dd_cap_pct": 0.07,
    "best_trial": 101,
    "top_k": 3,
    "top_trials": [
      101,
      166,
      180
    ]
  },
  "train_bars": 1131150,
  "test_bars": 484694,
  "train_metrics": {
    "pnl": 457855.9375656403,
    "return_pct": 22.89279687828203,
    "trades": 7100,
    "win_rate": 0.7452112676056338,
    "avg_trade": 64.48675176980849,
    "avg_trade_pct": 0.00044721377848969324,
    "max_drawdown": -1.6224031299352646,
    "max_drawdown_pct": -4.772010244010219e-06,
    "final_equity": 477855.9375656406,
    "wins": 5291,
    "losses": 1809
  },
  "test_metrics": {
    "pnl": 55609.85563257977,
    "return_pct": 2.7804927816289857,
    "trades": 3130,
    "win_rate": 0.755591054313099,
    "avg_trade": 17.766727039162866,
    "avg_trade_pct": 0.0004250660291292093,
    "max_drawdown": -0.2676386900129728,
    "max_drawdown_pct": -4.285209243217532e-06,
    "final_equity": 75609.85563257971,
    "wins": 2365,
    "losses": 765
  },
  "params": {
    "time_stop": 88,
    "tp_mult": 2.4511625127590886,
    "atr_min_pct": 0.01778844548048502,
    "p_adx": 21,
    "rsi_ob": 80,
    "use_atr": false,
    "ema1": 13,
    "atr_max_pct": 0.06556574607589215,
    "use_adx": true,
    "spread_hl_frac": 0.0063231735891167914,
    "strategy": "breakout",
    "adx_thresh": 14.016602846977124,
    "p_std": 9,
    "bb_std_mult": 2.605123224647186,
    "slip_spread_k": 0.027643147282609803,
    "ema2": 30,
    "use_ema": true,
    "slip_atr_k": 0.00015079720767325117,
    "use_sma": false,
    "vol_spike": 0.0929720392217069,
    "rsi_period": 27,
    "edge_k": 1.3799893943323696,
    "tsl_mult": 0.5186811103654229,
    "rsi_required": true,
    "rsi_os": 24,
    "use_spike": false,
    "p_atr": 12,
    "p_sma": 19,
    "edge_cap": 0.7434840814740009,
    "fee": 0.0,
    "rsi_key": "rsi27",
    "start_equity": 20000.0,
    "risk_per_trade": 0.001,
    "risk_stop_atr_mult": 1.0,
    "risk_min_stop_frac": 0.001,
    "daily_loss_limit_pct": 0.03,
    "cooldown_bars": 60,
    "fill_timing": "next_open",
    "bar_priority": "tp_first",
    "session_start": 0,
    "session_end": 24,
    "include_hours_set": "{7, 8, 9, 10, 11, 12}",
    "max_consec_losses": 2,
    "lockout_bars": 150,
    "proba_temp": 1.0,
    "participation_cap": 1.0,
    "price_step": 0.0001,
    "qty_step": 0.0001,
    "min_notional": 5.0,
    "max_notional_pct_equity": 1.0,
    "sides": "long",
    "regime_adapt": true,
    "regime_fast": 50,
    "regime_slow": 200,
    "regime_band": 0.0,
    "round_exits": true,
    "stop_extra_slip": 0.0,
    "regime_overrides": {
      "bull": {
        "strategy": "mean_reversion",
        "bb_std_mult": 2.0169431746748376,
        "rsi_ob": 51,
        "rsi_os": 43,
        "tp_mult": 1.9194251920826044,
        "tsl_mult": 0.6891458682949287,
        "time_stop": 214,
        "use_ema": false,
        "use_adx": true,
        "use_atr": true,
        "rsi_required": false,
        "adx_thresh": 30.312193620918165,
        "atr_min_pct": 0.01765191613765407,
        "atr_max_pct": 0.05817423848665073
      },
      "sideways": {
        "strategy": "breakout",
        "bb_std_mult": 1.5828092896467827,
        "rsi_ob": 58,
        "rsi_os": 19,
        "tp_mult": 2.341879695778944,
        "tsl_mult": 0.651967765830165,
        "time_stop": 235,
        "use_ema": false,
        "use_adx": false,
        "use_atr": false,
        "rsi_required": true,
        "atr_min_pct": 0.015109626219893455,
        "atr_max_pct": 0.13630943049822583
      },
      "bear": {
        "strategy": "breakout",
        "bb_std_mult": 1.2571599337995167,
        "rsi_ob": 70,
        "rsi_os": 52,
        "tp_mult": 1.7149673432024581,
        "tsl_mult": 0.0004102131455224567,
        "time_stop": 122,
        "use_ema": false,
        "use_adx": false,
        "use_atr": false,
        "rsi_required": false,
        "adx_thresh": 31.238766665127454,
        "atr_min_pct": 0.026767463670604112,
        "atr_max_pct": 0.042481859768843486
      }
    },
    "slippage": 0.0,
    "select_top_k": 3,
    "aggregate_params": "median",
    "objective": "multi",
    "wfo_folds": 6,
    "embargo_bars": 150,
    "use_ml": false,
    "ml_thresh": 0.0
  },
  "guardrails": {
    "max_dd_pct_allowed": 0.07,
    "min_trades_lookback": 150,
    "daily_loss_limit_pct": 0.03,
    "cooldown_bars": 60,
    "fill_timing": "next_open",
    "bar_priority": "tp_first",
    "session_hours": [
      0,
      24
    ],
    "include_hours": [
      7,
      8,
      9,
      10,
      11,
      12
    ],
    "consec_loss_lockout": [
      2,
      150
    ],
    "sides": "long"
  },
  "regime": {
    "enabled": true,
    "fast": 50,
    "slow": 200,
    "band": 0.0,
    "overrides": {
      "bull": {
        "strategy": "mean_reversion",
        "bb_std_mult": 2.0169431746748376,
        "rsi_ob": 51,
        "rsi_os": 43,
        "tp_mult": 1.9194251920826044,
        "tsl_mult": 0.6891458682949287,
        "time_stop": 214,
        "use_ema": false,
        "use_adx": true,
        "use_atr": true,
        "rsi_required": false,
        "adx_thresh": 30.312193620918165,
        "atr_min_pct": 0.01765191613765407,
        "atr_max_pct": 0.05817423848665073
      },
      "sideways": {
        "strategy": "breakout",
        "bb_std_mult": 1.5828092896467827,
        "rsi_ob": 58,
        "rsi_os": 19,
        "tp_mult": 2.341879695778944,
        "tsl_mult": 0.651967765830165,
        "time_stop": 235,
        "use_ema": false,
        "use_adx": false,
        "use_atr": false,
        "rsi_required": true,
        "atr_min_pct": 0.015109626219893455,
        "atr_max_pct": 0.13630943049822583
      },
      "bear": {
        "strategy": "breakout",
        "bb_std_mult": 1.2571599337995167,
        "rsi_ob": 70,
        "rsi_os": 52,
        "tp_mult": 1.7149673432024581,
        "tsl_mult": 0.0004102131455224567,
        "time_stop": 122,
        "use_ema": false,
        "use_adx": false,
        "use_atr": false,
        "rsi_required": false,
        "adx_thresh": 31.238766665127454,
        "atr_min_pct": 0.026767463670604112,
        "atr_max_pct": 0.042481859768843486
      }
    }
  },
  "run_config": {
    "trials": 250,
    "n_jobs": 4,
    "seed": 2025,
    "objective": "multi",
    "multi_objective": true,
    "train_frac": 0.7,
    "wfo_folds": 6,
    "embargo_bars": 150,
    "select_top_k": 3,
    "aggregate_params": "median",
    "start_equity": 20000.0,
    "fee": 0.0,
    "fixed_slippage": 0.0,
    "min_slippage": 0.0,
    "fill_timing": "next_open",
    "bar_priority": "tp_first",
    "session_start": 0,
    "session_end": 24,
    "include_hours": "7,8,9,10,11,12",
    "sides": "long",
    "regime_adapt": true,
    "regime_fast": 50,
    "regime_slow": 200,
    "regime_band": 0.0,
    "round_exits": true,
    "stop_extra_slip": 0.0
  },
  "metrics_consistent": {
    "return_pct_train_consistent": 22.892796878282017,
    "return_pct_test_consistent": 2.7804927816289884,
    "suspicious_run": true
  }
}