{
  "created_at": "2025-08-26T09:52:59.499877+00:00",
  "objective": "multi",
  "selection": {
    "dd_cap_pct": 0.08,
    "best_trial": 564,
    "top_k": 1,
    "top_trials": [
      564
    ]
  },
  "train_bars": 969686,
  "test_bars": 646458,
  "train_metrics": {
    "pnl": 66042.60056030285,
    "return_pct": 3.302130028015142,
    "trades": 102,
    "win_rate": 0.5588235294117647,
    "avg_trade": 647.4764760814005,
    "avg_trade_pct": 0.015079420573685649,
    "max_drawdown": -4304.328450994086,
    "max_drawdown_pct": -0.051458601520350665,
    "final_equity": 86042.60056030285,
    "wins": 57,
    "losses": 45
  },
  "test_metrics": {
    "pnl": 35529.77096482494,
    "return_pct": 1.7764885482412462,
    "trades": 62,
    "win_rate": 0.5483870967741935,
    "avg_trade": 573.0608220133055,
    "avg_trade_pct": 0.017629095403779816,
    "max_drawdown": -4754.69870175064,
    "max_drawdown_pct": -0.07973338485540285,
    "final_equity": 55529.77096482492,
    "wins": 34,
    "losses": 28
  },
  "params": {
    "p_sma": 34,
    "p_std": 59,
    "p_atr": 14,
    "p_adx": 23,
    "rsi_period": 35,
    "ema1": 7,
    "ema2": 59,
    "slip_atr_k": 0.005108243578286855,
    "slip_spread_k": 0.32092176683349927,
    "spread_hl_frac": 0.02158825109503211,
    "bb_std_mult": 2.80178004664858,
    "rsi_os": 13,
    "rsi_ob": 59,
    "vol_spike": 0.1602874790226857,
    "adx_thresh": 6.758353799184551,
    "atr_min_pct": 0.004923835517059061,
    "atr_max_pct": 0.13216869970831335,
    "tp_mult": 2.4053271581962856,
    "tsl_mult": 0.00016109514282674348,
    "strategy": "breakout",
    "time_stop": 118,
    "use_sma": false,
    "use_atr": true,
    "use_adx": true,
    "use_ema": false,
    "use_spike": false,
    "rsi_required": true,
    "edge_k": 1.92079670172784,
    "edge_cap": 0.6051217871101372,
    "fee": 0.0004,
    "rsi_key": "rsi35",
    "start_equity": 20000.0,
    "risk_per_trade": 0.05,
    "risk_stop_atr_mult": 1.0,
    "risk_min_stop_frac": 0.001,
    "daily_loss_limit_pct": 0.03,
    "cooldown_bars": 20,
    "fill_timing": "next_open",
    "bar_priority": "stop_first",
    "session_start": 0,
    "session_end": 24,
    "include_hours_set": null,
    "max_consec_losses": 0,
    "lockout_bars": 0,
    "proba_temp": 1.0,
    "participation_cap": 1.0,
    "price_step": 0.0001,
    "qty_step": 0.0001,
    "min_notional": 5.0,
    "max_notional_pct_equity": 1.0,
    "sides": "long",
    "regime_adapt": false,
    "regime_fast": 50,
    "regime_slow": 200,
    "regime_band": 0.006,
    "round_exits": true,
    "stop_extra_slip": 0.0,
    "regime_overrides": {
      "bull": {
        "allowed_sides": [
          "long",
          "short"
        ],
        "mode": "mean_reversion",
        "bb_std_mult": 2.0169431746748376,
        "tp_mult": 1.9194251920826044,
        "tsl_mult": 0.6891458682949287,
        "time_stop_bars": 214,
        "rsi_required": false,
        "use_adx": true,
        "adx": 18.0,
        "use_atr": true,
        "atr_range": [
          0.0008,
          0.06
        ]
      },
      "sideways": {
        "allowed_sides": [
          "long",
          "short"
        ],
        "mode": "breakout",
        "bb_std_mult": 1.5828092896467827,
        "tp_mult": 2.341879695778944,
        "tsl_mult": 0.651967765830165,
        "time_stop_bars": 235,
        "rsi_required": true,
        "use_adx": true,
        "adx": 15.0,
        "use_atr": true,
        "atr_range": [
          0.001,
          0.14
        ]
      },
      "bear": {
        "allowed_sides": [
          "long",
          "short"
        ],
        "mode": "breakout",
        "bb_std_mult": 1.2571599337995167,
        "tp_mult": 1.7149673432024581,
        "tsl_mult": 0.25,
        "time_stop_bars": 122,
        "rsi_required": true,
        "use_adx": true,
        "adx": 20.0,
        "use_atr": true,
        "atr_range": [
          0.0015,
          0.06
        ]
      }
    },
    "slippage": 0.0008,
    "select_top_k": 1,
    "aggregate_params": "median",
    "objective": "multi",
    "wfo_folds": 5,
    "embargo_bars": 0,
    "use_ml": false,
    "ml_thresh": 0.0
  },
  "guardrails": {
    "max_dd_pct_allowed": 0.08,
    "min_trades_lookback": 75,
    "daily_loss_limit_pct": 0.03,
    "cooldown_bars": 20,
    "fill_timing": "next_open",
    "bar_priority": "stop_first",
    "session_hours": [
      0,
      24
    ],
    "include_hours": [],
    "consec_loss_lockout": [
      0,
      0
    ],
    "sides": "long"
  },
  "regime": {
    "enabled": false,
    "fast": 50,
    "slow": 200,
    "band": 0.006,
    "overrides": {
      "bull": {
        "allowed_sides": [
          "long",
          "short"
        ],
        "mode": "mean_reversion",
        "bb_std_mult": 2.0169431746748376,
        "tp_mult": 1.9194251920826044,
        "tsl_mult": 0.6891458682949287,
        "time_stop_bars": 214,
        "rsi_required": false,
        "use_adx": true,
        "adx": 18.0,
        "use_atr": true,
        "atr_range": [
          0.0008,
          0.06
        ]
      },
      "sideways": {
        "allowed_sides": [
          "long",
          "short"
        ],
        "mode": "breakout",
        "bb_std_mult": 1.5828092896467827,
        "tp_mult": 2.341879695778944,
        "tsl_mult": 0.651967765830165,
        "time_stop_bars": 235,
        "rsi_required": true,
        "use_adx": true,
        "adx": 15.0,
        "use_atr": true,
        "atr_range": [
          0.001,
          0.14
        ]
      },
      "bear": {
        "allowed_sides": [
          "long",
          "short"
        ],
        "mode": "breakout",
        "bb_std_mult": 1.2571599337995167,
        "tp_mult": 1.7149673432024581,
        "tsl_mult": 0.25,
        "time_stop_bars": 122,
        "rsi_required": true,
        "use_adx": true,
        "adx": 20.0,
        "use_atr": true,
        "atr_range": [
          0.0015,
          0.06
        ]
      }
    }
  },
  "run_config": {
    "trials": 800,
    "n_jobs": 1,
    "seed": 43,
    "objective": "multi",
    "multi_objective": true,
    "train_frac": 0.6,
    "wfo_folds": 5,
    "embargo_bars": 0,
    "select_top_k": 1,
    "aggregate_params": "median",
    "start_equity": 20000.0,
    "fee": 0.0004,
    "fixed_slippage": 0.0008,
    "min_slippage": 0.0,
    "fill_timing": "next_open",
    "bar_priority": "stop_first",
    "session_start": 0,
    "session_end": 24,
    "include_hours": "16 18 19 22 23",
    "sides": "long",
    "regime_adapt": false,
    "regime_fast": 50,
    "regime_slow": 200,
    "regime_band": 0.0,
    "round_exits": true,
    "stop_extra_slip": 0.0
  },
  "metrics_consistent": {
    "return_pct_train_consistent": 3.302130028015142,
    "return_pct_test_consistent": 1.776488548241247,
    "suspicious_run": true
  }
}