{
  "created_at": "2025-08-25T03:19:57.672789+00:00",
  "objective": "multi",
  "selection": {
    "dd_cap_pct": 0.02,
    "best_trial": 1255,
    "top_k": 3,
    "top_trials": [
      1255,
      1282,
      1257
    ]
  },
  "train_bars": 969686,
  "test_bars": 646458,
  "train_metrics": {
    "pnl": 2647.6051693294467,
    "return_pct": 0.1323802584664724,
    "trades": 29,
    "win_rate": 0.5517241379310345,
    "avg_trade": 91.29672997687747,
    "avg_trade_pct": 0.004348665280376755,
    "max_drawdown": -657.6957567423415,
    "max_drawdown_pct": -0.03034940994838382,
    "final_equity": 22647.605169329447,
    "wins": 16,
    "losses": 13
  },
  "test_metrics": {
    "pnl": 1694.7214055728944,
    "return_pct": 0.08473607027864483,
    "trades": 23,
    "win_rate": 0.6521739130434783,
    "avg_trade": 73.68353937273454,
    "avg_trade_pct": 0.0035678755311668296,
    "max_drawdown": -145.46104744712648,
    "max_drawdown_pct": -0.006744837097555285,
    "final_equity": 21694.721405572895,
    "wins": 15,
    "losses": 8
  },
  "params": {
    "p_adx": 27,
    "adx_thresh": 25.55135870404022,
    "strategy": "mean_reversion",
    "vol_spike": 0.28605986977284,
    "edge_cap": 0.9865040314637226,
    "bb_std_mult": 2.9336566368453183,
    "atr_min_pct": 0.0031830195272925183,
    "rsi_os": 33,
    "rsi_ob": 83,
    "p_atr": 21,
    "slip_atr_k": 0.0038446248724591653,
    "spread_hl_frac": 0.007490319664392132,
    "use_ema": false,
    "ema1": 29,
    "p_sma": 38,
    "time_stop": 14,
    "use_sma": false,
    "edge_k": 0.06586088805001189,
    "use_spike": true,
    "tsl_mult": 0.000593068414601064,
    "use_adx": false,
    "rsi_required": true,
    "slip_spread_k": 0.049211958129298516,
    "rsi_period": 47,
    "use_atr": true,
    "atr_max_pct": 0.03273496363914964,
    "tp_mult": 2.7988000035111154,
    "p_std": 55,
    "ema2": 38,
    "fee": 0.0006,
    "rsi_key": "rsi47",
    "start_equity": 20000.0,
    "risk_per_trade": 0.01,
    "risk_stop_atr_mult": 1.0,
    "risk_min_stop_frac": 0.001,
    "daily_loss_limit_pct": 0.03,
    "cooldown_bars": 20,
    "fill_timing": "next_open",
    "bar_priority": "stop_first",
    "session_start": 0,
    "session_end": 24,
    "include_hours_set": "{16, 18, 19, 22, 23}",
    "max_consec_losses": 0,
    "lockout_bars": 0,
    "proba_temp": 1.0,
    "participation_cap": 1.0,
    "price_step": 0.0001,
    "qty_step": 0.0001,
    "min_notional": 5.0,
    "max_notional_pct_equity": 1.0,
    "sides": "long",
    "regime_adapt": false,
    "regime_fast": 50,
    "regime_slow": 200,
    "regime_band": 0.006,
    "round_exits": true,
    "stop_extra_slip": 0.0,
    "regime_overrides": {
      "bull": {
        "allowed_sides": [
          "long",
          "short"
        ],
        "mode": "mean_reversion",
        "bb_std_mult": 2.0169431746748376,
        "tp_mult": 1.9194251920826044,
        "tsl_mult": 0.6891458682949287,
        "time_stop_bars": 214,
        "rsi_required": false,
        "use_adx": true,
        "adx": 18.0,
        "use_atr": true,
        "atr_range": [
          0.0008,
          0.06
        ]
      },
      "sideways": {
        "allowed_sides": [
          "long",
          "short"
        ],
        "mode": "breakout",
        "bb_std_mult": 1.5828092896467827,
        "tp_mult": 2.341879695778944,
        "tsl_mult": 0.651967765830165,
        "time_stop_bars": 235,
        "rsi_required": true,
        "use_adx": true,
        "adx": 15.0,
        "use_atr": true,
        "atr_range": [
          0.001,
          0.14
        ]
      },
      "bear": {
        "allowed_sides": [
          "long",
          "short"
        ],
        "mode": "breakout",
        "bb_std_mult": 1.2571599337995167,
        "tp_mult": 1.7149673432024581,
        "tsl_mult": 0.25,
        "time_stop_bars": 122,
        "rsi_required": true,
        "use_adx": true,
        "adx": 20.0,
        "use_atr": true,
        "atr_range": [
          0.0015,
          0.06
        ]
      }
    },
    "slippage": 0.0008,
    "select_top_k": 3,
    "aggregate_params": "median",
    "objective": "multi",
    "wfo_folds": 5,
    "embargo_bars": 0,
    "use_ml": false,
    "ml_thresh": 0.0
  },
  "guardrails": {
    "max_dd_pct_allowed": 0.02,
    "min_trades_lookback": 75,
    "daily_loss_limit_pct": 0.03,
    "cooldown_bars": 20,
    "fill_timing": "next_open",
    "bar_priority": "stop_first",
    "session_hours": [
      0,
      24
    ],
    "include_hours": [
      16,
      18,
      19,
      22,
      23
    ],
    "consec_loss_lockout": [
      0,
      0
    ],
    "sides": "long"
  },
  "regime": {
    "enabled": false,
    "fast": 50,
    "slow": 200,
    "band": 0.006,
    "overrides": {
      "bull": {
        "allowed_sides": [
          "long",
          "short"
        ],
        "mode": "mean_reversion",
        "bb_std_mult": 2.0169431746748376,
        "tp_mult": 1.9194251920826044,
        "tsl_mult": 0.6891458682949287,
        "time_stop_bars": 214,
        "rsi_required": false,
        "use_adx": true,
        "adx": 18.0,
        "use_atr": true,
        "atr_range": [
          0.0008,
          0.06
        ]
      },
      "sideways": {
        "allowed_sides": [
          "long",
          "short"
        ],
        "mode": "breakout",
        "bb_std_mult": 1.5828092896467827,
        "tp_mult": 2.341879695778944,
        "tsl_mult": 0.651967765830165,
        "time_stop_bars": 235,
        "rsi_required": true,
        "use_adx": true,
        "adx": 15.0,
        "use_atr": true,
        "atr_range": [
          0.001,
          0.14
        ]
      },
      "bear": {
        "allowed_sides": [
          "long",
          "short"
        ],
        "mode": "breakout",
        "bb_std_mult": 1.2571599337995167,
        "tp_mult": 1.7149673432024581,
        "tsl_mult": 0.25,
        "time_stop_bars": 122,
        "rsi_required": true,
        "use_adx": true,
        "adx": 20.0,
        "use_atr": true,
        "atr_range": [
          0.0015,
          0.06
        ]
      }
    }
  },
  "run_config": {
    "trials": 1500,
    "n_jobs": 1,
    "seed": 43,
    "objective": "multi",
    "multi_objective": true,
    "train_frac": 0.6,
    "wfo_folds": 5,
    "embargo_bars": 0,
    "select_top_k": 3,
    "aggregate_params": "median",
    "start_equity": 20000.0,
    "fee": 0.0006,
    "fixed_slippage": 0.0008,
    "min_slippage": 0.0,
    "fill_timing": "next_open",
    "bar_priority": "stop_first",
    "session_start": 0,
    "session_end": 24,
    "include_hours": "16,18,19,22,23",
    "sides": "long",
    "regime_adapt": false,
    "regime_fast": 50,
    "regime_slow": 200,
    "regime_band": 0.0,
    "round_exits": true,
    "stop_extra_slip": 0.0
  },
  "metrics_consistent": {
    "return_pct_train_consistent": 0.13238025846647233,
    "return_pct_test_consistent": 0.08473607027864472,
    "suspicious_run": false
  }
}