{
  "created_at": "2025-09-01T04:25:15.812265+00:00",
  "objective": "multi",
  "selection": {
    "dd_cap_pct": 0.35,
    "best_trial": 191,
    "top_k": 1,
    "top_trials": [
      191
    ]
  },
  "train_bars": 1131150,
  "test_bars": 484694,
  "train_metrics": {
    "pnl": 0.0,
    "return_pct": 0.0,
    "trades": 0,
    "win_rate": 0.0,
    "avg_trade": 0.0,
    "avg_trade_pct": 0.0,
    "max_drawdown": 0.0,
    "max_drawdown_pct": 0.0,
    "final_equity": 20000.0,
    "wins": 0,
    "losses": 0
  },
  "test_metrics": {
    "pnl": 0.0,
    "return_pct": 0.0,
    "trades": 0,
    "win_rate": 0.0,
    "avg_trade": 0.0,
    "avg_trade_pct": 0.0,
    "max_drawdown": 0.0,
    "max_drawdown_pct": 0.0,
    "final_equity": 20000.0,
    "wins": 0,
    "losses": 0
  },
  "params": {
    "p_sma": 47,
    "p_std": 9,
    "p_atr": 20,
    "p_adx": 17,
    "rsi_period": 72,
    "ema1": 12,
    "ema2": 20,
    "slip_atr_k": 0.055484134980608404,
    "slip_spread_k": 0.5437421235156791,
    "spread_hl_frac": 0.02030637098571458,
    "bb_std_mult": 1.8707436100780468,
    "rsi_os": 20,
    "rsi_ob": 72,
    "vol_spike": 0.14296286698652494,
    "adx_thresh": 18.98549772414444,
    "atr_min_pct": 0.014768201977800046,
    "atr_max_pct": 0.04939237503253102,
    "tp_mult": 2.666880434030695,
    "tsl_mult": 0.21861727113935364,
    "strategy": "mean_reversion",
    "time_stop": 119,
    "use_sma": false,
    "use_atr": true,
    "use_adx": false,
    "use_ema": false,
    "use_spike": false,
    "rsi_required": false,
    "edge_k": 0.4515325461862361,
    "edge_cap": 0.11104228685737665,
    "bull_strategy": "breakout",
    "bull_bb_std_mult": 0.9641511485300023,
    "bull_rsi_os": 18,
    "bull_rsi_ob": 77,
    "bull_adx_thresh": 16.00433216507813,
    "bull_atr_min_pct": 0.013379237990849974,
    "bull_atr_max_pct": 0.12015589483558879,
    "bull_tp_mult": 2.666440385743289,
    "bull_tsl_mult": 0.5779962749242852,
    "bull_time_stop": 193,
    "bull_use_sma": true,
    "bull_use_ema": true,
    "bull_use_atr": false,
    "bull_use_adx": true,
    "bull_use_spike": false,
    "bull_rsi_required": true,
    "bear_strategy": "mean_reversion",
    "bear_bb_std_mult": 2.1662514166055784,
    "bear_rsi_os": 29,
    "bear_rsi_ob": 88,
    "bear_adx_thresh": 21.04041302175111,
    "bear_atr_min_pct": 0.010508506802691912,
    "bear_atr_max_pct": 0.13706956271082013,
    "bear_tp_mult": 1.3825506305318678,
    "bear_tsl_mult": 0.10611386297682616,
    "bear_time_stop": 52,
    "bear_use_sma": true,
    "bear_use_ema": true,
    "bear_use_atr": true,
    "bear_use_adx": true,
    "bear_use_spike": false,
    "bear_rsi_required": true,
    "sideways_strategy": "breakout",
    "sideways_bb_std_mult": 1.710585399818402,
    "sideways_rsi_os": 50,
    "sideways_rsi_ob": 94,
    "sideways_adx_thresh": 18.141669076540108,
    "sideways_atr_min_pct": 0.006382642226702331,
    "sideways_atr_max_pct": 0.07066531609711535,
    "sideways_tp_mult": 1.4817472678136727,
    "sideways_tsl_mult": 0.04450052942432628,
    "sideways_time_stop": 117,
    "sideways_use_sma": true,
    "sideways_use_ema": false,
    "sideways_use_atr": false,
    "sideways_use_adx": false,
    "sideways_use_spike": true,
    "sideways_rsi_required": false,
    "fee": 0.001,
    "rsi_key": "rsi72",
    "start_equity": 20000.0,
    "risk_per_trade": 0.03,
    "risk_stop_atr_mult": 1.0,
    "risk_min_stop_frac": 0.001,
    "daily_loss_limit_pct": 0.12,
    "cooldown_bars": 30,
    "fill_timing": "next_open",
    "bar_priority": "stop_first",
    "session_start": 0,
    "session_end": 24,
    "include_hours_set": "{0, 1, 2, 3}",
    "max_consec_losses": 7,
    "lockout_bars": 100,
    "proba_temp": 1.0,
    "participation_cap": 1.0,
    "price_step": 0.0001,
    "qty_step": 0.0001,
    "min_notional": 5.0,
    "max_notional_pct_equity": 1.0,
    "sides": "short",
    "regime_adapt": true,
    "regime_fast": 50,
    "regime_slow": 200,
    "regime_band": 0.006,
    "round_exits": true,
    "stop_extra_slip": 0.0,
    "regime_overrides": {
      "bull": {
        "allowed_sides": [
          "long",
          "short"
        ],
        "mode": "mean_reversion",
        "bb_std_mult": 2.0169431746748376,
        "tp_mult": 1.9194251920826044,
        "tsl_mult": 0.6891458682949287,
        "time_stop_bars": 214,
        "rsi_required": false,
        "use_adx": true,
        "adx": 18.0,
        "use_atr": true,
        "atr_range": [
          0.0008,
          0.06
        ]
      },
      "sideways": {
        "allowed_sides": [
          "long",
          "short"
        ],
        "mode": "breakout",
        "bb_std_mult": 1.5828092896467827,
        "tp_mult": 2.341879695778944,
        "tsl_mult": 0.651967765830165,
        "time_stop_bars": 235,
        "rsi_required": true,
        "use_adx": true,
        "adx": 15.0,
        "use_atr": true,
        "atr_range": [
          0.001,
          0.14
        ]
      },
      "bear": {
        "allowed_sides": [
          "long",
          "short"
        ],
        "mode": "breakout",
        "bb_std_mult": 1.2571599337995167,
        "tp_mult": 1.7149673432024581,
        "tsl_mult": 0.25,
        "time_stop_bars": 122,
        "rsi_required": true,
        "use_adx": true,
        "adx": 20.0,
        "use_atr": true,
        "atr_range": [
          0.0015,
          0.06
        ]
      }
    },
    "slippage": 0.0006,
    "select_top_k": 1,
    "aggregate_params": "median",
    "objective": "multi",
    "wfo_folds": 6,
    "embargo_bars": 150,
    "use_ml": false,
    "ml_thresh": 0.0
  },
  "guardrails": {
    "max_dd_pct_allowed": 0.35,
    "min_trades_lookback": 120,
    "daily_loss_limit_pct": 0.12,
    "cooldown_bars": 30,
    "fill_timing": "next_open",
    "bar_priority": "stop_first",
    "session_hours": [
      0,
      24
    ],
    "include_hours": [
      0,
      1,
      2,
      3
    ],
    "consec_loss_lockout": [
      7,
      100
    ],
    "sides": "short"
  },
  "regime": {
    "enabled": true,
    "fast": 50,
    "slow": 200,
    "band": 0.006,
    "overrides": {
      "bull": {
        "allowed_sides": [
          "long",
          "short"
        ],
        "mode": "mean_reversion",
        "bb_std_mult": 2.0169431746748376,
        "tp_mult": 1.9194251920826044,
        "tsl_mult": 0.6891458682949287,
        "time_stop_bars": 214,
        "rsi_required": false,
        "use_adx": true,
        "adx": 18.0,
        "use_atr": true,
        "atr_range": [
          0.0008,
          0.06
        ]
      },
      "sideways": {
        "allowed_sides": [
          "long",
          "short"
        ],
        "mode": "breakout",
        "bb_std_mult": 1.5828092896467827,
        "tp_mult": 2.341879695778944,
        "tsl_mult": 0.651967765830165,
        "time_stop_bars": 235,
        "rsi_required": true,
        "use_adx": true,
        "adx": 15.0,
        "use_atr": true,
        "atr_range": [
          0.001,
          0.14
        ]
      },
      "bear": {
        "allowed_sides": [
          "long",
          "short"
        ],
        "mode": "breakout",
        "bb_std_mult": 1.2571599337995167,
        "tp_mult": 1.7149673432024581,
        "tsl_mult": 0.25,
        "time_stop_bars": 122,
        "rsi_required": true,
        "use_adx": true,
        "adx": 20.0,
        "use_atr": true,
        "atr_range": [
          0.0015,
          0.06
        ]
      }
    }
  },
  "run_config": {
    "trials": 600,
    "n_jobs": 4,
    "seed": 913,
    "objective": "multi",
    "multi_objective": true,
    "train_frac": 0.7,
    "wfo_folds": 6,
    "embargo_bars": 150,
    "select_top_k": 1,
    "aggregate_params": "median",
    "start_equity": 20000.0,
    "fee": 0.001,
    "fixed_slippage": 0.0006,
    "min_slippage": 0.0,
    "fill_timing": "next_open",
    "bar_priority": "stop_first",
    "session_start": 0,
    "session_end": 24,
    "include_hours": "0,1,2,3",
    "sides": "short",
    "regime_adapt": true,