{
  "created_at": "2025-08-27T20:59:09.309474+00:00",
  "objective": "multi",
  "selection": {
    "dd_cap_pct": 0.04,
    "best_trial": 337,
    "top_k": 3,
    "top_trials": [
      337,
      355,
      359
    ]
  },
  "train_bars": 969386,
  "test_bars": 646158,
  "train_metrics": {
    "pnl": 15546.707215602226,
    "return_pct": 0.7773353607801112,
    "trades": 39,
    "win_rate": 0.6410256410256411,
    "avg_trade": 398.633518348775,
    "avg_trade_pct": 0.015503455097109056,
    "max_drawdown": -492.9850356882271,
    "max_drawdown_pct": -0.02328607604965829,
    "final_equity": 35546.707215602226,
    "wins": 25,
    "losses": 14
  },
  "test_metrics": {
    "pnl": 7697.288056173353,
    "return_pct": 0.3848644028086676,
    "trades": 32,
    "win_rate": 0.6875,
    "avg_trade": 240.54025175541727,
    "avg_trade_pct": 0.010416710030878082,
    "max_drawdown": -424.6658087375945,
    "max_drawdown_pct": -0.01974537276343261,
    "final_equity": 27697.28805617335,
    "wins": 22,
    "losses": 10
  },
  "params": {
    "time_stop": 60,
    "p_atr": 29,
    "p_sma": 25,
    "bb_std_mult": 2.1525316225233615,
    "rsi_period": 29,
    "strategy": "breakout",
    "atr_max_pct": 0.05035146352208369,
    "use_sma": false,
    "tsl_mult": 0.022047119034693766,
    "p_std": 51,
    "slip_spread_k": 0.6343332562629991,
    "use_ema": true,
    "p_adx": 24,
    "edge_cap": 0.37730374704449005,
    "edge_k": 0.46064632699123603,
    "atr_min_pct": 0.005432728467451994,
    "rsi_required": true,
    "ema2": 38,
    "vol_spike": 0.0325866042022452,
    "tp_mult": 2.3927728157456443,
    "use_atr": true,
    "ema1": 28,
    "rsi_os": 52,
    "slip_atr_k": 0.019151105548933747,
    "rsi_ob": 78,
    "adx_thresh": 34.8345808476394,
    "spread_hl_frac": 0.020506729610443943,
    "use_adx": true,
    "use_spike": false,
    "fee": 0.0008,
    "rsi_key": "rsi29",
    "start_equity": 20000.0,
    "risk_per_trade": 0.05,
    "risk_stop_atr_mult": 1.0,
    "risk_min_stop_frac": 0.001,
    "daily_loss_limit_pct": 0.03,
    "cooldown_bars": 20,
    "fill_timing": "close",
    "bar_priority": "stop_first",
    "session_start": 0,
    "session_end": 24,
    "include_hours_set": null,
    "max_consec_losses": 0,
    "lockout_bars": 0,
    "proba_temp": 1.0,
    "participation_cap": 1.0,
    "price_step": 0.0001,
    "qty_step": 0.0001,
    "min_notional": 5.0,
    "max_notional_pct_equity": 1.0,
    "sides": "both",
    "regime_adapt": false,
    "regime_fast": 50,
    "regime_slow": 200,
    "regime_band": 0.006,
    "round_exits": true,
    "stop_extra_slip": 0.0,
    "regime_overrides": {
      "bull": {
        "allowed_sides": [
          "long",
          "short"
        ],
        "mode": "mean_reversion",
        "bb_std_mult": 2.0169431746748376,
        "tp_mult": 1.9194251920826044,
        "tsl_mult": 0.6891458682949287,
        "time_stop_bars": 214,
        "rsi_required": false,
        "use_adx": true,
        "adx": 18.0,
        "use_atr": true,
        "atr_range": [
          0.0008,
          0.06
        ]
      },
      "sideways": {
        "allowed_sides": [
          "long",
          "short"
        ],
        "mode": "breakout",
        "bb_std_mult": 1.5828092896467827,
        "tp_mult": 2.341879695778944,
        "tsl_mult": 0.651967765830165,
        "time_stop_bars": 235,
        "rsi_required": true,
        "use_adx": true,
        "adx": 15.0,
        "use_atr": true,
        "atr_range": [
          0.001,
          0.14
        ]
      },
      "bear": {
        "allowed_sides": [
          "long",
          "short"
        ],
        "mode": "breakout",
        "bb_std_mult": 1.2571599337995167,
        "tp_mult": 1.7149673432024581,
        "tsl_mult": 0.25,
        "time_stop_bars": 122,
        "rsi_required": true,
        "use_adx": true,
        "adx": 20.0,
        "use_atr": true,
        "atr_range": [
          0.0015,
          0.06
        ]
      }
    },
    "slippage": 0.0012,
    "select_top_k": 3,
    "aggregate_params": "median",
    "objective": "multi",
    "wfo_folds": 5,
    "embargo_bars": 300,
    "use_ml": false,
    "ml_thresh": 0.0
  },
  "guardrails": {
    "max_dd_pct_allowed": 0.04,
    "min_trades_lookback": 50,
    "daily_loss_limit_pct": 0.03,
    "cooldown_bars": 20,
    "fill_timing": "close",
    "bar_priority": "stop_first",
    "session_hours": [
      0,
      24
    ],
    "include_hours": [],
    "consec_loss_lockout": [
      0,
      0
    ],
    "sides": "both"
  },
  "regime": {
    "enabled": false,
    "fast": 50,
    "slow": 200,
    "band": 0.006,
    "overrides": {
      "bull": {
        "allowed_sides": [
          "long",
          "short"
        ],
        "mode": "mean_reversion",
        "bb_std_mult": 2.0169431746748376,
        "tp_mult": 1.9194251920826044,
        "tsl_mult": 0.6891458682949287,
        "time_stop_bars": 214,
        "rsi_required": false,
        "use_adx": true,
        "adx": 18.0,
        "use_atr": true,
        "atr_range": [
          0.0008,
          0.06
        ]
      },
      "sideways": {
        "allowed_sides": [
          "long",
          "short"
        ],
        "mode": "breakout",
        "bb_std_mult": 1.5828092896467827,
        "tp_mult": 2.341879695778944,
        "tsl_mult": 0.651967765830165,
        "time_stop_bars": 235,
        "rsi_required": true,
        "use_adx": true,
        "adx": 15.0,
        "use_atr": true,
        "atr_range": [
          0.001,
          0.14
        ]
      },
      "bear": {
        "allowed_sides": [
          "long",
          "short"
        ],
        "mode": "breakout",
        "bb_std_mult": 1.2571599337995167,
        "tp_mult": 1.7149673432024581,
        "tsl_mult": 0.25,
        "time_stop_bars": 122,
        "rsi_required": true,
        "use_adx": true,
        "adx": 20.0,
        "use_atr": true,
        "atr_range": [
          0.0015,
          0.06
        ]
      }
    }
  },
  "run_config": {
    "trials": 800,
    "n_jobs": 1,
    "seed": 131,
    "objective": "multi",
    "multi_objective": true,
    "train_frac": 0.6,
    "wfo_folds": 5,
    "embargo_bars": 300,
    "select_top_k": 3,
    "aggregate_params": "median",
    "start_equity": 20000.0,
    "fee": 0.0008,
    "fixed_slippage": 0.0012,
    "min_slippage": 0.0,
    "fill_timing": "close",
    "bar_priority": "stop_first",
    "session_start": 0,
    "session_end": 24,
    "include_hours": null,
    "sides": "both",
    "regime_adapt": false,
    "regime_fast": 50,
    "regime_slow": 200,
    "regime_band": 0.0,
    "round_exits": true,
    "stop_extra_slip": 0.0
  },
  "metrics_consistent": {
    "return_pct_train_consistent": 0.7773353607801113,
    "return_pct_test_consistent": 0.3848644028086676,
    "suspicious_run": false
  }
}