{
  "created_at": "2025-08-22T02:06:11.011779+00:00",
  "objective": "multi",
  "selection": {
    "dd_cap_pct": 0.03,
    "best_trial": 343,
    "top_k": 3,
    "top_trials": [
      343,
      345,
      163
    ]
  },
  "train_bars": 1131000,
  "test_bars": 484544,
  "train_metrics": {
    "pnl": 218.8038645999963,
    "return_pct": 0.010940193229999728,
    "trades": 576,
    "win_rate": 0.3020833333333333,
    "avg_trade": 0.3798678204861047,
    "avg_trade_pct": 1.8946672854818982e-05,
    "max_drawdown": -116.23757325999759,
    "max_drawdown_pct": -0.005749108773095026,
    "final_equity": 20218.803864599995,
    "wins": 174,
    "losses": 402
  },
  "test_metrics": {
    "pnl": -250.83600916000142,
    "return_pct": -0.012541800458000019,
    "trades": 204,
    "win_rate": 0.19607843137254902,
    "avg_trade": -1.2295882801960853,
    "avg_trade_pct": -6.184614356265065e-05,
    "max_drawdown": -248.80989231999774,
    "max_drawdown_pct": -0.01244175503847002,
    "final_equity": 19749.16399084,
    "wins": 40,
    "losses": 164
  },
  "params": {
    "p_atr": 30,
    "use_spike": true,
    "use_atr": false,
    "p_std": 17,
    "bb_std_mult": 1.2862281857082098,
    "time_stop": 146,
    "atr_max_pct": 0.1475595226463712,
    "use_adx": true,
    "rsi_os": 33,
    "vol_spike": 0.03988192385133166,
    "edge_cap": 0.25608136326834735,
    "use_ema": false,
    "atr_min_pct": 0.008443538579236784,
    "slip_spread_k": 0.5781137354228078,
    "adx_thresh": 31.97249328592028,
    "p_sma": 52,
    "slip_atr_k": 7.914189408310723e-05,
    "use_sma": true,
    "ema1": 21,
    "spread_hl_frac": 0.0056840618763489914,
    "rsi_period": 68,
    "rsi_required": true,
    "strategy": "mean_reversion",
    "tp_mult": 2.4805501820313314,
    "rsi_ob": 94,
    "ema2": 58,
    "edge_k": 0.16931050237330858,
    "tsl_mult": 0.9153444316023626,
    "p_adx": 28,
    "fee": 0.0,
    "rsi_key": "rsi68",
    "start_equity": 20000.0,
    "risk_per_trade": 0.0006,
    "risk_stop_atr_mult": 1.0,
    "risk_min_stop_frac": 0.001,
    "daily_loss_limit_pct": 0.008,
    "cooldown_bars": 120,
    "fill_timing": "next_open",
    "bar_priority": "stop_first",
    "session_start": 0,
    "session_end": 24,
    "include_hours_set": "{19}",
    "max_consec_losses": 2,
    "lockout_bars": 60,
    "proba_temp": 1.0,
    "participation_cap": 0.08,
    "price_step": 0.0001,
    "qty_step": 0.0001,
    "min_notional": 5.0,
    "max_notional_pct_equity": 0.4,
    "sides": "long",
    "regime_adapt": true,
    "regime_fast": 50,
    "regime_slow": 200,
    "regime_band": 0.0,
    "round_exits": true,
    "stop_extra_slip": 0.0,
    "regime_overrides": {
      "bull": {
        "strategy": "mean_reversion",
        "bb_std_mult": 2.0169431746748376,
        "rsi_ob": 51,
        "rsi_os": 43,
        "tp_mult": 1.9194251920826044,
        "tsl_mult": 0.6891458682949287,
        "time_stop": 214,
        "use_ema": false,
        "use_adx": true,
        "use_atr": true,
        "rsi_required": false,
        "adx_thresh": 30.312193620918165,
        "atr_min_pct": 0.01765191613765407,
        "atr_max_pct": 0.05817423848665073
      },
      "sideways": {
        "strategy": "breakout",
        "bb_std_mult": 1.5828092896467827,
        "rsi_ob": 58,
        "rsi_os": 19,
        "tp_mult": 2.341879695778944,
        "tsl_mult": 0.651967765830165,
        "time_stop": 235,
        "use_ema": false,
        "use_adx": false,
        "use_atr": false,
        "rsi_required": true,
        "atr_min_pct": 0.015109626219893455,
        "atr_max_pct": 0.13630943049822583
      },
      "bear": {
        "strategy": "breakout",
        "bb_std_mult": 1.2571599337995167,
        "rsi_ob": 70,
        "rsi_os": 52,
        "tp_mult": 1.7149673432024581,
        "tsl_mult": 0.0004102131455224567,
        "time_stop": 122,
        "use_ema": false,
        "use_adx": false,
        "use_atr": false,
        "rsi_required": false,
        "adx_thresh": 31.238766665127454,
        "atr_min_pct": 0.026767463670604112,
        "atr_max_pct": 0.042481859768843486
      }
    },
    "slippage": 0.0006,
    "select_top_k": 3,
    "aggregate_params": "median",
    "objective": "multi",
    "wfo_folds": 8,
    "embargo_bars": 300,
    "use_ml": false,
    "ml_thresh": 0.0
  },
  "guardrails": {
    "max_dd_pct_allowed": 0.03,
    "min_trades_lookback": 80,
    "daily_loss_limit_pct": 0.008,
    "cooldown_bars": 120,
    "fill_timing": "next_open",
    "bar_priority": "stop_first",
    "session_hours": [
      0,
      24
    ],
    "include_hours": [
      19
    ],
    "consec_loss_lockout": [
      2,
      60
    ],
    "sides": "long"
  },
  "regime": {
    "enabled": true,
    "fast": 50,
    "slow": 200,
    "band": 0.0,
    "overrides": {
      "bull": {
        "strategy": "mean_reversion",
        "bb_std_mult": 2.0169431746748376,
        "rsi_ob": 51,
        "rsi_os": 43,
        "tp_mult": 1.9194251920826044,
        "tsl_mult": 0.6891458682949287,
        "time_stop": 214,
        "use_ema": false,
        "use_adx": true,
        "use_atr": true,
        "rsi_required": false,
        "adx_thresh": 30.312193620918165,
        "atr_min_pct": 0.01765191613765407,
        "atr_max_pct": 0.05817423848665073
      },
      "sideways": {
        "strategy": "breakout",
        "bb_std_mult": 1.5828092896467827,
        "rsi_ob": 58,
        "rsi_os": 19,
        "tp_mult": 2.341879695778944,
        "tsl_mult": 0.651967765830165,
        "time_stop": 235,
        "use_ema": false,
        "use_adx": false,
        "use_atr": false,
        "rsi_required": true,
        "atr_min_pct": 0.015109626219893455,
        "atr_max_pct": 0.13630943049822583
      },
      "bear": {
        "strategy": "breakout",
        "bb_std_mult": 1.2571599337995167,
        "rsi_ob": 70,
        "rsi_os": 52,
        "tp_mult": 1.7149673432024581,
        "tsl_mult": 0.0004102131455224567,
        "time_stop": 122,
        "use_ema": false,
        "use_adx": false,
        "use_atr": false,
        "rsi_required": false,
        "adx_thresh": 31.238766665127454,
        "atr_min_pct": 0.026767463670604112,
        "atr_max_pct": 0.042481859768843486
      }
    }
  },
  "run_config": {
    "trials": 350,
    "n_jobs": 4,
    "seed": 101,
    "objective": "multi",
    "multi_objective": true,
    "train_frac": 0.7,
    "wfo_folds": 8,
    "embargo_bars": 300,
    "select_top_k": 3,
    "aggregate_params": "median",
    "start_equity": 20000.0,
    "fee": 0.0,
    "fixed_slippage": 0.0006,
    "min_slippage": 0.0,
    "fill_timing": "next_open",
    "bar_priority": "stop_first",
    "session_start": 0,
    "session_end": 24,
    "include_hours": "19",
    "sides": "long",
    "regime_adapt": true,
    "regime_fast": 40,
    "regime_slow": 300,
    "regime_band": 0.3,
    "round_exits": true,
    "stop_extra_slip": 0.0
  },
  "metrics_consistent": {
    "return_pct_train_consistent": 0.010940193229999815,
    "return_pct_test_consistent": -0.01254180045800007,
    "suspicious_run": false
  }
}