{
  "created_at": "2025-08-23T10:25:14.740061+00:00",
  "objective": "multi",
  "selection": {
    "dd_cap_pct": 0.05,
    "best_trial": 660,
    "top_k": 3,
    "top_trials": [
      660,
      687,
      630
    ]
  },
  "train_bars": 969686,
  "test_bars": 646458,
  "train_metrics": {
    "pnl": 41656.03810815001,
    "return_pct": 2.082801905407498,
    "trades": 2239,
    "win_rate": 0.5359535506922734,
    "avg_trade": 18.604751276529704,
    "avg_trade_pct": 0.0005043095874406063,
    "max_drawdown": -620.6268777300429,
    "max_drawdown_pct": -0.010905905163433488,
    "final_equity": 61656.038108149965,
    "wins": 1200,
    "losses": 1039
  },
  "test_metrics": {
    "pnl": 7536.461625830006,
    "return_pct": 0.37682308129150055,
    "trades": 710,
    "win_rate": 0.4943661971830986,
    "avg_trade": 10.614734684267614,
    "avg_trade_pct": 0.00045190982843764846,
    "max_drawdown": -281.38651632999245,
    "max_drawdown_pct": -0.010417002325194236,
    "final_equity": 27536.461625830012,
    "wins": 351,
    "losses": 359
  },
  "params": {
    "p_atr": 9,
    "bb_std_mult": 1.3700559913723749,
    "rsi_required": false,
    "use_atr": true,
    "use_spike": true,
    "rsi_os": 45,
    "vol_spike": 0.17952612818659783,
    "use_sma": true,
    "tp_mult": 1.952331718055599,
    "strategy": "mean_reversion",
    "edge_k": 1.8315054745668817,
    "rsi_ob": 89,
    "atr_max_pct": 0.063227488492365,
    "adx_thresh": 11.33340486495414,
    "ema1": 27,
    "rsi_period": 68,
    "p_adx": 10,
    "p_std": 5,
    "spread_hl_frac": 0.013343994254636334,
    "use_ema": false,
    "use_adx": false,
    "edge_cap": 0.49588634703773954,
    "time_stop": 119,
    "p_sma": 38,
    "tsl_mult": 0.0002504223535383025,
    "slip_atr_k": 0.009154048599335886,
    "atr_min_pct": 0.002747990511027805,
    "slip_spread_k": 0.11254403935522223,
    "ema2": 13,
    "fee": 0.0,
    "rsi_key": "rsi68",
    "start_equity": 20000.0,
    "risk_per_trade": 0.35,
    "risk_stop_atr_mult": 1.0,
    "risk_min_stop_frac": 0.001,
    "daily_loss_limit_pct": 0.008,
    "cooldown_bars": 20,
    "fill_timing": "next_open",
    "bar_priority": "stop_first",
    "session_start": 0,
    "session_end": 24,
    "include_hours_set": "{16, 20, 22}",
    "max_consec_losses": 10,
    "lockout_bars": 60,
    "proba_temp": 1.0,
    "participation_cap": 1.0,
    "price_step": 0.0001,
    "qty_step": 0.0001,
    "min_notional": 5.0,
    "max_notional_pct_equity": 0.75,
    "sides": "both",
    "regime_adapt": false,
    "regime_fast": 50,
    "regime_slow": 200,
    "regime_band": 0.006,
    "round_exits": true,
    "stop_extra_slip": 0.0,
    "regime_overrides": {
      "bull": {
        "allowed_sides": [
          "long",
          "short"
        ],
        "mode": "mean_reversion",
        "bb_std_mult": 2.0169431746748376,
        "tp_mult": 1.9194251920826044,
        "tsl_mult": 0.6891458682949287,
        "time_stop_bars": 214,
        "rsi_required": false,
        "use_adx": true,
        "adx": 18.0,
        "use_atr": true,
        "atr_range": [
          0.0008,
          0.06
        ]
      },
      "sideways": {
        "allowed_sides": [
          "long",
          "short"
        ],
        "mode": "breakout",
        "bb_std_mult": 1.5828092896467827,
        "tp_mult": 2.341879695778944,
        "tsl_mult": 0.651967765830165,
        "time_stop_bars": 235,
        "rsi_required": true,
        "use_adx": true,
        "adx": 15.0,
        "use_atr": true,
        "atr_range": [
          0.001,
          0.14
        ]
      },
      "bear": {
        "allowed_sides": [
          "long",
          "short"
        ],
        "mode": "breakout",
        "bb_std_mult": 1.2571599337995167,
        "tp_mult": 1.7149673432024581,
        "tsl_mult": 0.25,
        "time_stop_bars": 122,
        "rsi_required": true,
        "use_adx": true,
        "adx": 20.0,
        "use_atr": true,
        "atr_range": [
          0.0015,
          0.06
        ]
      }
    },
    "slippage": 0.0006,
    "select_top_k": 3,
    "aggregate_params": "median",
    "objective": "multi",
    "wfo_folds": 3,
    "embargo_bars": 0,
    "use_ml": false,
    "ml_thresh": 0.0
  },
  "guardrails": {
    "max_dd_pct_allowed": 0.05,
    "min_trades_lookback": 75,
    "daily_loss_limit_pct": 0.008,
    "cooldown_bars": 20,
    "fill_timing": "next_open",
    "bar_priority": "stop_first",
    "session_hours": [
      0,
      24
    ],
    "include_hours": [
      16,
      20,
      22
    ],
    "consec_loss_lockout": [
      10,
      60
    ],
    "sides": "both"
  },
  "regime": {
    "enabled": false,
    "fast": 50,
    "slow": 200,
    "band": 0.006,
    "overrides": {
      "bull": {
        "allowed_sides": [
          "long",
          "short"
        ],
        "mode": "mean_reversion",
        "bb_std_mult": 2.0169431746748376,
        "tp_mult": 1.9194251920826044,
        "tsl_mult": 0.6891458682949287,
        "time_stop_bars": 214,
        "rsi_required": false,
        "use_adx": true,
        "adx": 18.0,
        "use_atr": true,
        "atr_range": [
          0.0008,
          0.06
        ]
      },
      "sideways": {
        "allowed_sides": [
          "long",
          "short"
        ],
        "mode": "breakout",
        "bb_std_mult": 1.5828092896467827,
        "tp_mult": 2.341879695778944,
        "tsl_mult": 0.651967765830165,
        "time_stop_bars": 235,
        "rsi_required": true,
        "use_adx": true,
        "adx": 15.0,
        "use_atr": true,
        "atr_range": [
          0.001,
          0.14
        ]
      },
      "bear": {
        "allowed_sides": [
          "long",
          "short"
        ],
        "mode": "breakout",
        "bb_std_mult": 1.2571599337995167,
        "tp_mult": 1.7149673432024581,
        "tsl_mult": 0.25,
        "time_stop_bars": 122,
        "rsi_required": true,
        "use_adx": true,
        "adx": 20.0,
        "use_atr": true,
        "atr_range": [
          0.0015,
          0.06
        ]
      }
    }
  },
  "run_config": {
    "trials": 800,
    "n_jobs": 1,
    "seed": 7,
    "objective": "multi",
    "multi_objective": true,
    "train_frac": 0.6,
    "wfo_folds": 3,
    "embargo_bars": 0,
    "select_top_k": 3,
    "aggregate_params": "median",
    "start_equity": 20000.0,
    "fee": 0.0,
    "fixed_slippage": 0.0006,
    "min_slippage": 0.0,
    "fill_timing": "next_open",
    "bar_priority": "stop_first",
    "session_start": 0,
    "session_end": 24,
    "include_hours": "16,20,22",
    "sides": "both",
    "regime_adapt": false,
    "regime_fast": 50,
    "regime_slow": 200,
    "regime_band": 0.0,
    "round_exits": true,
    "stop_extra_slip": 0.0
  },
  "metrics_consistent": {
    "return_pct_train_consistent": 2.0828019054075004,
    "return_pct_test_consistent": 0.3768230812915003,
    "suspicious_run": false
  }
}