{
  "created_at": "2025-08-29T17:54:37.977975+00:00",
  "objective": "multi",
  "selection": {
    "dd_cap_pct": 0.1,
    "best_trial": 161,
    "top_k": 3,
    "top_trials": [
      161,
      231,
      218
    ]
  },
  "train_bars": 1131180,
  "test_bars": 484724,
  "train_metrics": {
    "pnl": -620.2606136051652,
    "return_pct": -0.03101303068025829,
    "trades": 5391,
    "win_rate": 0.25895010202188834,
    "avg_trade": -0.11505483465130127,
    "avg_trade_pct": -5.843587380619572e-06,
    "max_drawdown": -620.3250795232489,
    "max_drawdown_pct": -0.031016154001920284,
    "final_equity": 19379.739386394835,
    "wins": 1396,
    "losses": 3995
  },
  "test_metrics": {
    "pnl": -118.36668889743997,
    "return_pct": -0.005918334444871998,
    "trades": 967,
    "win_rate": 0.24612202688728024,
    "avg_trade": -0.1224060898629162,
    "avg_trade_pct": -6.1381948187074245e-06,
    "max_drawdown": -118.44887660452514,
    "max_drawdown_pct": -0.005922419492722332,
    "final_equity": 19881.63331110256,
    "wins": 238,
    "losses": 729
  },
  "params": {
    "bull_use_ema": false,
    "bear_use_atr": true,
    "sideways_use_spike": false,
    "bear_tsl_mult": 0.1883360385429771,
    "bear_use_ema": false,
    "bull_use_spike": true,
    "tsl_mult": 0.7639675953366043,
    "bear_adx_thresh": 24.13795591865624,
    "vol_spike": 0.22519683105217717,
    "p_adx": 19,
    "bull_use_sma": true,
    "atr_max_pct": 0.11504279851688379,
    "sideways_time_stop": 11,
    "bull_tp_mult": 2.0467675051634604,
    "atr_min_pct": 0.002517569740612604,
    "bull_adx_thresh": 11.203048007407057,
    "bear_use_adx": false,
    "p_std": 14,
    "sideways_rsi_os": 37,
    "bear_rsi_ob": 52,
    "bear_atr_min_pct": 0.006194431402430357,
    "bull_atr_min_pct": 0.02449405322113801,
    "bear_atr_max_pct": 0.06782368066143184,
    "time_stop": 60,
    "bull_atr_max_pct": 0.11184335441029733,
    "edge_k": 1.9306936015075253,
    "strategy": "breakout",
    "use_sma": true,
    "bull_bb_std_mult": 1.959755438344162,
    "p_sma": 43,
    "slip_atr_k": 0.0045168191044547,
    "bear_use_spike": true,
    "bull_use_adx": true,
    "bull_rsi_os": 17,
    "sideways_rsi_required": true,
    "rsi_ob": 46,
    "bull_tsl_mult": 0.31286654587890783,
    "sideways_tp_mult": 2.393663815149527,
    "rsi_os": 39,
    "adx_thresh": 14.299638439085928,
    "use_atr": true,
    "bear_time_stop": 230,
    "ema2": 55,
    "bull_rsi_required": false,
    "sideways_adx_thresh": 5.624013919843097,
    "bull_strategy": "mean_reversion",
    "use_adx": true,
    "bb_std_mult": 1.9251583690904088,
    "p_atr": 13,
    "bear_rsi_os": 38,
    "ema1": 5,
    "use_ema": false,
    "slip_spread_k": 0.6426599663997785,
    "sideways_use_atr": false,
    "sideways_use_ema": true,
    "rsi_required": false,
    "bear_use_sma": false,
    "sideways_use_sma": false,
    "rsi_period": 9,
    "sideways_atr_max_pct": 0.14223113036067328,
    "sideways_atr_min_pct": 0.018815538831202322,
    "bear_tp_mult": 1.9907859536460588,
    "edge_cap": 0.7563579281224636,
    "use_spike": false,
    "sideways_strategy": "breakout",
    "sideways_tsl_mult": 0.7258772842084854,
    "bull_rsi_ob": 78,
    "sideways_rsi_ob": 78,
    "sideways_use_adx": true,
    "sideways_bb_std_mult": 2.6980411704184264,
    "bear_strategy": "breakout",
    "bear_bb_std_mult": 0.6743301613111266,
    "bull_use_atr": true,
    "bear_rsi_required": true,
    "spread_hl_frac": 0.012174400816348432,
    "bull_time_stop": 37,
    "tp_mult": 2.886315200141678,
    "fee": 0.0005,
    "rsi_key": "rsi9",
    "start_equity": 20000.0,
    "risk_per_trade": 0.003,
    "risk_stop_atr_mult": 1.0,
    "risk_min_stop_frac": 0.001,
    "daily_loss_limit_pct": 0.03,
    "cooldown_bars": 10,
    "fill_timing": "next_open",
    "bar_priority": "stop_first",
    "session_start": 0,
    "session_end": 24,
    "include_hours_set": null,
    "max_consec_losses": 3,
    "lockout_bars": 30,
    "proba_temp": 1.0,
    "participation_cap": 1.0,
    "price_step": 0.0001,
    "qty_step": 0.0001,
    "min_notional": 5.0,
    "max_notional_pct_equity": 1.0,
    "sides": "long",
    "regime_adapt": true,
    "regime_fast": 50,
    "regime_slow": 200,
    "regime_band": 0.006,
    "round_exits": true,
    "stop_extra_slip": 0.0,
    "regime_overrides": {
      "bull": {
        "allowed_sides": [
          "long",
          "short"
        ],
        "mode": "mean_reversion",
        "bb_std_mult": 2.0169431746748376,
        "tp_mult": 1.9194251920826044,
        "tsl_mult": 0.6891458682949287,
        "time_stop_bars": 214,
        "rsi_required": false,
        "use_adx": true,
        "adx": 18.0,
        "use_atr": true,
        "atr_range": [
          0.0008,
          0.06
        ]
      },
      "sideways": {
        "allowed_sides": [
          "long",
          "short"
        ],
        "mode": "breakout",
        "bb_std_mult": 1.5828092896467827,
        "tp_mult": 2.341879695778944,
        "tsl_mult": 0.651967765830165,
        "time_stop_bars": 235,
        "rsi_required": true,
        "use_adx": true,
        "adx": 15.0,
        "use_atr": true,
        "atr_range": [
          0.001,
          0.14
        ]
      },
      "bear": {
        "allowed_sides": [
          "long",
          "short"
        ],
        "mode": "breakout",
        "bb_std_mult": 1.2571599337995167,
        "tp_mult": 1.7149673432024581,
        "tsl_mult": 0.25,
        "time_stop_bars": 122,
        "rsi_required": true,
        "use_adx": true,
        "adx": 20.0,
        "use_atr": true,
        "atr_range": [
          0.0015,
          0.06
        ]
      }
    },
    "slippage": 0.0004,
    "select_top_k": 3,
    "aggregate_params": "median",
    "objective": "multi",
    "wfo_folds": 6,
    "embargo_bars": 120,
    "use_ml": false,
    "ml_thresh": 0.0
  },
  "guardrails": {
    "max_dd_pct_allowed": 0.1,
    "min_trades_lookback": 150,
    "daily_loss_limit_pct": 0.03,
    "cooldown_bars": 10,
    "fill_timing": "next_open",
    "bar_priority": "stop_first",
    "session_hours": [
      0,
      24
    ],
    "include_hours": [],
    "consec_loss_lockout": [
      3,
      30
    ],
    "sides": "long"
  },
  "regime": {
    "enabled": true,
    "fast": 50,
    "slow": 200,
    "band": 0.006,
    "overrides": {
      "bull": {
        "allowed_sides": [
          "long",
          "short"
        ],
        "mode": "mean_reversion",
        "bb_std_mult": 2.0169431746748376,
        "tp_mult": 1.9194251920826044,
        "tsl_mult": 0.6891458682949287,
        "time_stop_bars": 214,
        "rsi_required": false,
        "use_adx": true,
        "adx": 18.0,
        "use_atr": true,
        "atr_range": [
          0.0008,
          0.06
        ]
      },
      "sideways": {
        "allowed_sides": [
          "long",
          "short"
        ],
        "mode": "breakout",
        "bb_std_mult": 1.5828092896467827,
        "tp_mult": 2.341879695778944,
        "tsl_mult": 0.651967765830165,
        "time_stop_bars": 235,
        "rsi_required": true,
        "use_adx": true,
        "adx": 15.0,
        "use_atr": true,
        "atr_range": [
          0.001,
          0.14
        ]
      },
      "bear": {
        "allowed_sides": [
          "long",
          "short"
        ],
        "mode": "breakout",
        "bb_std_mult": 1.2571599337995167,
        "tp_mult": 1.7149673432024581,
        "tsl_mult": 0.25,
        "time_stop_bars": 122,
        "rsi_required": true,
        "use_adx": true,
        "adx": 20.0,
        "use_atr": true,
        "atr_range": [
          0.0015,
          0.06
        ]
      }
    }
  },
  "run_config": {
    "trials": 700,
    "n_jobs": 4,
    "seed": 911,
    "objective": "multi",
    "multi_objective": true,
    "train_frac": 0.7,
    "wfo_folds": 6,
    "embargo_bars": 120,
    "select_top_k": 3,
    "aggregate_params": "median",
    "start_equity": 20000.0,
    "fee": 0.0005,
    "fixed_slippage": 0.0004,