{
  "created_at": "2025-08-26T19:55:27.413960+00:00",
  "objective": "multi",
  "selection": {
    "dd_cap_pct": 0.06,
    "best_trial": 752,
    "top_k": 1,
    "top_trials": [
      752
    ]
  },
  "train_bars": 969626,
  "test_bars": 646398,
  "train_metrics": {
    "pnl": 345.7188972654546,
    "return_pct": 0.01728594486327273,
    "trades": 23,
    "win_rate": 0.30434782608695654,
    "avg_trade": 15.031256402845852,
    "avg_trade_pct": 0.0007648851319109457,
    "max_drawdown": -275.5968182885699,
    "max_drawdown_pct": -0.013692728160340803,
    "final_equity": 20345.718897265455,
    "wins": 7,
    "losses": 16
  },
  "test_metrics": {
    "pnl": 1276.3644885405088,
    "return_pct": 0.06381822442702534,
    "trades": 8,
    "win_rate": 0.75,
    "avg_trade": 159.5455610675636,
    "avg_trade_pct": 0.00780409500399081,
    "max_drawdown": -92.43389848840161,
    "max_drawdown_pct": -0.004350410111608689,
    "final_equity": 21276.36448854051,
    "wins": 6,
    "losses": 2
  },
  "params": {
    "p_sma": 34,
    "p_std": 23,
    "p_atr": 21,
    "p_adx": 12,
    "rsi_period": 32,
    "ema1": 28,
    "ema2": 39,
    "slip_atr_k": 0.11603459284888398,
    "slip_spread_k": 0.3852681400492604,
    "spread_hl_frac": 0.033466071473605336,
    "bb_std_mult": 2.997057876680102,
    "rsi_os": 27,
    "rsi_ob": 73,
    "vol_spike": 0.069649769061069,
    "adx_thresh": 19.779115819320545,
    "atr_min_pct": 0.0036860996957295555,
    "atr_max_pct": 0.019231426521002185,
    "tp_mult": 1.8468255051819553,
    "tsl_mult": 0.07163365831323149,
    "strategy": "breakout",
    "time_stop": 164,
    "use_sma": true,
    "use_atr": true,
    "use_adx": true,
    "use_ema": false,
    "use_spike": true,
    "rsi_required": true,
    "edge_k": 1.4930400595208584,
    "edge_cap": 0.3195975495505213,
    "fee": 0.0004,
    "rsi_key": "rsi32",
    "start_equity": 20000.0,
    "risk_per_trade": 0.07,
    "risk_stop_atr_mult": 1.0,
    "risk_min_stop_frac": 0.001,
    "daily_loss_limit_pct": 0.03,
    "cooldown_bars": 20,
    "fill_timing": "next_open",
    "bar_priority": "stop_first",
    "session_start": 0,
    "session_end": 24,
    "include_hours_set": "{16, 18, 19, 22, 23}",
    "max_consec_losses": 0,
    "lockout_bars": 0,
    "proba_temp": 1.0,
    "participation_cap": 1.0,
    "price_step": 0.0001,
    "qty_step": 0.0001,
    "min_notional": 5.0,
    "max_notional_pct_equity": 1.0,
    "sides": "long",
    "regime_adapt": false,
    "regime_fast": 50,
    "regime_slow": 200,
    "regime_band": 0.006,
    "round_exits": true,
    "stop_extra_slip": 0.0,
    "regime_overrides": {
      "bull": {
        "allowed_sides": [
          "long",
          "short"
        ],
        "mode": "mean_reversion",
        "bb_std_mult": 2.0169431746748376,
        "tp_mult": 1.9194251920826044,
        "tsl_mult": 0.6891458682949287,
        "time_stop_bars": 214,
        "rsi_required": false,
        "use_adx": true,
        "adx": 18.0,
        "use_atr": true,
        "atr_range": [
          0.0008,
          0.06
        ]
      },
      "sideways": {
        "allowed_sides": [
          "long",
          "short"
        ],
        "mode": "breakout",
        "bb_std_mult": 1.5828092896467827,
        "tp_mult": 2.341879695778944,
        "tsl_mult": 0.651967765830165,
        "time_stop_bars": 235,
        "rsi_required": true,
        "use_adx": true,
        "adx": 15.0,
        "use_atr": true,
        "atr_range": [
          0.001,
          0.14
        ]
      },
      "bear": {
        "allowed_sides": [
          "long",
          "short"
        ],
        "mode": "breakout",
        "bb_std_mult": 1.2571599337995167,
        "tp_mult": 1.7149673432024581,
        "tsl_mult": 0.25,
        "time_stop_bars": 122,
        "rsi_required": true,
        "use_adx": true,
        "adx": 20.0,
        "use_atr": true,
        "atr_range": [
          0.0015,
          0.06
        ]
      }
    },
    "slippage": 0.0008,
    "select_top_k": 1,
    "aggregate_params": "median",
    "objective": "multi",
    "wfo_folds": 8,
    "embargo_bars": 60,
    "use_ml": false,
    "ml_thresh": 0.0
  },
  "guardrails": {
    "max_dd_pct_allowed": 0.06,
    "min_trades_lookback": 30,
    "daily_loss_limit_pct": 0.03,
    "cooldown_bars": 20,
    "fill_timing": "next_open",
    "bar_priority": "stop_first",
    "session_hours": [
      0,
      24
    ],
    "include_hours": [
      16,
      18,
      19,
      22,
      23
    ],
    "consec_loss_lockout": [
      0,
      0
    ],
    "sides": "long"
  },
  "regime": {
    "enabled": false,
    "fast": 50,
    "slow": 200,
    "band": 0.006,
    "overrides": {
      "bull": {
        "allowed_sides": [
          "long",
          "short"
        ],
        "mode": "mean_reversion",
        "bb_std_mult": 2.0169431746748376,
        "tp_mult": 1.9194251920826044,
        "tsl_mult": 0.6891458682949287,
        "time_stop_bars": 214,
        "rsi_required": false,
        "use_adx": true,
        "adx": 18.0,
        "use_atr": true,
        "atr_range": [
          0.0008,
          0.06
        ]
      },
      "sideways": {
        "allowed_sides": [
          "long",
          "short"
        ],
        "mode": "breakout",
        "bb_std_mult": 1.5828092896467827,
        "tp_mult": 2.341879695778944,
        "tsl_mult": 0.651967765830165,
        "time_stop_bars": 235,
        "rsi_required": true,
        "use_adx": true,
        "adx": 15.0,
        "use_atr": true,
        "atr_range": [
          0.001,
          0.14
        ]
      },
      "bear": {
        "allowed_sides": [
          "long",
          "short"
        ],
        "mode": "breakout",
        "bb_std_mult": 1.2571599337995167,
        "tp_mult": 1.7149673432024581,
        "tsl_mult": 0.25,
        "time_stop_bars": 122,
        "rsi_required": true,
        "use_adx": true,
        "adx": 20.0,
        "use_atr": true,
        "atr_range": [
          0.0015,
          0.06
        ]
      }
    }
  },
  "run_config": {
    "trials": 800,
    "n_jobs": 1,
    "seed": 21,
    "objective": "multi",
    "multi_objective": true,
    "train_frac": 0.6,
    "wfo_folds": 8,
    "embargo_bars": 60,
    "select_top_k": 1,
    "aggregate_params": "median",
    "start_equity": 20000.0,
    "fee": 0.0004,
    "fixed_slippage": 0.0008,
    "min_slippage": 0.0,
    "fill_timing": "next_open",
    "bar_priority": "stop_first",
    "session_start": 0,
    "session_end": 24,
    "include_hours": "16,18,19,22,23",
    "sides": "long",
    "regime_adapt": false,
    "regime_fast": 50,
    "regime_slow": 200,
    "regime_band": 0.0,
    "round_exits": true,
    "stop_extra_slip": 0.0
  },
  "metrics_consistent": {
    "return_pct_train_consistent": 0.01728594486327273,
    "return_pct_test_consistent": 0.06381822442702544,
    "suspicious_run": false
  }
}