{
  "created_at": "2025-09-01T04:09:38.506912+00:00",
  "objective": "multi",
  "selection": {
    "dd_cap_pct": 0.35,
    "best_trial": 601,
    "top_k": 1,
    "top_trials": [
      601
    ]
  },
  "train_bars": 1131150,
  "test_bars": 484694,
  "train_metrics": {
    "pnl": 0.0,
    "return_pct": 0.0,
    "trades": 0,
    "win_rate": 0.0,
    "avg_trade": 0.0,
    "avg_trade_pct": 0.0,
    "max_drawdown": 0.0,
    "max_drawdown_pct": 0.0,
    "final_equity": 20000.0,
    "wins": 0,
    "losses": 0
  },
  "test_metrics": {
    "pnl": 0.0,
    "return_pct": 0.0,
    "trades": 0,
    "win_rate": 0.0,
    "avg_trade": 0.0,
    "avg_trade_pct": 0.0,
    "max_drawdown": 0.0,
    "max_drawdown_pct": 0.0,
    "final_equity": 20000.0,
    "wins": 0,
    "losses": 0
  },
  "params": {
    "p_sma": 58,
    "p_std": 22,
    "p_atr": 27,
    "p_adx": 28,
    "rsi_period": 28,
    "ema1": 20,
    "ema2": 24,
    "slip_atr_k": 0.040983445176338645,
    "slip_spread_k": 0.813799994829967,
    "spread_hl_frac": 0.010642684026965008,
    "bb_std_mult": 2.3747787537638843,
    "rsi_os": 42,
    "rsi_ob": 86,
    "vol_spike": 0.28347270775537964,
    "adx_thresh": 6.562567155986409,
    "atr_min_pct": 0.01581819543176997,
    "atr_max_pct": 0.0752501400696826,
    "tp_mult": 1.4632030935912963,
    "tsl_mult": 0.47172803515472167,
    "strategy": "mean_reversion",
    "time_stop": 177,
    "use_sma": false,
    "use_atr": true,
    "use_adx": false,
    "use_ema": false,
    "use_spike": true,
    "rsi_required": false,
    "edge_k": 0.5860954886404813,
    "edge_cap": 0.20246576796759685,
    "bull_strategy": "breakout",
    "bull_bb_std_mult": 2.985556196554067,
    "bull_rsi_os": 45,
    "bull_rsi_ob": 51,
    "bull_adx_thresh": 19.14548812908996,
    "bull_atr_min_pct": 0.010075540315621924,
    "bull_atr_max_pct": 0.05195246904687955,
    "bull_tp_mult": 2.1787369937015826,
    "bull_tsl_mult": 0.06670902784841437,
    "bull_time_stop": 133,
    "bull_use_sma": true,
    "bull_use_ema": true,
    "bull_use_atr": true,
    "bull_use_adx": true,
    "bull_use_spike": false,
    "bull_rsi_required": false,
    "bear_strategy": "breakout",
    "bear_bb_std_mult": 0.5610120459275565,
    "bear_rsi_os": 50,
    "bear_rsi_ob": 91,
    "bear_adx_thresh": 12.991577672068084,
    "bear_atr_min_pct": 0.01220434569961553,
    "bear_atr_max_pct": 0.01673554491727995,
    "bear_tp_mult": 1.5624024272042627,
    "bear_tsl_mult": 0.0429827722120647,
    "bear_time_stop": 154,
    "bear_use_sma": true,
    "bear_use_ema": false,
    "bear_use_atr": true,
    "bear_use_adx": true,
    "bear_use_spike": false,
    "bear_rsi_required": false,
    "sideways_strategy": "breakout",
    "sideways_bb_std_mult": 0.7211829081852791,
    "sideways_rsi_os": 53,
    "sideways_rsi_ob": 82,
    "sideways_adx_thresh": 29.82515407370323,
    "sideways_atr_min_pct": 0.0056361315133157475,
    "sideways_atr_max_pct": 0.05487206696181425,
    "sideways_tp_mult": 2.300740650839336,
    "sideways_tsl_mult": 0.5472345737322241,
    "sideways_time_stop": 251,
    "sideways_use_sma": false,
    "sideways_use_ema": true,
    "sideways_use_atr": true,
    "sideways_use_adx": true,
    "sideways_use_spike": false,
    "sideways_rsi_required": false,
    "fee": 0.001,
    "rsi_key": "rsi28",
    "start_equity": 20000.0,
    "risk_per_trade": 0.04,
    "risk_stop_atr_mult": 1.0,
    "risk_min_stop_frac": 0.001,
    "daily_loss_limit_pct": 0.12,
    "cooldown_bars": 30,
    "fill_timing": "next_open",
    "bar_priority": "stop_first",
    "session_start": 0,
    "session_end": 24,
    "include_hours_set": "{0, 1, 2, 3}",
    "max_consec_losses": 7,
    "lockout_bars": 100,
    "proba_temp": 1.0,
    "participation_cap": 1.0,
    "price_step": 0.0001,
    "qty_step": 0.0001,
    "min_notional": 5.0,
    "max_notional_pct_equity": 1.0,
    "sides": "short",
    "regime_adapt": true,
    "regime_fast": 50,
    "regime_slow": 200,
    "regime_band": 0.006,
    "round_exits": true,
    "stop_extra_slip": 0.0,
    "regime_overrides": {
      "bull": {
        "allowed_sides": [
          "long",
          "short"
        ],
        "mode": "mean_reversion",
        "bb_std_mult": 2.0169431746748376,
        "tp_mult": 1.9194251920826044,
        "tsl_mult": 0.6891458682949287,
        "time_stop_bars": 214,
        "rsi_required": false,
        "use_adx": true,
        "adx": 18.0,
        "use_atr": true,
        "atr_range": [
          0.0008,
          0.06
        ]
      },
      "sideways": {
        "allowed_sides": [
          "long",
          "short"
        ],
        "mode": "breakout",
        "bb_std_mult": 1.5828092896467827,
        "tp_mult": 2.341879695778944,
        "tsl_mult": 0.651967765830165,
        "time_stop_bars": 235,
        "rsi_required": true,
        "use_adx": true,
        "adx": 15.0,
        "use_atr": true,
        "atr_range": [
          0.001,
          0.14
        ]
      },
      "bear": {
        "allowed_sides": [
          "long",
          "short"
        ],
        "mode": "breakout",
        "bb_std_mult": 1.2571599337995167,
        "tp_mult": 1.7149673432024581,
        "tsl_mult": 0.25,
        "time_stop_bars": 122,
        "rsi_required": true,
        "use_adx": true,
        "adx": 20.0,
        "use_atr": true,
        "atr_range": [
          0.0015,
          0.06
        ]
      }
    },
    "slippage": 0.0006,
    "select_top_k": 1,
    "aggregate_params": "median",
    "objective": "multi",
    "wfo_folds": 6,
    "embargo_bars": 150,
    "use_ml": false,
    "ml_thresh": 0.0
  },
  "guardrails": {
    "max_dd_pct_allowed": 0.35,
    "min_trades_lookback": 100,
    "daily_loss_limit_pct": 0.12,
    "cooldown_bars": 30,
    "fill_timing": "next_open",
    "bar_priority": "stop_first",
    "session_hours": [
      0,
      24
    ],
    "include_hours": [
      0,
      1,
      2,
      3
    ],
    "consec_loss_lockout": [
      7,
      100
    ],
    "sides": "short"
  },
  "regime": {
    "enabled": true,
    "fast": 50,
    "slow": 200,
    "band": 0.006,
    "overrides": {
      "bull": {
        "allowed_sides": [
          "long",
          "short"
        ],
        "mode": "mean_reversion",
        "bb_std_mult": 2.0169431746748376,
        "tp_mult": 1.9194251920826044,
        "tsl_mult": 0.6891458682949287,
        "time_stop_bars": 214,
        "rsi_required": false,
        "use_adx": true,
        "adx": 18.0,
        "use_atr": true,
        "atr_range": [
          0.0008,
          0.06
        ]
      },
      "sideways": {
        "allowed_sides": [
          "long",
          "short"
        ],
        "mode": "breakout",
        "bb_std_mult": 1.5828092896467827,
        "tp_mult": 2.341879695778944,
        "tsl_mult": 0.651967765830165,
        "time_stop_bars": 235,
        "rsi_required": true,
        "use_adx": true,
        "adx": 15.0,
        "use_atr": true,
        "atr_range": [
          0.001,
          0.14
        ]
      },
      "bear": {
        "allowed_sides": [
          "long",
          "short"
        ],
        "mode": "breakout",
        "bb_std_mult": 1.2571599337995167,
        "tp_mult": 1.7149673432024581,
        "tsl_mult": 0.25,
        "time_stop_bars": 122,
        "rsi_required": true,
        "use_adx": true,
        "adx": 20.0,
        "use_atr": true,
        "atr_range": [
          0.0015,
          0.06
        ]
      }
    }
  },
  "run_config": {
    "trials": 2000,
    "n_jobs": 4,
    "seed": 911,
    "objective": "multi",
    "multi_objective": true,
    "train_frac": 0.7,
    "wfo_folds": 6,
    "embargo_bars": 150,
    "select_top_k": 1,
    "aggregate_params": "median",
    "start_equity": 20000.0,
    "fee": 0.001,
    "fixed_slippage": 0.0006,
    "min_slippage": 0.0,
    "fill_timing": "next_open",
    "bar_priority": "stop_first",
    "session_start": 0,
    "session_end": 24,
    "include_hours": "0,1,2,3",
    "sides": "short",
    "regime_adapt": true,