{
  "created_at": "2025-08-28T21:35:47.975832+00:00",
  "objective": "multi",
  "selection": {
    "dd_cap_pct": 0.06,
    "best_trial": 945,
    "top_k": 1,
    "top_trials": [
      945
    ]
  },
  "train_bars": 969686,
  "test_bars": 646458,
  "train_metrics": {
    "pnl": 540589.6935004692,
    "return_pct": 27.029484675023447,
    "trades": 2540,
    "win_rate": 0.4937007874015748,
    "avg_trade": 212.8305879923107,
    "avg_trade_pct": 0.0013299629937310385,
    "max_drawdown": -20082.79434466973,
    "max_drawdown_pct": -0.050911555768074296,
    "final_equity": 560589.693500469,
    "wins": 1254,
    "losses": 1286
  },
  "test_metrics": {
    "pnl": 80715.05244414535,
    "return_pct": 4.035752622207264,
    "trades": 635,
    "win_rate": 0.5133858267716536,
    "avg_trade": 127.11031880967771,
    "avg_trade_pct": 0.002585590324990548,
    "max_drawdown": -2810.3836614541215,
    "max_drawdown_pct": -0.03779572086875842,
    "final_equity": 100715.05244414529,
    "wins": 326,
    "losses": 309
  },
  "params": {
    "p_sma": 33,
    "p_std": 10,
    "p_atr": 12,
    "p_adx": 18,
    "rsi_period": 64,
    "ema1": 30,
    "ema2": 59,
    "slip_atr_k": 0.013927138371818828,
    "slip_spread_k": 0.0752687199889743,
    "spread_hl_frac": 0.04987734923820925,
    "bb_std_mult": 2.008394014580953,
    "rsi_os": 50,
    "rsi_ob": 72,
    "vol_spike": 0.19227214580756438,
    "adx_thresh": 30.14730103707214,
    "atr_min_pct": 0.0041491821637923846,
    "atr_max_pct": 0.06613244936379409,
    "tp_mult": 2.5949822007964096,
    "tsl_mult": 8.435609351063527e-05,
    "strategy": "breakout",
    "time_stop": 197,
    "use_sma": true,
    "use_atr": true,
    "use_adx": false,
    "use_ema": false,
    "use_spike": false,
    "rsi_required": false,
    "edge_k": 0.33064749001378496,
    "edge_cap": 0.198172535703177,
    "fee": 0.0008,
    "rsi_key": "rsi64",
    "start_equity": 20000.0,
    "risk_per_trade": 0.01,
    "risk_stop_atr_mult": 1.0,
    "risk_min_stop_frac": 0.001,
    "daily_loss_limit_pct": 0.03,
    "cooldown_bars": 20,
    "fill_timing": "next_open",
    "bar_priority": "stop_first",
    "session_start": 0,
    "session_end": 24,
    "include_hours_set": null,
    "max_consec_losses": 0,
    "lockout_bars": 0,
    "proba_temp": 1.0,
    "participation_cap": 1.0,
    "price_step": 0.0001,
    "qty_step": 0.0001,
    "min_notional": 5.0,
    "max_notional_pct_equity": 1.0,
    "sides": "short",
    "regime_adapt": false,
    "regime_fast": 50,
    "regime_slow": 200,
    "regime_band": 0.006,
    "round_exits": true,
    "stop_extra_slip": 0.0,
    "regime_overrides": {
      "bull": {
        "allowed_sides": [
          "long",
          "short"
        ],
        "mode": "mean_reversion",
        "bb_std_mult": 2.0169431746748376,
        "tp_mult": 1.9194251920826044,
        "tsl_mult": 0.6891458682949287,
        "time_stop_bars": 214,
        "rsi_required": false,
        "use_adx": true,
        "adx": 18.0,
        "use_atr": true,
        "atr_range": [
          0.0008,
          0.06
        ]
      },
      "sideways": {
        "allowed_sides": [
          "long",
          "short"
        ],
        "mode": "breakout",
        "bb_std_mult": 1.5828092896467827,
        "tp_mult": 2.341879695778944,
        "tsl_mult": 0.651967765830165,
        "time_stop_bars": 235,
        "rsi_required": true,
        "use_adx": true,
        "adx": 15.0,
        "use_atr": true,
        "atr_range": [
          0.001,
          0.14
        ]
      },
      "bear": {
        "allowed_sides": [
          "long",
          "short"
        ],
        "mode": "breakout",
        "bb_std_mult": 1.2571599337995167,
        "tp_mult": 1.7149673432024581,
        "tsl_mult": 0.25,
        "time_stop_bars": 122,
        "rsi_required": true,
        "use_adx": true,
        "adx": 20.0,
        "use_atr": true,
        "atr_range": [
          0.0015,
          0.06
        ]
      }
    },
    "slippage": 0.0002,
    "select_top_k": 1,
    "aggregate_params": "median",
    "objective": "multi",
    "wfo_folds": 5,
    "embargo_bars": 0,
    "use_ml": false,
    "ml_thresh": 0.0
  },
  "guardrails": {
    "max_dd_pct_allowed": 0.06,
    "min_trades_lookback": 75,
    "daily_loss_limit_pct": 0.03,
    "cooldown_bars": 20,
    "fill_timing": "next_open",
    "bar_priority": "stop_first",
    "session_hours": [
      0,
      24
    ],
    "include_hours": [],
    "consec_loss_lockout": [
      0,
      0
    ],
    "sides": "short"
  },
  "regime": {
    "enabled": false,
    "fast": 50,
    "slow": 200,
    "band": 0.006,
    "overrides": {
      "bull": {
        "allowed_sides": [
          "long",
          "short"
        ],
        "mode": "mean_reversion",
        "bb_std_mult": 2.0169431746748376,
        "tp_mult": 1.9194251920826044,
        "tsl_mult": 0.6891458682949287,
        "time_stop_bars": 214,
        "rsi_required": false,
        "use_adx": true,
        "adx": 18.0,
        "use_atr": true,
        "atr_range": [
          0.0008,
          0.06
        ]
      },
      "sideways": {
        "allowed_sides": [
          "long",
          "short"
        ],
        "mode": "breakout",
        "bb_std_mult": 1.5828092896467827,
        "tp_mult": 2.341879695778944,
        "tsl_mult": 0.651967765830165,
        "time_stop_bars": 235,
        "rsi_required": true,
        "use_adx": true,
        "adx": 15.0,
        "use_atr": true,
        "atr_range": [
          0.001,
          0.14
        ]
      },
      "bear": {
        "allowed_sides": [
          "long",
          "short"
        ],
        "mode": "breakout",
        "bb_std_mult": 1.2571599337995167,
        "tp_mult": 1.7149673432024581,
        "tsl_mult": 0.25,
        "time_stop_bars": 122,
        "rsi_required": true,
        "use_adx": true,
        "adx": 20.0,
        "use_atr": true,
        "atr_range": [
          0.0015,
          0.06
        ]
      }
    }
  },
  "run_config": {
    "trials": 1000,
    "n_jobs": 1,
    "seed": 131,
    "objective": "multi",
    "multi_objective": true,
    "train_frac": 0.6,
    "wfo_folds": 5,
    "embargo_bars": 0,
    "select_top_k": 1,
    "aggregate_params": "median",
    "start_equity": 20000.0,
    "fee": 0.0008,
    "fixed_slippage": 0.0002,
    "min_slippage": 0.0,
    "fill_timing": "next_open",
    "bar_priority": "stop_first",
    "session_start": 0,
    "session_end": 24,
    "include_hours": null,
    "sides": "short",
    "regime_adapt": false,
    "regime_fast": 50,
    "regime_slow": 200,
    "regime_band": 0.0,
    "round_exits": true,
    "stop_extra_slip": 0.0
  },
  "metrics_consistent": {
    "return_pct_train_consistent": 27.02948467502346,
    "return_pct_test_consistent": 4.0357526222072675,
    "suspicious_run": true
  }
}