{
  "created_at": "2025-08-23T10:25:20.242445+00:00",
  "objective": "multi",
  "selection": {
    "dd_cap_pct": 0.04,
    "best_trial": 750,
    "top_k": 3,
    "top_trials": [
      750,
      761,
      727
    ]
  },
  "train_bars": 969686,
  "test_bars": 646458,
  "train_metrics": {
    "pnl": 12304.348929239994,
    "return_pct": 0.6152174464619988,
    "trades": 1210,
    "win_rate": 0.5272727272727272,
    "avg_trade": 10.168883412595036,
    "avg_trade_pct": 0.00039708802533311357,
    "max_drawdown": -155.1825303000005,
    "max_drawdown_pct": -0.005044136640448513,
    "final_equity": 32304.348929239975,
    "wins": 638,
    "losses": 572
  },
  "test_metrics": {
    "pnl": 4361.911943919994,
    "return_pct": 0.2180955971959999,
    "trades": 393,
    "win_rate": 0.5190839694656488,
    "avg_trade": 11.099012579949093,
    "avg_trade_pct": 0.0005039864829185332,
    "max_drawdown": -90.26558466000279,
    "max_drawdown_pct": -0.0042272553928642525,
    "final_equity": 24361.911943919997,
    "wins": 204,
    "losses": 189
  },
  "params": {
    "spread_hl_frac": 0.018082356582895316,
    "use_adx": true,
    "rsi_os": 47,
    "rsi_ob": 91,
    "atr_min_pct": 0.0026831921804364093,
    "tsl_mult": 0.058845664255738075,
    "rsi_required": false,
    "edge_k": 0.530876895724021,
    "p_adx": 15,
    "p_sma": 60,
    "ema1": 7,
    "use_atr": true,
    "rsi_period": 40,
    "p_atr": 12,
    "edge_cap": 0.24007263044509264,
    "use_sma": true,
    "slip_spread_k": 0.28322467886025804,
    "use_ema": true,
    "ema2": 50,
    "slip_atr_k": 0.004747296958931609,
    "atr_max_pct": 0.025108594730079876,
    "vol_spike": 0.14240819200615898,
    "p_std": 30,
    "use_spike": true,
    "time_stop": 35,
    "tp_mult": 1.8774110203156735,
    "adx_thresh": 9.076310290466498,
    "bb_std_mult": 2.2480003619211035,
    "strategy": "breakout",
    "fee": 0.0,
    "rsi_key": "rsi40",
    "start_equity": 20000.0,
    "risk_per_trade": 0.25,
    "risk_stop_atr_mult": 1.0,
    "risk_min_stop_frac": 0.001,
    "daily_loss_limit_pct": 0.006,
    "cooldown_bars": 20,
    "fill_timing": "next_open",
    "bar_priority": "stop_first",
    "session_start": 0,
    "session_end": 24,
    "include_hours_set": "{16, 20, 22}",
    "max_consec_losses": 7,
    "lockout_bars": 90,
    "proba_temp": 1.0,
    "participation_cap": 1.0,
    "price_step": 0.0001,
    "qty_step": 0.0001,
    "min_notional": 5.0,
    "max_notional_pct_equity": 0.45,
    "sides": "both",
    "regime_adapt": false,
    "regime_fast": 50,
    "regime_slow": 200,
    "regime_band": 0.006,
    "round_exits": true,
    "stop_extra_slip": 0.0,
    "regime_overrides": {
      "bull": {
        "allowed_sides": [
          "long",
          "short"
        ],
        "mode": "mean_reversion",
        "bb_std_mult": 2.0169431746748376,
        "tp_mult": 1.9194251920826044,
        "tsl_mult": 0.6891458682949287,
        "time_stop_bars": 214,
        "rsi_required": false,
        "use_adx": true,
        "adx": 18.0,
        "use_atr": true,
        "atr_range": [
          0.0008,
          0.06
        ]
      },
      "sideways": {
        "allowed_sides": [
          "long",
          "short"
        ],
        "mode": "breakout",
        "bb_std_mult": 1.5828092896467827,
        "tp_mult": 2.341879695778944,
        "tsl_mult": 0.651967765830165,
        "time_stop_bars": 235,
        "rsi_required": true,
        "use_adx": true,
        "adx": 15.0,
        "use_atr": true,
        "atr_range": [
          0.001,
          0.14
        ]
      },
      "bear": {
        "allowed_sides": [
          "long",
          "short"
        ],
        "mode": "breakout",
        "bb_std_mult": 1.2571599337995167,
        "tp_mult": 1.7149673432024581,
        "tsl_mult": 0.25,
        "time_stop_bars": 122,
        "rsi_required": true,
        "use_adx": true,
        "adx": 20.0,
        "use_atr": true,
        "atr_range": [
          0.0015,
          0.06
        ]
      }
    },
    "slippage": 0.0006,
    "select_top_k": 3,
    "aggregate_params": "median",
    "objective": "multi",
    "wfo_folds": 3,
    "embargo_bars": 0,
    "use_ml": false,
    "ml_thresh": 0.0
  },
  "guardrails": {
    "max_dd_pct_allowed": 0.04,
    "min_trades_lookback": 75,
    "daily_loss_limit_pct": 0.006,
    "cooldown_bars": 20,
    "fill_timing": "next_open",
    "bar_priority": "stop_first",
    "session_hours": [
      0,
      24
    ],
    "include_hours": [
      16,
      20,
      22
    ],
    "consec_loss_lockout": [
      7,
      90
    ],
    "sides": "both"
  },
  "regime": {
    "enabled": false,
    "fast": 50,
    "slow": 200,
    "band": 0.006,
    "overrides": {
      "bull": {
        "allowed_sides": [
          "long",
          "short"
        ],
        "mode": "mean_reversion",
        "bb_std_mult": 2.0169431746748376,
        "tp_mult": 1.9194251920826044,
        "tsl_mult": 0.6891458682949287,
        "time_stop_bars": 214,
        "rsi_required": false,
        "use_adx": true,
        "adx": 18.0,
        "use_atr": true,
        "atr_range": [
          0.0008,
          0.06
        ]
      },
      "sideways": {
        "allowed_sides": [
          "long",
          "short"
        ],
        "mode": "breakout",
        "bb_std_mult": 1.5828092896467827,
        "tp_mult": 2.341879695778944,
        "tsl_mult": 0.651967765830165,
        "time_stop_bars": 235,
        "rsi_required": true,
        "use_adx": true,
        "adx": 15.0,
        "use_atr": true,
        "atr_range": [
          0.001,
          0.14
        ]
      },
      "bear": {
        "allowed_sides": [
          "long",
          "short"
        ],
        "mode": "breakout",
        "bb_std_mult": 1.2571599337995167,
        "tp_mult": 1.7149673432024581,
        "tsl_mult": 0.25,
        "time_stop_bars": 122,
        "rsi_required": true,
        "use_adx": true,
        "adx": 20.0,
        "use_atr": true,
        "atr_range": [
          0.0015,
          0.06
        ]
      }
    }
  },
  "run_config": {
    "trials": 800,
    "n_jobs": 1,
    "seed": 11,
    "objective": "multi",
    "multi_objective": true,
    "train_frac": 0.6,
    "wfo_folds": 3,
    "embargo_bars": 0,
    "select_top_k": 3,
    "aggregate_params": "median",
    "start_equity": 20000.0,
    "fee": 0.0,
    "fixed_slippage": 0.0006,
    "min_slippage": 0.0,
    "fill_timing": "next_open",
    "bar_priority": "stop_first",
    "session_start": 0,
    "session_end": 24,
    "include_hours": "16,20,22",
    "sides": "both",
    "regime_adapt": false,
    "regime_fast": 50,
    "regime_slow": 200,
    "regime_band": 0.0,
    "round_exits": true,
    "stop_extra_slip": 0.0
  },
  "metrics_consistent": {
    "return_pct_train_consistent": 0.6152174464619997,
    "return_pct_test_consistent": 0.2180955971959997,
    "suspicious_run": false
  }
}