{
  "created_at": "2025-08-28T12:06:04.314436+00:00",
  "objective": "multi",
  "selection": {
    "dd_cap_pct": 0.04,
    "best_trial": 1712,
    "top_k": 3,
    "top_trials": [
      1712,
      1722,
      700
    ]
  },
  "train_bars": 969386,
  "test_bars": 646158,
  "train_metrics": {
    "pnl": 48192.55175388508,
    "return_pct": 2.409627587694254,
    "trades": 103,
    "win_rate": 0.7087378640776699,
    "avg_trade": 467.88885197946684,
    "avg_trade_pct": 0.012147507542109554,
    "max_drawdown": -894.6785742101492,
    "max_drawdown_pct": -0.01545592134297165,
    "final_equity": 68192.55175388508,
    "wins": 73,
    "losses": 30
  },
  "test_metrics": {
    "pnl": 24667.792149192177,
    "return_pct": 1.2333896074596091,
    "trades": 66,
    "win_rate": 0.696969696969697,
    "avg_trade": 373.75442650291177,
    "avg_trade_pct": 0.012600124673824382,
    "max_drawdown": -1871.426064821353,
    "max_drawdown_pct": -0.042383301327969206,
    "final_equity": 44667.79214919218,
    "wins": 46,
    "losses": 20
  },
  "params": {
    "ema1": 16,
    "rsi_ob": 93,
    "spread_hl_frac": 0.006050886933320404,
    "rsi_required": true,
    "atr_max_pct": 0.10984344518326132,
    "edge_cap": 0.28251001260291336,
    "time_stop": 17,
    "use_ema": false,
    "slip_atr_k": 0.00022267584437647627,
    "rsi_os": 26,
    "p_sma": 42,
    "p_atr": 13,
    "tp_mult": 1.4769120506502469,
    "use_atr": true,
    "adx_thresh": 12.098325179545721,
    "use_sma": false,
    "tsl_mult": 0.0033867511864516782,
    "p_std": 40,
    "use_adx": true,
    "atr_min_pct": 0.0026233834297459116,
    "vol_spike": 0.10955141375850445,
    "p_adx": 19,
    "bb_std_mult": 1.6809098968759706,
    "ema2": 44,
    "rsi_period": 75,
    "strategy": "breakout",
    "slip_spread_k": 0.998753340336067,
    "edge_k": 1.5466022498746326,
    "use_spike": true,
    "fee": 0.0004,
    "rsi_key": "rsi75",
    "start_equity": 20000.0,
    "risk_per_trade": 0.02,
    "risk_stop_atr_mult": 1.0,
    "risk_min_stop_frac": 0.001,
    "daily_loss_limit_pct": 0.03,
    "cooldown_bars": 20,
    "fill_timing": "next_open",
    "bar_priority": "stop_first",
    "session_start": 0,
    "session_end": 24,
    "include_hours_set": null,
    "max_consec_losses": 0,
    "lockout_bars": 0,
    "proba_temp": 1.0,
    "participation_cap": 1.0,
    "price_step": 0.0001,
    "qty_step": 0.0001,
    "min_notional": 5.0,
    "max_notional_pct_equity": 1.0,
    "sides": "short",
    "regime_adapt": false,
    "regime_fast": 50,
    "regime_slow": 200,
    "regime_band": 0.006,
    "round_exits": true,
    "stop_extra_slip": 0.0,
    "regime_overrides": {
      "bull": {
        "allowed_sides": [
          "long",
          "short"
        ],
        "mode": "mean_reversion",
        "bb_std_mult": 2.0169431746748376,
        "tp_mult": 1.9194251920826044,
        "tsl_mult": 0.6891458682949287,
        "time_stop_bars": 214,
        "rsi_required": false,
        "use_adx": true,
        "adx": 18.0,
        "use_atr": true,
        "atr_range": [
          0.0008,
          0.06
        ]
      },
      "sideways": {
        "allowed_sides": [
          "long",
          "short"
        ],
        "mode": "breakout",
        "bb_std_mult": 1.5828092896467827,
        "tp_mult": 2.341879695778944,
        "tsl_mult": 0.651967765830165,
        "time_stop_bars": 235,
        "rsi_required": true,
        "use_adx": true,
        "adx": 15.0,
        "use_atr": true,
        "atr_range": [
          0.001,
          0.14
        ]
      },
      "bear": {
        "allowed_sides": [
          "long",
          "short"
        ],
        "mode": "breakout",
        "bb_std_mult": 1.2571599337995167,
        "tp_mult": 1.7149673432024581,
        "tsl_mult": 0.25,
        "time_stop_bars": 122,
        "rsi_required": true,
        "use_adx": true,
        "adx": 20.0,
        "use_atr": true,
        "atr_range": [
          0.0015,
          0.06
        ]
      }
    },
    "slippage": 0.0008,
    "select_top_k": 3,
    "aggregate_params": "median",
    "objective": "multi",
    "wfo_folds": 5,
    "embargo_bars": 300,
    "use_ml": false,
    "ml_thresh": 0.0
  },
  "guardrails": {
    "max_dd_pct_allowed": 0.04,
    "min_trades_lookback": 30,
    "daily_loss_limit_pct": 0.03,
    "cooldown_bars": 20,
    "fill_timing": "next_open",
    "bar_priority": "stop_first",
    "session_hours": [
      0,
      24
    ],
    "include_hours": [],
    "consec_loss_lockout": [
      0,
      0
    ],
    "sides": "short"
  },
  "regime": {
    "enabled": false,
    "fast": 50,
    "slow": 200,
    "band": 0.006,
    "overrides": {
      "bull": {
        "allowed_sides": [
          "long",
          "short"
        ],
        "mode": "mean_reversion",
        "bb_std_mult": 2.0169431746748376,
        "tp_mult": 1.9194251920826044,
        "tsl_mult": 0.6891458682949287,
        "time_stop_bars": 214,
        "rsi_required": false,
        "use_adx": true,
        "adx": 18.0,
        "use_atr": true,
        "atr_range": [
          0.0008,
          0.06
        ]
      },
      "sideways": {
        "allowed_sides": [
          "long",
          "short"
        ],
        "mode": "breakout",
        "bb_std_mult": 1.5828092896467827,
        "tp_mult": 2.341879695778944,
        "tsl_mult": 0.651967765830165,
        "time_stop_bars": 235,
        "rsi_required": true,
        "use_adx": true,
        "adx": 15.0,
        "use_atr": true,
        "atr_range": [
          0.001,
          0.14
        ]
      },
      "bear": {
        "allowed_sides": [
          "long",
          "short"
        ],
        "mode": "breakout",
        "bb_std_mult": 1.2571599337995167,
        "tp_mult": 1.7149673432024581,
        "tsl_mult": 0.25,
        "time_stop_bars": 122,
        "rsi_required": true,
        "use_adx": true,
        "adx": 20.0,
        "use_atr": true,
        "atr_range": [
          0.0015,
          0.06
        ]
      }
    }
  },
  "run_config": {
    "trials": 2000,
    "n_jobs": 1,
    "seed": 777,
    "objective": "multi",
    "multi_objective": true,
    "train_frac": 0.6,
    "wfo_folds": 5,
    "embargo_bars": 300,
    "select_top_k": 3,
    "aggregate_params": "median",
    "start_equity": 20000.0,
    "fee": 0.0004,
    "fixed_slippage": 0.0008,
    "min_slippage": 0.0,
    "fill_timing": "next_open",
    "bar_priority": "stop_first",
    "session_start": 0,
    "session_end": 24,
    "include_hours": null,
    "sides": "short",
    "regime_adapt": false,
    "regime_fast": 50,
    "regime_slow": 200,
    "regime_band": 0.0,
    "round_exits": true,
    "stop_extra_slip": 0.0
  },
  "metrics_consistent": {
    "return_pct_train_consistent": 2.409627587694254,
    "return_pct_test_consistent": 1.233389607459609,
    "suspicious_run": true
  }
}