{
  "created_at": "2025-08-27T10:38:11.775463+00:00",
  "objective": "multi",
  "selection": {
    "dd_cap_pct": 0.2,
    "best_trial": 1,
    "top_k": 1,
    "top_trials": [
      1
    ]
  },
  "train_bars": 969626,
  "test_bars": 646398,
  "train_metrics": {
    "pnl": -14.328222029999946,
    "return_pct": -0.000716411101499892,
    "trades": 8,
    "win_rate": 0.25,
    "avg_trade": -1.7910277537499932,
    "avg_trade_pct": -8.95684644412346e-05,
    "max_drawdown": -15.035039649999817,
    "max_drawdown_pct": -0.0007517254158615242,
    "final_equity": 19985.67177797,
    "wins": 2,
    "losses": 6
  },
  "test_metrics": {
    "pnl": -14.842610099999915,
    "return_pct": -0.0007421305050000493,
    "trades": 4,
    "win_rate": 0.25,
    "avg_trade": -3.7106525249999787,
    "avg_trade_pct": -0.00018555853932592368,
    "max_drawdown": -13.186668950002058,
    "max_drawdown_pct": -0.0006593880428898048,
    "final_equity": 19985.1573899,
    "wins": 1,
    "losses": 3
  },
  "params": {
    "p_sma": 43,
    "p_std": 51,
    "p_atr": 7,
    "p_adx": 25,
    "rsi_period": 84,
    "ema1": 24,
    "ema2": 24,
    "slip_atr_k": 0.19731983211287213,
    "slip_spread_k": 0.10322600657764203,
    "spread_hl_frac": 0.02239467630879526,
    "bb_std_mult": 3.3166460595885963,
    "rsi_os": 19,
    "rsi_ob": 59,
    "vol_spike": 0.039008571635483304,
    "adx_thresh": 5.581008736108912,
    "atr_min_pct": 0.020365065988196727,
    "atr_max_pct": 0.039627936240008266,
    "tp_mult": 1.5384378521507303,
    "tsl_mult": 0.4915731592803383,
    "strategy": "mean_reversion",
    "time_stop": 48,
    "use_sma": false,
    "use_atr": false,
    "use_adx": true,
    "use_ema": false,
    "use_spike": false,
    "rsi_required": true,
    "edge_k": 1.806803830575767,
    "edge_cap": 0.18060096893892563,
    "fee": 0.0,
    "rsi_key": "rsi84",
    "start_equity": 20000.0,
    "risk_per_trade": 0.01,
    "risk_stop_atr_mult": 1.0,
    "risk_min_stop_frac": 0.001,
    "daily_loss_limit_pct": 0.03,
    "cooldown_bars": 20,
    "fill_timing": "next_open",
    "bar_priority": "stop_first",
    "session_start": 0,
    "session_end": 24,
    "include_hours_set": null,
    "max_consec_losses": 0,
    "lockout_bars": 0,
    "proba_temp": 1.0,
    "participation_cap": 1.0,
    "price_step": 0.0001,
    "qty_step": 0.0001,
    "min_notional": 5.0,
    "max_notional_pct_equity": 1.0,
    "sides": "long",
    "regime_adapt": false,
    "regime_fast": 50,
    "regime_slow": 200,
    "regime_band": 0.006,
    "round_exits": true,
    "stop_extra_slip": 0.0,
    "regime_overrides": {
      "bull": {
        "allowed_sides": [
          "long",
          "short"
        ],
        "mode": "mean_reversion",
        "bb_std_mult": 2.0169431746748376,
        "tp_mult": 1.9194251920826044,
        "tsl_mult": 0.6891458682949287,
        "time_stop_bars": 214,
        "rsi_required": false,
        "use_adx": true,
        "adx": 18.0,
        "use_atr": true,
        "atr_range": [
          0.0008,
          0.06
        ]
      },
      "sideways": {
        "allowed_sides": [
          "long",
          "short"
        ],
        "mode": "breakout",
        "bb_std_mult": 1.5828092896467827,
        "tp_mult": 2.341879695778944,
        "tsl_mult": 0.651967765830165,
        "time_stop_bars": 235,
        "rsi_required": true,
        "use_adx": true,
        "adx": 15.0,
        "use_atr": true,
        "atr_range": [
          0.001,
          0.14
        ]
      },
      "bear": {
        "allowed_sides": [
          "long",
          "short"
        ],
        "mode": "breakout",
        "bb_std_mult": 1.2571599337995167,
        "tp_mult": 1.7149673432024581,
        "tsl_mult": 0.25,
        "time_stop_bars": 122,
        "rsi_required": true,
        "use_adx": true,
        "adx": 20.0,
        "use_atr": true,
        "atr_range": [
          0.0015,
          0.06
        ]
      }
    },
    "slippage": 0.0006,
    "select_top_k": 1,
    "aggregate_params": "median",
    "objective": "multi",
    "wfo_folds": 2,
    "embargo_bars": 60,
    "use_ml": false,
    "ml_thresh": 0.0
  },
  "guardrails": {
    "max_dd_pct_allowed": 0.2,
    "min_trades_lookback": 5,
    "daily_loss_limit_pct": 0.03,
    "cooldown_bars": 20,
    "fill_timing": "next_open",
    "bar_priority": "stop_first",
    "session_hours": [
      0,
      24
    ],
    "include_hours": [],
    "consec_loss_lockout": [
      0,
      0
    ],
    "sides": "long"
  },
  "regime": {
    "enabled": false,
    "fast": 50,
    "slow": 200,
    "band": 0.006,
    "overrides": {
      "bull": {
        "allowed_sides": [
          "long",
          "short"
        ],
        "mode": "mean_reversion",
        "bb_std_mult": 2.0169431746748376,
        "tp_mult": 1.9194251920826044,
        "tsl_mult": 0.6891458682949287,
        "time_stop_bars": 214,
        "rsi_required": false,
        "use_adx": true,
        "adx": 18.0,
        "use_atr": true,
        "atr_range": [
          0.0008,
          0.06
        ]
      },
      "sideways": {
        "allowed_sides": [
          "long",
          "short"
        ],
        "mode": "breakout",
        "bb_std_mult": 1.5828092896467827,
        "tp_mult": 2.341879695778944,
        "tsl_mult": 0.651967765830165,
        "time_stop_bars": 235,
        "rsi_required": true,
        "use_adx": true,
        "adx": 15.0,
        "use_atr": true,
        "atr_range": [
          0.001,
          0.14
        ]
      },
      "bear": {
        "allowed_sides": [
          "long",
          "short"
        ],
        "mode": "breakout",
        "bb_std_mult": 1.2571599337995167,
        "tp_mult": 1.7149673432024581,
        "tsl_mult": 0.25,
        "time_stop_bars": 122,
        "rsi_required": true,
        "use_adx": true,
        "adx": 20.0,
        "use_atr": true,
        "atr_range": [
          0.0015,
          0.06
        ]
      }
    }
  },
  "run_config": {
    "trials": 5,
    "n_jobs": 1,
    "seed": 1,
    "objective": "multi",
    "multi_objective": true,
    "train_frac": 0.6,
    "wfo_folds": 2,
    "embargo_bars": 60,
    "select_top_k": 1,
    "aggregate_params": "median",
    "start_equity": 20000.0,
    "fee": 0.0,
    "fixed_slippage": 0.0006,
    "min_slippage": 0.0,
    "fill_timing": "next_open",
    "bar_priority": "stop_first",
    "session_start": 0,
    "session_end": 24,
    "include_hours": null,
    "sides": "long",
    "regime_adapt": false,
    "regime_fast": 50,
    "regime_slow": 200,
    "regime_band": 0.0,
    "round_exits": true,
    "stop_extra_slip": 0.0
  },
  "metrics_consistent": {
    "return_pct_train_consistent": -0.0007164111014999973,
    "return_pct_test_consistent": -0.0007421305049999957,
    "suspicious_run": false
  }
}