{
  "created_at": "2025-08-26T16:32:22.880123+00:00",
  "objective": "multi",
  "selection": {
    "dd_cap_pct": 0.06,
    "best_trial": 489,
    "top_k": 1,
    "top_trials": [
      489
    ]
  },
  "train_bars": 969686,
  "test_bars": 646458,
  "train_metrics": {
    "pnl": 8015.200535498096,
    "return_pct": 0.40076002677490474,
    "trades": 9,
    "win_rate": 0.5555555555555556,
    "avg_trade": 890.5778372775662,
    "avg_trade_pct": 0.04224316647900559,
    "max_drawdown": -944.5688982640058,
    "max_drawdown_pct": -0.044626248113553896,
    "final_equity": 28015.200535498094,
    "wins": 5,
    "losses": 4
  },
  "test_metrics": {
    "pnl": 19518.264285325065,
    "return_pct": 0.9759132142662532,
    "trades": 5,
    "win_rate": 0.8,
    "avg_trade": 3903.652857065013,
    "avg_trade_pct": 0.1515006991058328,
    "max_drawdown": -2356.494690374726,
    "max_drawdown_pct": -0.05627482397551747,
    "final_equity": 39518.264285325065,
    "wins": 4,
    "losses": 1
  },
  "params": {
    "p_sma": 9,
    "p_std": 57,
    "p_atr": 20,
    "p_adx": 26,
    "rsi_period": 67,
    "ema1": 13,
    "ema2": 14,
    "slip_atr_k": 0.03308374100125309,
    "slip_spread_k": 0.9992457024931141,
    "spread_hl_frac": 0.0007810500709565605,
    "bb_std_mult": 0.806644427654148,
    "rsi_os": 44,
    "rsi_ob": 79,
    "vol_spike": 0.12520805037509727,
    "adx_thresh": 9.21196400980183,
    "atr_min_pct": 0.023634998057868336,
    "atr_max_pct": 0.05880772062526257,
    "tp_mult": 1.946906223121334,
    "tsl_mult": 0.003941520559361797,
    "strategy": "breakout",
    "time_stop": 258,
    "use_sma": false,
    "use_atr": false,
    "use_adx": false,
    "use_ema": false,
    "use_spike": false,
    "rsi_required": true,
    "edge_k": 1.566039725122835,
    "edge_cap": 0.40356096017638277,
    "fee": 0.0004,
    "rsi_key": "rsi67",
    "start_equity": 20000.0,
    "risk_per_trade": 0.1,
    "risk_stop_atr_mult": 1.0,
    "risk_min_stop_frac": 0.001,
    "daily_loss_limit_pct": 0.03,
    "cooldown_bars": 20,
    "fill_timing": "next_open",
    "bar_priority": "stop_first",
    "session_start": 0,
    "session_end": 24,
    "include_hours_set": "{16, 18, 19, 22, 23}",
    "max_consec_losses": 0,
    "lockout_bars": 0,
    "proba_temp": 1.0,
    "participation_cap": 1.0,
    "price_step": 0.0001,
    "qty_step": 0.0001,
    "min_notional": 5.0,
    "max_notional_pct_equity": 1.0,
    "sides": "long",
    "regime_adapt": false,
    "regime_fast": 50,
    "regime_slow": 200,
    "regime_band": 0.006,
    "round_exits": true,
    "stop_extra_slip": 0.0,
    "regime_overrides": {
      "bull": {
        "allowed_sides": [
          "long",
          "short"
        ],
        "mode": "mean_reversion",
        "bb_std_mult": 2.0169431746748376,
        "tp_mult": 1.9194251920826044,
        "tsl_mult": 0.6891458682949287,
        "time_stop_bars": 214,
        "rsi_required": false,
        "use_adx": true,
        "adx": 18.0,
        "use_atr": true,
        "atr_range": [
          0.0008,
          0.06
        ]
      },
      "sideways": {
        "allowed_sides": [
          "long",
          "short"
        ],
        "mode": "breakout",
        "bb_std_mult": 1.5828092896467827,
        "tp_mult": 2.341879695778944,
        "tsl_mult": 0.651967765830165,
        "time_stop_bars": 235,
        "rsi_required": true,
        "use_adx": true,
        "adx": 15.0,
        "use_atr": true,
        "atr_range": [
          0.001,
          0.14
        ]
      },
      "bear": {
        "allowed_sides": [
          "long",
          "short"
        ],
        "mode": "breakout",
        "bb_std_mult": 1.2571599337995167,
        "tp_mult": 1.7149673432024581,
        "tsl_mult": 0.25,
        "time_stop_bars": 122,
        "rsi_required": true,
        "use_adx": true,
        "adx": 20.0,
        "use_atr": true,
        "atr_range": [
          0.0015,
          0.06
        ]
      }
    },
    "slippage": 0.0008,
    "select_top_k": 1,
    "aggregate_params": "median",
    "objective": "multi",
    "wfo_folds": 5,
    "embargo_bars": 0,
    "use_ml": false,
    "ml_thresh": 0.0
  },
  "guardrails": {
    "max_dd_pct_allowed": 0.06,
    "min_trades_lookback": 75,
    "daily_loss_limit_pct": 0.03,
    "cooldown_bars": 20,
    "fill_timing": "next_open",
    "bar_priority": "stop_first",
    "session_hours": [
      0,
      24
    ],
    "include_hours": [
      16,
      18,
      19,
      22,
      23
    ],
    "consec_loss_lockout": [
      0,
      0
    ],
    "sides": "long"
  },
  "regime": {
    "enabled": false,
    "fast": 50,
    "slow": 200,
    "band": 0.006,
    "overrides": {
      "bull": {
        "allowed_sides": [
          "long",
          "short"
        ],
        "mode": "mean_reversion",
        "bb_std_mult": 2.0169431746748376,
        "tp_mult": 1.9194251920826044,
        "tsl_mult": 0.6891458682949287,
        "time_stop_bars": 214,
        "rsi_required": false,
        "use_adx": true,
        "adx": 18.0,
        "use_atr": true,
        "atr_range": [
          0.0008,
          0.06
        ]
      },
      "sideways": {
        "allowed_sides": [
          "long",
          "short"
        ],
        "mode": "breakout",
        "bb_std_mult": 1.5828092896467827,
        "tp_mult": 2.341879695778944,
        "tsl_mult": 0.651967765830165,
        "time_stop_bars": 235,
        "rsi_required": true,
        "use_adx": true,
        "adx": 15.0,
        "use_atr": true,
        "atr_range": [
          0.001,
          0.14
        ]
      },
      "bear": {
        "allowed_sides": [
          "long",
          "short"
        ],
        "mode": "breakout",
        "bb_std_mult": 1.2571599337995167,
        "tp_mult": 1.7149673432024581,
        "tsl_mult": 0.25,
        "time_stop_bars": 122,
        "rsi_required": true,
        "use_adx": true,
        "adx": 20.0,
        "use_atr": true,
        "atr_range": [
          0.0015,
          0.06
        ]
      }
    }
  },
  "run_config": {
    "trials": 800,
    "n_jobs": 1,
    "seed": 43,
    "objective": "multi",
    "multi_objective": true,
    "train_frac": 0.6,
    "wfo_folds": 5,
    "embargo_bars": 0,
    "select_top_k": 1,
    "aggregate_params": "median",
    "start_equity": 20000.0,
    "fee": 0.0004,
    "fixed_slippage": 0.0008,
    "min_slippage": 0.0,
    "fill_timing": "next_open",
    "bar_priority": "stop_first",
    "session_start": 0,
    "session_end": 24,
    "include_hours": "16,18,19,22,23",
    "sides": "long",
    "regime_adapt": false,
    "regime_fast": 50,
    "regime_slow": 200,
    "regime_band": 0.0,
    "round_exits": true,
    "stop_extra_slip": 0.0
  },
  "metrics_consistent": {
    "return_pct_train_consistent": 0.4007600267749048,
    "return_pct_test_consistent": 0.9759132142662533,
    "suspicious_run": false
  }
}