{
  "created_at": "2025-08-29T21:22:17.719561+00:00",
  "objective": "multi",
  "selection": {
    "dd_cap_pct": 0.1,
    "best_trial": 831,
    "top_k": 3,
    "top_trials": [
      831,
      1012,
      1438
    ]
  },
  "train_bars": 1131180,
  "test_bars": 484724,
  "train_metrics": {
    "pnl": -3.550512367519962,
    "return_pct": -0.00017752561837602876,
    "trades": 63,
    "win_rate": 0.3492063492063492,
    "avg_trade": -0.056357339166983524,
    "avg_trade_pct": -2.8159482491631496e-06,
    "max_drawdown": -13.44904522206707,
    "max_drawdown_pct": -0.0006722422101760353,
    "final_equity": 19996.44948763248,
    "wins": 22,
    "losses": 41
  },
  "test_metrics": {
    "pnl": 24.978681115460066,
    "return_pct": 0.0012489340557728656,
    "trades": 33,
    "win_rate": 0.48484848484848486,
    "avg_trade": 0.7569297307715172,
    "avg_trade_pct": 3.7831096927439745e-05,
    "max_drawdown": -7.0291483157125185,
    "max_drawdown_pct": -0.0003508958450677741,
    "final_equity": 20024.97868111546,
    "wins": 16,
    "losses": 17
  },
  "params": {
    "atr_max_pct": 0.07521270203532948,
    "use_sma": false,
    "slip_atr_k": 0.02760295139014655,
    "use_spike": false,
    "p_sma": 8,
    "time_stop": 130,
    "strategy": "breakout",
    "rsi_required": false,
    "use_ema": false,
    "edge_cap": 0.21878705541583848,
    "spread_hl_frac": 0.0208170480219934,
    "slip_spread_k": 0.6215034039803924,
    "rsi_ob": 60,
    "p_atr": 22,
    "edge_k": 1.5131493349859362,
    "adx_thresh": 28.637428564769383,
    "use_adx": false,
    "use_atr": false,
    "p_adx": 15,
    "p_std": 27,
    "rsi_period": 22,
    "ema1": 22,
    "bb_std_mult": 1.3665609984295406,
    "rsi_os": 35,
    "tp_mult": 1.1657777876915871,
    "atr_min_pct": 0.0047203864065070295,
    "tsl_mult": 0.6610819180265515,
    "vol_spike": 0.18385867373133602,
    "ema2": 53,
    "fee": 0.001,
    "rsi_key": "rsi22",
    "start_equity": 20000.0,
    "risk_per_trade": 0.004,
    "risk_stop_atr_mult": 1.0,
    "risk_min_stop_frac": 0.001,
    "daily_loss_limit_pct": 0.03,
    "cooldown_bars": 10,
    "fill_timing": "next_open",
    "bar_priority": "stop_first",
    "session_start": 0,
    "session_end": 24,
    "include_hours_set": "{3, 8, 10, 14, 16, 18, 20, 22}",
    "max_consec_losses": 3,
    "lockout_bars": 30,
    "proba_temp": 1.0,
    "participation_cap": 1.0,
    "price_step": 0.0001,
    "qty_step": 0.0001,
    "min_notional": 5.0,
    "max_notional_pct_equity": 1.0,
    "sides": "short",
    "regime_adapt": true,
    "regime_fast": 50,
    "regime_slow": 200,
    "regime_band": 0.006,
    "round_exits": true,
    "stop_extra_slip": 0.0,
    "regime_overrides": {
      "bull": {
        "allowed_sides": [
          "long",
          "short"
        ],
        "mode": "mean_reversion",
        "bb_std_mult": 2.0169431746748376,
        "tp_mult": 1.9194251920826044,
        "tsl_mult": 0.6891458682949287,
        "time_stop_bars": 214,
        "rsi_required": false,
        "use_adx": true,
        "adx": 18.0,
        "use_atr": true,
        "atr_range": [
          0.0008,
          0.06
        ]
      },
      "sideways": {
        "allowed_sides": [
          "long",
          "short"
        ],
        "mode": "breakout",
        "bb_std_mult": 1.5828092896467827,
        "tp_mult": 2.341879695778944,
        "tsl_mult": 0.651967765830165,
        "time_stop_bars": 235,
        "rsi_required": true,
        "use_adx": true,
        "adx": 15.0,
        "use_atr": true,
        "atr_range": [
          0.001,
          0.14
        ]
      },
      "bear": {
        "allowed_sides": [
          "long",
          "short"
        ],
        "mode": "breakout",
        "bb_std_mult": 1.2571599337995167,
        "tp_mult": 1.7149673432024581,
        "tsl_mult": 0.25,
        "time_stop_bars": 122,
        "rsi_required": true,
        "use_adx": true,
        "adx": 20.0,
        "use_atr": true,
        "atr_range": [
          0.0015,
          0.06
        ]
      }
    },
    "slippage": 0.0006,
    "select_top_k": 3,
    "aggregate_params": "median",
    "objective": "multi",
    "wfo_folds": 6,
    "embargo_bars": 120,
    "use_ml": false,
    "ml_thresh": 0.0
  },
  "guardrails": {
    "max_dd_pct_allowed": 0.1,
    "min_trades_lookback": 200,
    "daily_loss_limit_pct": 0.03,
    "cooldown_bars": 10,
    "fill_timing": "next_open",
    "bar_priority": "stop_first",
    "session_hours": [
      0,
      24
    ],
    "include_hours": [
      3,
      8,
      10,
      14,
      16,
      18,
      20,
      22
    ],
    "consec_loss_lockout": [
      3,
      30
    ],
    "sides": "short"
  },
  "regime": {
    "enabled": true,
    "fast": 50,
    "slow": 200,
    "band": 0.006,
    "overrides": {
      "bull": {
        "allowed_sides": [
          "long",
          "short"
        ],
        "mode": "mean_reversion",
        "bb_std_mult": 2.0169431746748376,
        "tp_mult": 1.9194251920826044,
        "tsl_mult": 0.6891458682949287,
        "time_stop_bars": 214,
        "rsi_required": false,
        "use_adx": true,
        "adx": 18.0,
        "use_atr": true,
        "atr_range": [
          0.0008,
          0.06
        ]
      },
      "sideways": {
        "allowed_sides": [
          "long",
          "short"
        ],
        "mode": "breakout",
        "bb_std_mult": 1.5828092896467827,
        "tp_mult": 2.341879695778944,
        "tsl_mult": 0.651967765830165,
        "time_stop_bars": 235,
        "rsi_required": true,
        "use_adx": true,
        "adx": 15.0,
        "use_atr": true,
        "atr_range": [
          0.001,
          0.14
        ]
      },
      "bear": {
        "allowed_sides": [
          "long",
          "short"
        ],
        "mode": "breakout",
        "bb_std_mult": 1.2571599337995167,
        "tp_mult": 1.7149673432024581,
        "tsl_mult": 0.25,
        "time_stop_bars": 122,
        "rsi_required": true,
        "use_adx": true,
        "adx": 20.0,
        "use_atr": true,
        "atr_range": [
          0.0015,
          0.06
        ]
      }
    }
  },
  "run_config": {
    "trials": 1500,
    "n_jobs": 4,
    "seed": 911,
    "objective": "multi",
    "multi_objective": true,
    "train_frac": 0.7,
    "wfo_folds": 6,
    "embargo_bars": 120,
    "select_top_k": 3,
    "aggregate_params": "median",
    "start_equity": 20000.0,
    "fee": 0.001,
    "fixed_slippage": 0.0006,
    "min_slippage": 0.0,
    "fill_timing": "next_open",
    "bar_priority": "stop_first",
    "session_start": 0,
    "session_end": 24,
    "include_hours": "3,8,10,14,16,18,20,22",
    "sides": "short",
    "regime_adapt": true,
    "regime_fast": 50,
    "regime_slow": 200,
    "regime_band": 0.0,
    "round_exits": true,
    "stop_extra_slip": 0.0
  },
  "metrics_consistent": {
    "return_pct_train_consistent": -0.0001775256183759981,
    "return_pct_test_consistent": 0.0012489340557730033,
    "suspicious_run": false
  }
}