{
  "created_at": "2025-08-24T10:30:06.951918+00:00",
  "objective": "multi",
  "selection": {
    "dd_cap_pct": 0.04,
    "best_trial": 338,
    "top_k": 3,
    "top_trials": [
      338,
      361,
      876
    ]
  },
  "train_bars": 969686,
  "test_bars": 646458,
  "train_metrics": {
    "pnl": 3152.939019339966,
    "return_pct": 0.15764695096699843,
    "trades": 27,
    "win_rate": 0.4444444444444444,
    "avg_trade": 116.77551923481354,
    "avg_trade_pct": 0.0055170055026754145,
    "max_drawdown": -472.0883027418822,
    "max_drawdown_pct": -0.022910330785283706,
    "final_equity": 23152.939019339967,
    "wins": 12,
    "losses": 15
  },
  "test_metrics": {
    "pnl": 3009.053217434262,
    "return_pct": 0.15045266087171316,
    "trades": 41,
    "win_rate": 0.5609756097560976,
    "avg_trade": 73.39154188864053,
    "avg_trade_pct": 0.0034847844083251097,
    "max_drawdown": -1000.0851230702574,
    "max_drawdown_pct": -0.04321972188532847,
    "final_equity": 23009.053217434262,
    "wins": 23,
    "losses": 18
  },
  "params": {
    "use_sma": true,
    "p_sma": 17,
    "use_ema": false,
    "p_std": 40,
    "tsl_mult": 0.16641836624619905,
    "rsi_required": false,
    "use_atr": true,
    "ema1": 21,
    "rsi_os": 38,
    "edge_cap": 0.5430343307849315,
    "vol_spike": 0.11552385794111397,
    "adx_thresh": 14.839475340068436,
    "strategy": "breakout",
    "edge_k": 0.959928185118127,
    "slip_atr_k": 0.01421076048001248,
    "rsi_period": 64,
    "p_adx": 14,
    "ema2": 27,
    "bb_std_mult": 1.8717245850349404,
    "atr_min_pct": 0.008454217845941178,
    "atr_max_pct": 0.11326662096087262,
    "use_adx": true,
    "tp_mult": 2.335565903705583,
    "rsi_ob": 70,
    "use_spike": false,
    "p_atr": 18,
    "time_stop": 136,
    "spread_hl_frac": 0.020107233700136545,
    "slip_spread_k": 0.35897833391478323,
    "fee": 0.001,
    "rsi_key": "rsi64",
    "start_equity": 20000.0,
    "risk_per_trade": 0.2,
    "risk_stop_atr_mult": 1.0,
    "risk_min_stop_frac": 0.001,
    "daily_loss_limit_pct": 0.03,
    "cooldown_bars": 20,
    "fill_timing": "next_open",
    "bar_priority": "stop_first",
    "session_start": 0,
    "session_end": 24,
    "include_hours_set": null,
    "max_consec_losses": 0,
    "lockout_bars": 0,
    "proba_temp": 1.0,
    "participation_cap": 1.0,
    "price_step": 0.0001,
    "qty_step": 0.0001,
    "min_notional": 5.0,
    "max_notional_pct_equity": 1.0,
    "sides": "both",
    "regime_adapt": false,
    "regime_fast": 50,
    "regime_slow": 200,
    "regime_band": 0.006,
    "round_exits": true,
    "stop_extra_slip": 0.0,
    "regime_overrides": {
      "bull": {
        "allowed_sides": [
          "long",
          "short"
        ],
        "mode": "mean_reversion",
        "bb_std_mult": 2.0169431746748376,
        "tp_mult": 1.9194251920826044,
        "tsl_mult": 0.6891458682949287,
        "time_stop_bars": 214,
        "rsi_required": false,
        "use_adx": true,
        "adx": 18.0,
        "use_atr": true,
        "atr_range": [
          0.0008,
          0.06
        ]
      },
      "sideways": {
        "allowed_sides": [
          "long",
          "short"
        ],
        "mode": "breakout",
        "bb_std_mult": 1.5828092896467827,
        "tp_mult": 2.341879695778944,
        "tsl_mult": 0.651967765830165,
        "time_stop_bars": 235,
        "rsi_required": true,
        "use_adx": true,
        "adx": 15.0,
        "use_atr": true,
        "atr_range": [
          0.001,
          0.14
        ]
      },
      "bear": {
        "allowed_sides": [
          "long",
          "short"
        ],
        "mode": "breakout",
        "bb_std_mult": 1.2571599337995167,
        "tp_mult": 1.7149673432024581,
        "tsl_mult": 0.25,
        "time_stop_bars": 122,
        "rsi_required": true,
        "use_adx": true,
        "adx": 20.0,
        "use_atr": true,
        "atr_range": [
          0.0015,
          0.06
        ]
      }
    },
    "slippage": 0.001,
    "select_top_k": 3,
    "aggregate_params": "median",
    "objective": "multi",
    "wfo_folds": 3,
    "embargo_bars": 0,
    "use_ml": false,
    "ml_thresh": 0.0
  },
  "guardrails": {
    "max_dd_pct_allowed": 0.04,
    "min_trades_lookback": 200,
    "daily_loss_limit_pct": 0.03,
    "cooldown_bars": 20,
    "fill_timing": "next_open",
    "bar_priority": "stop_first",
    "session_hours": [
      0,
      24
    ],
    "include_hours": [],
    "consec_loss_lockout": [
      0,
      0
    ],
    "sides": "both"
  },
  "regime": {
    "enabled": false,
    "fast": 50,
    "slow": 200,
    "band": 0.006,
    "overrides": {
      "bull": {
        "allowed_sides": [
          "long",
          "short"
        ],
        "mode": "mean_reversion",
        "bb_std_mult": 2.0169431746748376,
        "tp_mult": 1.9194251920826044,
        "tsl_mult": 0.6891458682949287,
        "time_stop_bars": 214,
        "rsi_required": false,
        "use_adx": true,
        "adx": 18.0,
        "use_atr": true,
        "atr_range": [
          0.0008,
          0.06
        ]
      },
      "sideways": {
        "allowed_sides": [
          "long",
          "short"
        ],
        "mode": "breakout",
        "bb_std_mult": 1.5828092896467827,
        "tp_mult": 2.341879695778944,
        "tsl_mult": 0.651967765830165,
        "time_stop_bars": 235,
        "rsi_required": true,
        "use_adx": true,
        "adx": 15.0,
        "use_atr": true,
        "atr_range": [
          0.001,
          0.14
        ]
      },
      "bear": {
        "allowed_sides": [
          "long",
          "short"
        ],
        "mode": "breakout",
        "bb_std_mult": 1.2571599337995167,
        "tp_mult": 1.7149673432024581,
        "tsl_mult": 0.25,
        "time_stop_bars": 122,
        "rsi_required": true,
        "use_adx": true,
        "adx": 20.0,
        "use_atr": true,
        "atr_range": [
          0.0015,
          0.06
        ]
      }
    }
  },
  "run_config": {
    "trials": 1000,
    "n_jobs": 1,
    "seed": 31,
    "objective": "multi",
    "multi_objective": true,
    "train_frac": 0.6,
    "wfo_folds": 3,
    "embargo_bars": 0,
    "select_top_k": 3,
    "aggregate_params": "median",
    "start_equity": 20000.0,
    "fee": 0.001,
    "fixed_slippage": 0.001,
    "min_slippage": 0.0,
    "fill_timing": "next_open",
    "bar_priority": "stop_first",
    "session_start": 0,
    "session_end": 24,
    "include_hours": "0-23",
    "sides": "both",
    "regime_adapt": false,
    "regime_fast": 50,
    "regime_slow": 200,
    "regime_band": 0.0,
    "round_exits": true,
    "stop_extra_slip": 0.0
  },
  "metrics_consistent": {
    "return_pct_train_consistent": 0.1576469509669983,
    "return_pct_test_consistent": 0.1504526608717131,
    "suspicious_run": false
  }
}