{
  "created_at": "2025-09-01T01:01:48.403125+00:00",
  "objective": "multi",
  "selection": {
    "dd_cap_pct": 0.3,
    "best_trial": 220,
    "top_k": 1,
    "top_trials": [
      220
    ]
  },
  "train_bars": 1131150,
  "test_bars": 484694,
  "train_metrics": {
    "pnl": -0.6960651732900063,
    "return_pct": -3.480325866456191e-05,
    "trades": 4,
    "win_rate": 0.5,
    "avg_trade": -0.17401629332250157,
    "avg_trade_pct": -8.690836932682839e-06,
    "max_drawdown": -5.95298347509015,
    "max_drawdown_pct": -0.0002975709584436312,
    "final_equity": 19999.30393482671,
    "wins": 2,
    "losses": 2
  },
  "test_metrics": {
    "pnl": -1.8150147693451644,
    "return_pct": -9.07507384672046e-05,
    "trades": 6,
    "win_rate": 0.5,
    "avg_trade": -0.3025024615575274,
    "avg_trade_pct": -1.511982773598027e-05,
    "max_drawdown": -4.53163994021088,
    "max_drawdown_pct": -0.00022655122427262653,
    "final_equity": 19998.184985230655,
    "wins": 3,
    "losses": 3
  },
  "params": {
    "p_sma": 50,
    "p_std": 47,
    "p_atr": 29,
    "p_adx": 8,
    "rsi_period": 42,
    "ema1": 12,
    "ema2": 54,
    "slip_atr_k": 0.004831626723098893,
    "slip_spread_k": 0.48758777986643986,
    "spread_hl_frac": 0.012108815139132487,
    "bb_std_mult": 1.9336713551721718,
    "rsi_os": 17,
    "rsi_ob": 78,
    "vol_spike": 0.1367867055617251,
    "adx_thresh": 9.98692033495744,
    "atr_min_pct": 0.007759094763281571,
    "atr_max_pct": 0.11603052107550493,
    "tp_mult": 2.9710425912771257,
    "tsl_mult": 0.23891393671189198,
    "strategy": "breakout",
    "time_stop": 82,
    "use_sma": true,
    "use_atr": false,
    "use_adx": true,
    "use_ema": true,
    "use_spike": false,
    "rsi_required": true,
    "edge_k": 0.23998015369480485,
    "edge_cap": 0.6360323176034455,
    "bull_strategy": "mean_reversion",
    "bull_bb_std_mult": 1.985374824868162,
    "bull_rsi_os": 33,
    "bull_rsi_ob": 88,
    "bull_adx_thresh": 27.663132132969697,
    "bull_atr_min_pct": 0.01486410699536702,
    "bull_atr_max_pct": 0.0785722414291899,
    "bull_tp_mult": 2.1650220969069216,
    "bull_tsl_mult": 0.1636393258153072,
    "bull_time_stop": 147,
    "bull_use_sma": true,
    "bull_use_ema": true,
    "bull_use_atr": false,
    "bull_use_adx": true,
    "bull_use_spike": false,
    "bull_rsi_required": true,
    "bear_strategy": "mean_reversion",
    "bear_bb_std_mult": 1.3069770458312913,
    "bear_rsi_os": 49,
    "bear_rsi_ob": 54,
    "bear_adx_thresh": 34.610298040723556,
    "bear_atr_min_pct": 0.005955428685062781,
    "bear_atr_max_pct": 0.12656422524079913,
    "bear_tp_mult": 2.038051786648252,
    "bear_tsl_mult": 0.7183858960939642,
    "bear_time_stop": 300,
    "bear_use_sma": true,
    "bear_use_ema": false,
    "bear_use_atr": true,
    "bear_use_adx": true,
    "bear_use_spike": false,
    "bear_rsi_required": true,
    "sideways_strategy": "breakout",
    "sideways_bb_std_mult": 2.948543708823364,
    "sideways_rsi_os": 17,
    "sideways_rsi_ob": 45,
    "sideways_adx_thresh": 5.634777572406358,
    "sideways_atr_min_pct": 0.026780430247650793,
    "sideways_atr_max_pct": 0.05682532597890211,
    "sideways_tp_mult": 1.2091807517341222,
    "sideways_tsl_mult": 0.4870729413799051,
    "sideways_time_stop": 141,
    "sideways_use_sma": false,
    "sideways_use_ema": false,
    "sideways_use_atr": false,
    "sideways_use_adx": false,
    "sideways_use_spike": false,
    "sideways_rsi_required": false,
    "fee": 0.0005,
    "rsi_key": "rsi42",
    "start_equity": 20000.0,
    "risk_per_trade": 0.02,
    "risk_stop_atr_mult": 1.0,
    "risk_min_stop_frac": 0.001,
    "daily_loss_limit_pct": 0.1,
    "cooldown_bars": 30,
    "fill_timing": "next_open",
    "bar_priority": "stop_first",
    "session_start": 0,
    "session_end": 24,
    "include_hours_set": "{14, 15, 16, 17, 18, 19, 20, 22}",
    "max_consec_losses": 7,
    "lockout_bars": 100,
    "proba_temp": 1.0,
    "participation_cap": 1.0,
    "price_step": 0.0001,
    "qty_step": 0.0001,
    "min_notional": 5.0,
    "max_notional_pct_equity": 1.0,
    "sides": "long",
    "regime_adapt": true,
    "regime_fast": 50,
    "regime_slow": 200,
    "regime_band": 0.006,
    "round_exits": true,
    "stop_extra_slip": 0.0,
    "regime_overrides": {
      "bull": {
        "allowed_sides": [
          "long",
          "short"
        ],
        "mode": "mean_reversion",
        "bb_std_mult": 2.0169431746748376,
        "tp_mult": 1.9194251920826044,
        "tsl_mult": 0.6891458682949287,
        "time_stop_bars": 214,
        "rsi_required": false,
        "use_adx": true,
        "adx": 18.0,
        "use_atr": true,
        "atr_range": [
          0.0008,
          0.06
        ]
      },
      "sideways": {
        "allowed_sides": [
          "long",
          "short"
        ],
        "mode": "breakout",
        "bb_std_mult": 1.5828092896467827,
        "tp_mult": 2.341879695778944,
        "tsl_mult": 0.651967765830165,
        "time_stop_bars": 235,
        "rsi_required": true,
        "use_adx": true,
        "adx": 15.0,
        "use_atr": true,
        "atr_range": [
          0.001,
          0.14
        ]
      },
      "bear": {
        "allowed_sides": [
          "long",
          "short"
        ],
        "mode": "breakout",
        "bb_std_mult": 1.2571599337995167,
        "tp_mult": 1.7149673432024581,
        "tsl_mult": 0.25,
        "time_stop_bars": 122,
        "rsi_required": true,
        "use_adx": true,
        "adx": 20.0,
        "use_atr": true,
        "atr_range": [
          0.0015,
          0.06
        ]
      }
    },
    "slippage": 0.0004,
    "select_top_k": 1,
    "aggregate_params": "median",
    "objective": "multi",
    "wfo_folds": 6,
    "embargo_bars": 150,
    "use_ml": false,
    "ml_thresh": 0.0
  },
  "guardrails": {
    "max_dd_pct_allowed": 0.3,
    "min_trades_lookback": 120,
    "daily_loss_limit_pct": 0.1,
    "cooldown_bars": 30,
    "fill_timing": "next_open",
    "bar_priority": "stop_first",
    "session_hours": [
      0,
      24
    ],
    "include_hours": [
      14,
      15,
      16,
      17,
      18,
      19,
      20,
      22
    ],
    "consec_loss_lockout": [
      7,
      100
    ],
    "sides": "long"
  },
  "regime": {
    "enabled": true,
    "fast": 50,
    "slow": 200,
    "band": 0.006,
    "overrides": {
      "bull": {
        "allowed_sides": [
          "long",
          "short"
        ],
        "mode": "mean_reversion",
        "bb_std_mult": 2.0169431746748376,
        "tp_mult": 1.9194251920826044,
        "tsl_mult": 0.6891458682949287,
        "time_stop_bars": 214,
        "rsi_required": false,
        "use_adx": true,
        "adx": 18.0,
        "use_atr": true,
        "atr_range": [
          0.0008,
          0.06
        ]
      },
      "sideways": {
        "allowed_sides": [
          "long",
          "short"
        ],
        "mode": "breakout",
        "bb_std_mult": 1.5828092896467827,
        "tp_mult": 2.341879695778944,
        "tsl_mult": 0.651967765830165,
        "time_stop_bars": 235,
        "rsi_required": true,
        "use_adx": true,
        "adx": 15.0,
        "use_atr": true,
        "atr_range": [
          0.001,
          0.14
        ]
      },
      "bear": {
        "allowed_sides": [
          "long",
          "short"
        ],
        "mode": "breakout",
        "bb_std_mult": 1.2571599337995167,
        "tp_mult": 1.7149673432024581,
        "tsl_mult": 0.25,
        "time_stop_bars": 122,
        "rsi_required": true,
        "use_adx": true,
        "adx": 20.0,
        "use_atr": true,
        "atr_range": [
          0.0015,
          0.06
        ]
      }
    }
  },
  "run_config": {
    "trials": 600,
    "n_jobs": 4,
    "seed": 911,
    "objective": "multi",
    "multi_objective": true,
    "train_frac": 0.7,
    "wfo_folds": 6,
    "embargo_bars": 150,
    "select_top_k": 1,
    "aggregate_params": "median",