{
  "created_at": "2025-08-22T00:01:07.749476+00:00",
  "objective": "multi",
  "selection": {
    "dd_cap_pct": 0.04,
    "best_trial": 259,
    "top_k": 5,
    "top_trials": [
      259,
      181,
      266,
      321,
      319
    ]
  },
  "train_bars": 1050243,
  "test_bars": 565401,
  "train_metrics": {
    "pnl": 3530.1298555899957,
    "return_pct": 0.1765064927794997,
    "trades": 1002,
    "win_rate": 0.3562874251497006,
    "avg_trade": 3.5230836882135685,
    "avg_trade_pct": 0.000162568978055706,
    "max_drawdown": -268.62471262000327,
    "max_drawdown_pct": -0.011837149491977764,
    "final_equity": 23530.129855589992,
    "wins": 357,
    "losses": 645
  },
  "test_metrics": {
    "pnl": 1185.2785235600068,
    "return_pct": 0.05926392617800036,
    "trades": 496,
    "win_rate": 0.3024193548387097,
    "avg_trade": 2.389674442661304,
    "avg_trade_pct": 0.00011653942915113659,
    "max_drawdown": -293.9056276999909,
    "max_drawdown_pct": -0.013751130339387001,
    "final_equity": 21185.278523560006,
    "wins": 150,
    "losses": 346
  },
  "params": {
    "time_stop": 178,
    "use_sma": false,
    "atr_min_pct": 0.014323684072233275,
    "atr_max_pct": 0.09447039318185134,
    "strategy": "mean_reversion",
    "vol_spike": 0.11081595920201427,
    "ema1": 27,
    "bb_std_mult": 2.8669659786305175,
    "use_spike": false,
    "p_atr": 18,
    "slip_spread_k": 0.34906663934275195,
    "rsi_required": true,
    "slip_atr_k": 0.00013526246679528622,
    "tp_mult": 1.7680379355543663,
    "ema2": 17,
    "adx_thresh": 20.899922281076627,
    "edge_cap": 0.24845160340401456,
    "tsl_mult": 0.5646805317684614,
    "use_ema": false,
    "p_std": 41,
    "edge_k": 1.6975202850820486,
    "rsi_ob": 88,
    "rsi_period": 63,
    "rsi_os": 39,
    "spread_hl_frac": 0.0015315300435512565,
    "use_adx": true,
    "p_sma": 10,
    "use_atr": true,
    "p_adx": 26,
    "fee": 0.0,
    "rsi_key": "rsi63",
    "start_equity": 20000.0,
    "risk_per_trade": 0.0015,
    "risk_stop_atr_mult": 1.0,
    "risk_min_stop_frac": 0.001,
    "daily_loss_limit_pct": 0.01,
    "cooldown_bars": 120,
    "fill_timing": "next_open",
    "bar_priority": "stop_first",
    "session_start": 0,
    "session_end": 24,
    "include_hours_set": "{16, 17, 20}",
    "max_consec_losses": 2,
    "lockout_bars": 60,
    "proba_temp": 1.0,
    "participation_cap": 0.1,
    "price_step": 0.0001,
    "qty_step": 0.0001,
    "min_notional": 5.0,
    "max_notional_pct_equity": 0.5,
    "sides": "short",
    "regime_adapt": true,
    "regime_fast": 50,
    "regime_slow": 200,
    "regime_band": 0.0,
    "round_exits": true,
    "stop_extra_slip": 0.0,
    "regime_overrides": {
      "bull": {
        "strategy": "mean_reversion",
        "bb_std_mult": 2.0169431746748376,
        "rsi_ob": 51,
        "rsi_os": 43,
        "tp_mult": 1.9194251920826044,
        "tsl_mult": 0.6891458682949287,
        "time_stop": 214,
        "use_ema": false,
        "use_adx": true,
        "use_atr": true,
        "rsi_required": false,
        "adx_thresh": 30.312193620918165,
        "atr_min_pct": 0.01765191613765407,
        "atr_max_pct": 0.05817423848665073
      },
      "sideways": {
        "strategy": "breakout",
        "bb_std_mult": 1.5828092896467827,
        "rsi_ob": 58,
        "rsi_os": 19,
        "tp_mult": 2.341879695778944,
        "tsl_mult": 0.651967765830165,
        "time_stop": 235,
        "use_ema": false,
        "use_adx": false,
        "use_atr": false,
        "rsi_required": true,
        "atr_min_pct": 0.015109626219893455,
        "atr_max_pct": 0.13630943049822583
      },
      "bear": {
        "strategy": "breakout",
        "bb_std_mult": 1.2571599337995167,
        "rsi_ob": 70,
        "rsi_os": 52,
        "tp_mult": 1.7149673432024581,
        "tsl_mult": 0.0004102131455224567,
        "time_stop": 122,
        "use_ema": false,
        "use_adx": false,
        "use_atr": false,
        "rsi_required": false,
        "adx_thresh": 31.238766665127454,
        "atr_min_pct": 0.026767463670604112,
        "atr_max_pct": 0.042481859768843486
      }
    },
    "slippage": 0.0006,
    "select_top_k": 5,
    "aggregate_params": "median",
    "objective": "multi",
    "wfo_folds": 10,
    "embargo_bars": 250,
    "use_ml": false,
    "ml_thresh": 0.0
  },
  "guardrails": {
    "max_dd_pct_allowed": 0.04,
    "min_trades_lookback": 120,
    "daily_loss_limit_pct": 0.01,
    "cooldown_bars": 120,
    "fill_timing": "next_open",
    "bar_priority": "stop_first",
    "session_hours": [
      0,
      24
    ],
    "include_hours": [
      16,
      17,
      20
    ],
    "consec_loss_lockout": [
      2,
      60
    ],
    "sides": "short"
  },
  "regime": {
    "enabled": true,
    "fast": 50,
    "slow": 200,
    "band": 0.0,
    "overrides": {
      "bull": {
        "strategy": "mean_reversion",
        "bb_std_mult": 2.0169431746748376,
        "rsi_ob": 51,
        "rsi_os": 43,
        "tp_mult": 1.9194251920826044,
        "tsl_mult": 0.6891458682949287,
        "time_stop": 214,
        "use_ema": false,
        "use_adx": true,
        "use_atr": true,
        "rsi_required": false,
        "adx_thresh": 30.312193620918165,
        "atr_min_pct": 0.01765191613765407,
        "atr_max_pct": 0.05817423848665073
      },
      "sideways": {
        "strategy": "breakout",
        "bb_std_mult": 1.5828092896467827,
        "rsi_ob": 58,
        "rsi_os": 19,
        "tp_mult": 2.341879695778944,
        "tsl_mult": 0.651967765830165,
        "time_stop": 235,
        "use_ema": false,
        "use_adx": false,
        "use_atr": false,
        "rsi_required": true,
        "atr_min_pct": 0.015109626219893455,
        "atr_max_pct": 0.13630943049822583
      },
      "bear": {
        "strategy": "breakout",
        "bb_std_mult": 1.2571599337995167,
        "rsi_ob": 70,
        "rsi_os": 52,
        "tp_mult": 1.7149673432024581,
        "tsl_mult": 0.0004102131455224567,
        "time_stop": 122,
        "use_ema": false,
        "use_adx": false,
        "use_atr": false,
        "rsi_required": false,
        "adx_thresh": 31.238766665127454,
        "atr_min_pct": 0.026767463670604112,
        "atr_max_pct": 0.042481859768843486
      }
    }
  },
  "run_config": {
    "trials": 350,
    "n_jobs": 4,
    "seed": 202,
    "objective": "multi",
    "multi_objective": true,
    "train_frac": 0.65,
    "wfo_folds": 10,
    "embargo_bars": 250,
    "select_top_k": 5,
    "aggregate_params": "median",
    "start_equity": 20000.0,
    "fee": 0.0,
    "fixed_slippage": 0.0006,
    "min_slippage": 0.0,
    "fill_timing": "next_open",
    "bar_priority": "stop_first",
    "session_start": 0,
    "session_end": 24,
    "include_hours": "16,17,20",
    "sides": "short",
    "regime_adapt": true,
    "regime_fast": 50,
    "regime_slow": 200,
    "regime_band": 0.5,
    "round_exits": true,
    "stop_extra_slip": 0.0
  },
  "metrics_consistent": {
    "return_pct_train_consistent": 0.17650649277949979,
    "return_pct_test_consistent": 0.05926392617800034,
    "suspicious_run": false
  }
}