{
  "created_at": "2025-09-01T09:19:11.828826+00:00",
  "objective": "multi",
  "selection": {
    "dd_cap_pct": 0.3,
    "best_trial": 422,
    "top_k": 1,
    "top_trials": [
      422
    ]
  },
  "train_bars": 1131150,
  "test_bars": 484694,
  "train_metrics": {
    "pnl": 0.0,
    "return_pct": 0.0,
    "trades": 0,
    "win_rate": 0.0,
    "avg_trade": 0.0,
    "avg_trade_pct": 0.0,
    "max_drawdown": 0.0,
    "max_drawdown_pct": 0.0,
    "final_equity": 20000.0,
    "wins": 0,
    "losses": 0
  },
  "test_metrics": {
    "pnl": 0.0,
    "return_pct": 0.0,
    "trades": 0,
    "win_rate": 0.0,
    "avg_trade": 0.0,
    "avg_trade_pct": 0.0,
    "max_drawdown": 0.0,
    "max_drawdown_pct": 0.0,
    "final_equity": 20000.0,
    "wins": 0,
    "losses": 0
  },
  "params": {
    "p_sma": 23,
    "p_std": 32,
    "p_atr": 17,
    "p_adx": 7,
    "rsi_period": 45,
    "ema1": 25,
    "ema2": 19,
    "slip_atr_k": 0.023493214807708863,
    "slip_spread_k": 0.4644768031386141,
    "spread_hl_frac": 0.002007740454117456,
    "bb_std_mult": 1.1122222512769158,
    "rsi_os": 32,
    "rsi_ob": 48,
    "vol_spike": 0.22801637011022963,
    "adx_thresh": 24.47156079506984,
    "atr_min_pct": 0.023872295174049693,
    "atr_max_pct": 0.08169469072188969,
    "tp_mult": 1.9729877991492137,
    "tsl_mult": 0.02456759413759335,
    "strategy": "breakout",
    "time_stop": 175,
    "use_sma": false,
    "use_atr": true,
    "use_adx": true,
    "use_ema": true,
    "use_spike": false,
    "rsi_required": false,
    "edge_k": 0.21416463533461605,
    "edge_cap": 0.05050347600172475,
    "bull_strategy": "mean_reversion",
    "bull_bb_std_mult": 1.48248915527623,
    "bull_rsi_os": 47,
    "bull_rsi_ob": 51,
    "bull_adx_thresh": 5.932233306342789,
    "bull_atr_min_pct": 0.017836421968743393,
    "bull_atr_max_pct": 0.1136981552664761,
    "bull_tp_mult": 1.120218113127511,
    "bull_tsl_mult": 0.671448209349818,
    "bull_time_stop": 157,
    "bull_use_sma": false,
    "bull_use_ema": false,
    "bull_use_atr": true,
    "bull_use_adx": false,
    "bull_use_spike": false,
    "bull_rsi_required": false,
    "bear_strategy": "breakout",
    "bear_bb_std_mult": 1.4571788647532662,
    "bear_rsi_os": 30,
    "bear_rsi_ob": 51,
    "bear_adx_thresh": 7.5626929472502935,
    "bear_atr_min_pct": 0.005058544166505379,
    "bear_atr_max_pct": 0.0183828880398531,
    "bear_tp_mult": 1.5593846067189656,
    "bear_tsl_mult": 0.6623807531288781,
    "bear_time_stop": 218,
    "bear_use_sma": true,
    "bear_use_ema": false,
    "bear_use_atr": true,
    "bear_use_adx": true,
    "bear_use_spike": false,
    "bear_rsi_required": true,
    "sideways_strategy": "breakout",
    "sideways_bb_std_mult": 2.1028516795358962,
    "sideways_rsi_os": 50,
    "sideways_rsi_ob": 89,
    "sideways_adx_thresh": 33.108332452922774,
    "sideways_atr_min_pct": 0.024084402522513627,
    "sideways_atr_max_pct": 0.1269525282086537,
    "sideways_tp_mult": 2.6677938788606275,
    "sideways_tsl_mult": 0.30969640657787545,
    "sideways_time_stop": 89,
    "sideways_use_sma": false,
    "sideways_use_ema": false,
    "sideways_use_atr": true,
    "sideways_use_adx": true,
    "sideways_use_spike": true,
    "sideways_rsi_required": false,
    "fee": 0.0005,
    "rsi_key": "rsi45",
    "start_equity": 20000.0,
    "risk_per_trade": 0.025,
    "risk_stop_atr_mult": 1.0,
    "risk_min_stop_frac": 0.001,
    "daily_loss_limit_pct": 0.1,
    "cooldown_bars": 30,
    "fill_timing": "next_open",
    "bar_priority": "stop_first",
    "session_start": 0,
    "session_end": 24,
    "include_hours_set": "{14, 15, 16, 17, 18, 19, 20, 22}",
    "max_consec_losses": 7,
    "lockout_bars": 100,
    "proba_temp": 1.0,
    "participation_cap": 1.0,
    "price_step": 0.0001,
    "qty_step": 0.0001,
    "min_notional": 5.0,
    "max_notional_pct_equity": 1.0,
    "sides": "long",
    "regime_adapt": true,
    "regime_fast": 50,
    "regime_slow": 200,
    "regime_band": 0.006,
    "round_exits": true,
    "stop_extra_slip": 0.0,
    "regime_overrides": {
      "bull": {
        "allowed_sides": [
          "long",
          "short"
        ],
        "mode": "mean_reversion",
        "bb_std_mult": 2.0169431746748376,
        "tp_mult": 1.9194251920826044,
        "tsl_mult": 0.6891458682949287,
        "time_stop_bars": 214,
        "rsi_required": false,
        "use_adx": true,
        "adx": 18.0,
        "use_atr": true,
        "atr_range": [
          0.0008,
          0.06
        ]
      },
      "sideways": {
        "allowed_sides": [
          "long",
          "short"
        ],
        "mode": "breakout",
        "bb_std_mult": 1.5828092896467827,
        "tp_mult": 2.341879695778944,
        "tsl_mult": 0.651967765830165,
        "time_stop_bars": 235,
        "rsi_required": true,
        "use_adx": true,
        "adx": 15.0,
        "use_atr": true,
        "atr_range": [
          0.001,
          0.14
        ]
      },
      "bear": {
        "allowed_sides": [
          "long",
          "short"
        ],
        "mode": "breakout",
        "bb_std_mult": 1.2571599337995167,
        "tp_mult": 1.7149673432024581,
        "tsl_mult": 0.25,
        "time_stop_bars": 122,
        "rsi_required": true,
        "use_adx": true,
        "adx": 20.0,
        "use_atr": true,
        "atr_range": [
          0.0015,
          0.06
        ]
      }
    },
    "slippage": 0.0004,
    "select_top_k": 1,
    "aggregate_params": "median",
    "objective": "multi",
    "wfo_folds": 6,
    "embargo_bars": 150,
    "use_ml": false,
    "ml_thresh": 0.0
  },
  "guardrails": {
    "max_dd_pct_allowed": 0.3,
    "min_trades_lookback": 120,
    "daily_loss_limit_pct": 0.1,
    "cooldown_bars": 30,
    "fill_timing": "next_open",
    "bar_priority": "stop_first",
    "session_hours": [
      0,
      24
    ],
    "include_hours": [
      14,
      15,
      16,
      17,
      18,
      19,
      20,
      22
    ],
    "consec_loss_lockout": [
      7,
      100
    ],
    "sides": "long"
  },
  "regime": {
    "enabled": true,
    "fast": 50,
    "slow": 200,
    "band": 0.006,
    "overrides": {
      "bull": {
        "allowed_sides": [
          "long",
          "short"
        ],
        "mode": "mean_reversion",
        "bb_std_mult": 2.0169431746748376,
        "tp_mult": 1.9194251920826044,
        "tsl_mult": 0.6891458682949287,
        "time_stop_bars": 214,
        "rsi_required": false,
        "use_adx": true,
        "adx": 18.0,
        "use_atr": true,
        "atr_range": [
          0.0008,
          0.06
        ]
      },
      "sideways": {
        "allowed_sides": [
          "long",
          "short"
        ],
        "mode": "breakout",
        "bb_std_mult": 1.5828092896467827,
        "tp_mult": 2.341879695778944,
        "tsl_mult": 0.651967765830165,
        "time_stop_bars": 235,
        "rsi_required": true,
        "use_adx": true,
        "adx": 15.0,
        "use_atr": true,
        "atr_range": [
          0.001,
          0.14
        ]
      },
      "bear": {
        "allowed_sides": [
          "long",
          "short"
        ],
        "mode": "breakout",
        "bb_std_mult": 1.2571599337995167,
        "tp_mult": 1.7149673432024581,
        "tsl_mult": 0.25,
        "time_stop_bars": 122,
        "rsi_required": true,
        "use_adx": true,
        "adx": 20.0,
        "use_atr": true,
        "atr_range": [
          0.0015,
          0.06
        ]
      }
    }
  },
  "run_config": {
    "trials": 600,
    "n_jobs": 4,
    "seed": 913,
    "objective": "multi",
    "multi_objective": true,
    "train_frac": 0.7,
    "wfo_folds": 6,
    "embargo_bars": 150,
    "select_top_k": 1,
    "aggregate_params": "median",
    "start_equity": 20000.0,
    "fee": 0.0005,
    "fixed_slippage": 0.0004,
    "min_slippage": 0.0,
    "fill_timing": "next_open",
    "bar_priority": "stop_first",
    "session_start": 0,
    "session_end": 24,