{
  "created_at": "2025-08-27T15:53:59.762377+00:00",
  "objective": "multi",
  "selection": {
    "dd_cap_pct": 0.08,
    "best_trial": 1197,
    "top_k": 3,
    "top_trials": [
      1197,
      1165,
      1170
    ]
  },
  "train_bars": 969386,
  "test_bars": 646158,
  "train_metrics": {
    "pnl": 12621.400602885456,
    "return_pct": 0.6310700301442724,
    "trades": 1252,
    "win_rate": 0.4680511182108626,
    "avg_trade": 10.080990896873368,
    "avg_trade_pct": 0.0003932895482563694,
    "max_drawdown": -247.9846856194781,
    "max_drawdown_pct": -0.010576775791101221,
    "final_equity": 32621.40060288545,
    "wins": 586,
    "losses": 666
  },
  "test_metrics": {
    "pnl": 5768.708966878652,
    "return_pct": 0.28843544834393264,
    "trades": 478,
    "win_rate": 0.5,
    "avg_trade": 12.068428801001364,
    "avg_trade_pct": 0.0005321559909274106,
    "max_drawdown": -162.1546869902777,
    "max_drawdown_pct": -0.007819178372807847,
    "final_equity": 25768.708966878654,
    "wins": 239,
    "losses": 239
  },
  "params": {
    "rsi_required": false,
    "p_std": 7,
    "vol_spike": 0.011018688623035334,
    "use_adx": false,
    "use_sma": false,
    "rsi_os": 15,
    "p_adx": 8,
    "edge_k": 0.2620561952891693,
    "slip_spread_k": 0.2373982371763954,
    "ema2": 36,
    "time_stop": 245,
    "p_sma": 27,
    "use_ema": true,
    "tp_mult": 1.445346551316273,
    "rsi_ob": 63,
    "p_atr": 8,
    "spread_hl_frac": 0.036104765016242046,
    "use_atr": true,
    "bb_std_mult": 2.23941700874402,
    "strategy": "breakout",
    "slip_atr_k": 0.020153992460881398,
    "use_spike": true,
    "edge_cap": 0.3118861244205959,
    "atr_min_pct": 0.006069650476986642,
    "ema1": 14,
    "atr_max_pct": 0.10809517677544735,
    "rsi_period": 31,
    "tsl_mult": 0.004178373753204128,
    "adx_thresh": 11.41429059553427,
    "fee": 0.0005,
    "rsi_key": "rsi31",
    "start_equity": 20000.0,
    "risk_per_trade": 0.02,
    "risk_stop_atr_mult": 1.0,
    "risk_min_stop_frac": 0.001,
    "daily_loss_limit_pct": 0.03,
    "cooldown_bars": 20,
    "fill_timing": "close",
    "bar_priority": "stop_first",
    "session_start": 0,
    "session_end": 24,
    "include_hours_set": null,
    "max_consec_losses": 0,
    "lockout_bars": 0,
    "proba_temp": 1.0,
    "participation_cap": 0.05,
    "price_step": 0.0001,
    "qty_step": 0.0001,
    "min_notional": 5.0,
    "max_notional_pct_equity": 0.5,
    "sides": "both",
    "regime_adapt": false,
    "regime_fast": 50,
    "regime_slow": 200,
    "regime_band": 0.006,
    "round_exits": true,
    "stop_extra_slip": 0.0002,
    "regime_overrides": {
      "bull": {
        "allowed_sides": [
          "long",
          "short"
        ],
        "mode": "mean_reversion",
        "bb_std_mult": 2.0169431746748376,
        "tp_mult": 1.9194251920826044,
        "tsl_mult": 0.6891458682949287,
        "time_stop_bars": 214,
        "rsi_required": false,
        "use_adx": true,
        "adx": 18.0,
        "use_atr": true,
        "atr_range": [
          0.0008,
          0.06
        ]
      },
      "sideways": {
        "allowed_sides": [
          "long",
          "short"
        ],
        "mode": "breakout",
        "bb_std_mult": 1.5828092896467827,
        "tp_mult": 2.341879695778944,
        "tsl_mult": 0.651967765830165,
        "time_stop_bars": 235,
        "rsi_required": true,
        "use_adx": true,
        "adx": 15.0,
        "use_atr": true,
        "atr_range": [
          0.001,
          0.14
        ]
      },
      "bear": {
        "allowed_sides": [
          "long",
          "short"
        ],
        "mode": "breakout",
        "bb_std_mult": 1.2571599337995167,
        "tp_mult": 1.7149673432024581,
        "tsl_mult": 0.25,
        "time_stop_bars": 122,
        "rsi_required": true,
        "use_adx": true,
        "adx": 20.0,
        "use_atr": true,
        "atr_range": [
          0.0015,
          0.06
        ]
      }
    },
    "slippage": 0.0006,
    "select_top_k": 3,
    "aggregate_params": "median",
    "objective": "multi",
    "wfo_folds": 5,
    "embargo_bars": 300,
    "use_ml": false,
    "ml_thresh": 0.0
  },
  "guardrails": {
    "max_dd_pct_allowed": 0.08,
    "min_trades_lookback": 50,
    "daily_loss_limit_pct": 0.03,
    "cooldown_bars": 20,
    "fill_timing": "close",
    "bar_priority": "stop_first",
    "session_hours": [
      0,
      24
    ],
    "include_hours": [],
    "consec_loss_lockout": [
      0,
      0
    ],
    "sides": "both"
  },
  "regime": {
    "enabled": false,
    "fast": 50,
    "slow": 200,
    "band": 0.006,
    "overrides": {
      "bull": {
        "allowed_sides": [
          "long",
          "short"
        ],
        "mode": "mean_reversion",
        "bb_std_mult": 2.0169431746748376,
        "tp_mult": 1.9194251920826044,
        "tsl_mult": 0.6891458682949287,
        "time_stop_bars": 214,
        "rsi_required": false,
        "use_adx": true,
        "adx": 18.0,
        "use_atr": true,
        "atr_range": [
          0.0008,
          0.06
        ]
      },
      "sideways": {
        "allowed_sides": [
          "long",
          "short"
        ],
        "mode": "breakout",
        "bb_std_mult": 1.5828092896467827,
        "tp_mult": 2.341879695778944,
        "tsl_mult": 0.651967765830165,
        "time_stop_bars": 235,
        "rsi_required": true,
        "use_adx": true,
        "adx": 15.0,
        "use_atr": true,
        "atr_range": [
          0.001,
          0.14
        ]
      },
      "bear": {
        "allowed_sides": [
          "long",
          "short"
        ],
        "mode": "breakout",
        "bb_std_mult": 1.2571599337995167,
        "tp_mult": 1.7149673432024581,
        "tsl_mult": 0.25,
        "time_stop_bars": 122,
        "rsi_required": true,
        "use_adx": true,
        "adx": 20.0,
        "use_atr": true,
        "atr_range": [
          0.0015,
          0.06
        ]
      }
    }
  },
  "run_config": {
    "trials": 1200,
    "n_jobs": 1,
    "seed": 11,
    "objective": "multi",
    "multi_objective": true,
    "train_frac": 0.6,
    "wfo_folds": 5,
    "embargo_bars": 300,
    "select_top_k": 3,
    "aggregate_params": "median",
    "start_equity": 20000.0,
    "fee": 0.0005,
    "fixed_slippage": 0.0006,
    "min_slippage": 0.0,
    "fill_timing": "close",
    "bar_priority": "stop_first",
    "session_start": 0,
    "session_end": 24,
    "include_hours": null,
    "sides": "both",
    "regime_adapt": false,
    "regime_fast": 50,
    "regime_slow": 200,
    "regime_band": 0.0,
    "round_exits": true,
    "stop_extra_slip": 0.0002
  },
  "metrics_consistent": {
    "return_pct_train_consistent": 0.6310700301442729,
    "return_pct_test_consistent": 0.2884354483439326,
    "suspicious_run": false
  }
}