{
  "created_at": "2025-09-01T06:03:52.635005+00:00",
  "objective": "multi",
  "selection": {
    "dd_cap_pct": 0.3,
    "best_trial": 495,
    "top_k": 1,
    "top_trials": [
      495
    ]
  },
  "train_bars": 1131150,
  "test_bars": 484694,
  "train_metrics": {
    "pnl": 11.98935249916476,
    "return_pct": 0.0005994676249581055,
    "trades": 9,
    "win_rate": 0.4444444444444444,
    "avg_trade": 1.3321502776849732,
    "avg_trade_pct": 6.675093871572966e-05,
    "max_drawdown": -21.13703172127498,
    "max_drawdown_pct": -0.0010552549115597995,
    "final_equity": 20011.989352499164,
    "wins": 4,
    "losses": 5
  },
  "test_metrics": {
    "pnl": 19.722586244820413,
    "return_pct": 0.0009861293122410686,
    "trades": 16,
    "win_rate": 0.5625,
    "avg_trade": 1.2326616403012758,
    "avg_trade_pct": 6.172627755201724e-05,
    "max_drawdown": -21.210854300821666,
    "max_drawdown_pct": -0.0010605291342265046,
    "final_equity": 20019.72258624482,
    "wins": 9,
    "losses": 7
  },
  "params": {
    "p_sma": 37,
    "p_std": 36,
    "p_atr": 20,
    "p_adx": 16,
    "rsi_period": 42,
    "ema1": 8,
    "ema2": 60,
    "slip_atr_k": 0.012337343538067508,
    "slip_spread_k": 0.12999020482128376,
    "spread_hl_frac": 0.018639515736548776,
    "bb_std_mult": 2.5578684058767744,
    "rsi_os": 47,
    "rsi_ob": 93,
    "vol_spike": 0.010753765858901691,
    "adx_thresh": 34.20310408931557,
    "atr_min_pct": 0.009109678462030065,
    "atr_max_pct": 0.09195877693701981,
    "tp_mult": 1.312331216624955,
    "tsl_mult": 0.17305695446206104,
    "strategy": "mean_reversion",
    "time_stop": 42,
    "use_sma": false,
    "use_atr": false,
    "use_adx": false,
    "use_ema": false,
    "use_spike": false,
    "rsi_required": false,
    "edge_k": 0.8764509463528523,
    "edge_cap": 0.29136166716585604,
    "bull_strategy": "breakout",
    "bull_bb_std_mult": 2.4226135112935494,
    "bull_rsi_os": 40,
    "bull_rsi_ob": 55,
    "bull_adx_thresh": 10.713086271008951,
    "bull_atr_min_pct": 0.02049619176110359,
    "bull_atr_max_pct": 0.07726347321237802,
    "bull_tp_mult": 1.1396877901188327,
    "bull_tsl_mult": 0.916479534441945,
    "bull_time_stop": 177,
    "bull_use_sma": true,
    "bull_use_ema": true,
    "bull_use_atr": true,
    "bull_use_adx": true,
    "bull_use_spike": true,
    "bull_rsi_required": false,
    "bear_strategy": "mean_reversion",
    "bear_bb_std_mult": 3.3245913526052115,
    "bear_rsi_os": 43,
    "bear_rsi_ob": 88,
    "bear_adx_thresh": 12.26459476618769,
    "bear_atr_min_pct": 0.005631829460009383,
    "bear_atr_max_pct": 0.04037616775485204,
    "bear_tp_mult": 2.7718500950121863,
    "bear_tsl_mult": 0.19985163836237918,
    "bear_time_stop": 219,
    "bear_use_sma": false,
    "bear_use_ema": false,
    "bear_use_atr": true,
    "bear_use_adx": true,
    "bear_use_spike": true,
    "bear_rsi_required": true,
    "sideways_strategy": "breakout",
    "sideways_bb_std_mult": 1.3337187693672259,
    "sideways_rsi_os": 11,
    "sideways_rsi_ob": 62,
    "sideways_adx_thresh": 11.634132063920509,
    "sideways_atr_min_pct": 0.007656903017518948,
    "sideways_atr_max_pct": 0.08066438361446138,
    "sideways_tp_mult": 2.4179457665536277,
    "sideways_tsl_mult": 0.5135629045739561,
    "sideways_time_stop": 154,
    "sideways_use_sma": false,
    "sideways_use_ema": false,
    "sideways_use_atr": true,
    "sideways_use_adx": false,
    "sideways_use_spike": true,
    "sideways_rsi_required": true,
    "fee": 0.0005,
    "rsi_key": "rsi42",
    "start_equity": 20000.0,
    "risk_per_trade": 0.025,
    "risk_stop_atr_mult": 1.0,
    "risk_min_stop_frac": 0.001,
    "daily_loss_limit_pct": 0.1,
    "cooldown_bars": 30,
    "fill_timing": "next_open",
    "bar_priority": "stop_first",
    "session_start": 0,
    "session_end": 24,
    "include_hours_set": "{14, 15, 16, 17, 18, 19, 20, 22}",
    "max_consec_losses": 7,
    "lockout_bars": 100,
    "proba_temp": 1.0,
    "participation_cap": 1.0,
    "price_step": 0.0001,
    "qty_step": 0.0001,
    "min_notional": 5.0,
    "max_notional_pct_equity": 1.0,
    "sides": "long",
    "regime_adapt": true,
    "regime_fast": 50,
    "regime_slow": 200,
    "regime_band": 0.006,
    "round_exits": true,
    "stop_extra_slip": 0.0,
    "regime_overrides": {
      "bull": {
        "allowed_sides": [
          "long",
          "short"
        ],
        "mode": "mean_reversion",
        "bb_std_mult": 2.0169431746748376,
        "tp_mult": 1.9194251920826044,
        "tsl_mult": 0.6891458682949287,
        "time_stop_bars": 214,
        "rsi_required": false,
        "use_adx": true,
        "adx": 18.0,
        "use_atr": true,
        "atr_range": [
          0.0008,
          0.06
        ]
      },
      "sideways": {
        "allowed_sides": [
          "long",
          "short"
        ],
        "mode": "breakout",
        "bb_std_mult": 1.5828092896467827,
        "tp_mult": 2.341879695778944,
        "tsl_mult": 0.651967765830165,
        "time_stop_bars": 235,
        "rsi_required": true,
        "use_adx": true,
        "adx": 15.0,
        "use_atr": true,
        "atr_range": [
          0.001,
          0.14
        ]
      },
      "bear": {
        "allowed_sides": [
          "long",
          "short"
        ],
        "mode": "breakout",
        "bb_std_mult": 1.2571599337995167,
        "tp_mult": 1.7149673432024581,
        "tsl_mult": 0.25,
        "time_stop_bars": 122,
        "rsi_required": true,
        "use_adx": true,
        "adx": 20.0,
        "use_atr": true,
        "atr_range": [
          0.0015,
          0.06
        ]
      }
    },
    "slippage": 0.0004,
    "select_top_k": 1,
    "aggregate_params": "median",
    "objective": "multi",
    "wfo_folds": 6,
    "embargo_bars": 150,
    "use_ml": false,
    "ml_thresh": 0.0
  },
  "guardrails": {
    "max_dd_pct_allowed": 0.3,
    "min_trades_lookback": 120,
    "daily_loss_limit_pct": 0.1,
    "cooldown_bars": 30,
    "fill_timing": "next_open",
    "bar_priority": "stop_first",
    "session_hours": [
      0,
      24
    ],
    "include_hours": [
      14,
      15,
      16,
      17,
      18,
      19,
      20,
      22
    ],
    "consec_loss_lockout": [
      7,
      100
    ],
    "sides": "long"
  },
  "regime": {
    "enabled": true,
    "fast": 50,
    "slow": 200,
    "band": 0.006,
    "overrides": {
      "bull": {
        "allowed_sides": [
          "long",
          "short"
        ],
        "mode": "mean_reversion",
        "bb_std_mult": 2.0169431746748376,
        "tp_mult": 1.9194251920826044,
        "tsl_mult": 0.6891458682949287,
        "time_stop_bars": 214,
        "rsi_required": false,
        "use_adx": true,
        "adx": 18.0,
        "use_atr": true,
        "atr_range": [
          0.0008,
          0.06
        ]
      },
      "sideways": {
        "allowed_sides": [
          "long",
          "short"
        ],
        "mode": "breakout",
        "bb_std_mult": 1.5828092896467827,
        "tp_mult": 2.341879695778944,
        "tsl_mult": 0.651967765830165,
        "time_stop_bars": 235,
        "rsi_required": true,
        "use_adx": true,
        "adx": 15.0,
        "use_atr": true,
        "atr_range": [
          0.001,
          0.14
        ]
      },
      "bear": {
        "allowed_sides": [
          "long",
          "short"
        ],
        "mode": "breakout",
        "bb_std_mult": 1.2571599337995167,
        "tp_mult": 1.7149673432024581,
        "tsl_mult": 0.25,
        "time_stop_bars": 122,
        "rsi_required": true,
        "use_adx": true,
        "adx": 20.0,
        "use_atr": true,
        "atr_range": [
          0.0015,
          0.06
        ]
      }
    }
  },
  "run_config": {
    "trials": 600,
    "n_jobs": 4,
    "seed": 911,
    "objective": "multi",
    "multi_objective": true,
    "train_frac": 0.7,
    "wfo_folds": 6,
    "embargo_bars": 150,
    "select_top_k": 1,
    "aggregate_params": "median",