{
  "created_at": "2025-08-31T17:29:55.093887+00:00",
  "objective": "multi",
  "selection": {
    "dd_cap_pct": 0.35,
    "best_trial": 903,
    "top_k": 1,
    "top_trials": [
      903
    ]
  },
  "train_bars": 1131150,
  "test_bars": 484694,
  "train_metrics": {
    "pnl": 0.0,
    "return_pct": 0.0,
    "trades": 0,
    "win_rate": 0.0,
    "avg_trade": 0.0,
    "avg_trade_pct": 0.0,
    "max_drawdown": 0.0,
    "max_drawdown_pct": 0.0,
    "final_equity": 20000.0,
    "wins": 0,
    "losses": 0
  },
  "test_metrics": {
    "pnl": 0.0,
    "return_pct": 0.0,
    "trades": 0,
    "win_rate": 0.0,
    "avg_trade": 0.0,
    "avg_trade_pct": 0.0,
    "max_drawdown": 0.0,
    "max_drawdown_pct": 0.0,
    "final_equity": 20000.0,
    "wins": 0,
    "losses": 0
  },
  "params": {
    "p_sma": 43,
    "p_std": 31,
    "p_atr": 12,
    "p_adx": 8,
    "rsi_period": 70,
    "ema1": 14,
    "ema2": 30,
    "slip_atr_k": 0.04597832519612621,
    "slip_spread_k": 0.3649459981141817,
    "spread_hl_frac": 0.008195299136791075,
    "bb_std_mult": 0.8488323714837243,
    "rsi_os": 16,
    "rsi_ob": 55,
    "vol_spike": 0.21821247188943663,
    "adx_thresh": 6.477862173247647,
    "atr_min_pct": 0.027142425066186363,
    "atr_max_pct": 0.029709567284122815,
    "tp_mult": 1.2684801632729634,
    "tsl_mult": 0.8756919334768548,
    "strategy": "breakout",
    "time_stop": 118,
    "use_sma": false,
    "use_atr": true,
    "use_adx": true,
    "use_ema": true,
    "use_spike": true,
    "rsi_required": true,
    "edge_k": 0.22546971495922577,
    "edge_cap": 0.4512688995759963,
    "bull_strategy": "breakout",
    "bull_bb_std_mult": 1.2656001585927548,
    "bull_rsi_os": 42,
    "bull_rsi_ob": 77,
    "bull_adx_thresh": 24.464067361350224,
    "bull_atr_min_pct": 0.025719070205277507,
    "bull_atr_max_pct": 0.053895938062435256,
    "bull_tp_mult": 2.4329575166943638,
    "bull_tsl_mult": 0.160091948276471,
    "bull_time_stop": 213,
    "bull_use_sma": false,
    "bull_use_ema": true,
    "bull_use_atr": false,
    "bull_use_adx": false,
    "bull_use_spike": false,
    "bull_rsi_required": true,
    "bear_strategy": "breakout",
    "bear_bb_std_mult": 1.4992064714052682,
    "bear_rsi_os": 28,
    "bear_rsi_ob": 88,
    "bear_adx_thresh": 22.386040441675206,
    "bear_atr_min_pct": 0.003099649774467538,
    "bear_atr_max_pct": 0.0759485693184617,
    "bear_tp_mult": 2.080266945871059,
    "bear_tsl_mult": 0.5930024088356156,
    "bear_time_stop": 202,
    "bear_use_sma": false,
    "bear_use_ema": true,
    "bear_use_atr": true,
    "bear_use_adx": true,
    "bear_use_spike": false,
    "bear_rsi_required": true,
    "sideways_strategy": "breakout",
    "sideways_bb_std_mult": 2.5189600093295965,
    "sideways_rsi_os": 27,
    "sideways_rsi_ob": 77,
    "sideways_adx_thresh": 8.511160670336064,
    "sideways_atr_min_pct": 0.0077009355071287235,
    "sideways_atr_max_pct": 0.01502816513023866,
    "sideways_tp_mult": 2.6525504020516992,
    "sideways_tsl_mult": 0.872076568460756,
    "sideways_time_stop": 292,
    "sideways_use_sma": false,
    "sideways_use_ema": true,
    "sideways_use_atr": false,
    "sideways_use_adx": true,
    "sideways_use_spike": false,
    "sideways_rsi_required": false,
    "fee": 0.001,
    "rsi_key": "rsi70",
    "start_equity": 20000.0,
    "risk_per_trade": 0.03,
    "risk_stop_atr_mult": 1.0,
    "risk_min_stop_frac": 0.001,
    "daily_loss_limit_pct": 0.12,
    "cooldown_bars": 30,
    "fill_timing": "next_open",
    "bar_priority": "stop_first",
    "session_start": 0,
    "session_end": 24,
    "include_hours_set": "{0, 1, 2, 3}",
    "max_consec_losses": 7,
    "lockout_bars": 100,
    "proba_temp": 1.0,
    "participation_cap": 1.0,
    "price_step": 0.0001,
    "qty_step": 0.0001,
    "min_notional": 5.0,
    "max_notional_pct_equity": 1.0,
    "sides": "short",
    "regime_adapt": true,
    "regime_fast": 50,
    "regime_slow": 200,
    "regime_band": 0.006,
    "round_exits": true,
    "stop_extra_slip": 0.0,
    "regime_overrides": {
      "bull": {
        "allowed_sides": [
          "long",
          "short"
        ],
        "mode": "mean_reversion",
        "bb_std_mult": 2.0169431746748376,
        "tp_mult": 1.9194251920826044,
        "tsl_mult": 0.6891458682949287,
        "time_stop_bars": 214,
        "rsi_required": false,
        "use_adx": true,
        "adx": 18.0,
        "use_atr": true,
        "atr_range": [
          0.0008,
          0.06
        ]
      },
      "sideways": {
        "allowed_sides": [
          "long",
          "short"
        ],
        "mode": "breakout",
        "bb_std_mult": 1.5828092896467827,
        "tp_mult": 2.341879695778944,
        "tsl_mult": 0.651967765830165,
        "time_stop_bars": 235,
        "rsi_required": true,
        "use_adx": true,
        "adx": 15.0,
        "use_atr": true,
        "atr_range": [
          0.001,
          0.14
        ]
      },
      "bear": {
        "allowed_sides": [
          "long",
          "short"
        ],
        "mode": "breakout",
        "bb_std_mult": 1.2571599337995167,
        "tp_mult": 1.7149673432024581,
        "tsl_mult": 0.25,
        "time_stop_bars": 122,
        "rsi_required": true,
        "use_adx": true,
        "adx": 20.0,
        "use_atr": true,
        "atr_range": [
          0.0015,
          0.06
        ]
      }
    },
    "slippage": 0.0006,
    "select_top_k": 1,
    "aggregate_params": "median",
    "objective": "multi",
    "wfo_folds": 6,
    "embargo_bars": 150,
    "use_ml": false,
    "ml_thresh": 0.0
  },
  "guardrails": {
    "max_dd_pct_allowed": 0.35,
    "min_trades_lookback": 100,
    "daily_loss_limit_pct": 0.12,
    "cooldown_bars": 30,
    "fill_timing": "next_open",
    "bar_priority": "stop_first",
    "session_hours": [
      0,
      24
    ],
    "include_hours": [
      0,
      1,
      2,
      3
    ],
    "consec_loss_lockout": [
      7,
      100
    ],
    "sides": "short"
  },
  "regime": {
    "enabled": true,
    "fast": 50,
    "slow": 200,
    "band": 0.006,
    "overrides": {
      "bull": {
        "allowed_sides": [
          "long",
          "short"
        ],
        "mode": "mean_reversion",
        "bb_std_mult": 2.0169431746748376,
        "tp_mult": 1.9194251920826044,
        "tsl_mult": 0.6891458682949287,
        "time_stop_bars": 214,
        "rsi_required": false,
        "use_adx": true,
        "adx": 18.0,
        "use_atr": true,
        "atr_range": [
          0.0008,
          0.06
        ]
      },
      "sideways": {
        "allowed_sides": [
          "long",
          "short"
        ],
        "mode": "breakout",
        "bb_std_mult": 1.5828092896467827,
        "tp_mult": 2.341879695778944,
        "tsl_mult": 0.651967765830165,
        "time_stop_bars": 235,
        "rsi_required": true,
        "use_adx": true,
        "adx": 15.0,
        "use_atr": true,
        "atr_range": [
          0.001,
          0.14
        ]
      },
      "bear": {
        "allowed_sides": [
          "long",
          "short"
        ],
        "mode": "breakout",
        "bb_std_mult": 1.2571599337995167,
        "tp_mult": 1.7149673432024581,
        "tsl_mult": 0.25,
        "time_stop_bars": 122,
        "rsi_required": true,
        "use_adx": true,
        "adx": 20.0,
        "use_atr": true,
        "atr_range": [
          0.0015,
          0.06
        ]
      }
    }
  },
  "run_config": {
    "trials": 2000,
    "n_jobs": 4,
    "seed": 912,
    "objective": "multi",
    "multi_objective": true,
    "train_frac": 0.7,
    "wfo_folds": 6,
    "embargo_bars": 150,
    "select_top_k": 1,
    "aggregate_params": "median",
    "start_equity": 20000.0,
    "fee": 0.001,
    "fixed_slippage": 0.0006,
    "min_slippage": 0.0,
    "fill_timing": "next_open",
    "bar_priority": "stop_first",
    "session_start": 0,
    "session_end": 24,
    "include_hours": "0,1,2,3",
    "sides": "short",
    "regime_adapt": true,