{
  "created_at": "2025-08-29T18:32:45.094904+00:00",
  "objective": "multi",
  "selection": {
    "dd_cap_pct": 0.1,
    "best_trial": 794,
    "top_k": 3,
    "top_trials": [
      794,
      795,
      772
    ]
  },
  "train_bars": 1131180,
  "test_bars": 484724,
  "train_metrics": {
    "pnl": 0.0,
    "return_pct": 0.0,
    "trades": 0,
    "win_rate": 0.0,
    "avg_trade": 0.0,
    "avg_trade_pct": 0.0,
    "max_drawdown": 0.0,
    "max_drawdown_pct": 0.0,
    "final_equity": 20000.0,
    "wins": 0,
    "losses": 0
  },
  "test_metrics": {
    "pnl": -0.8197174925499976,
    "return_pct": -4.098587462753045e-05,
    "trades": 2,
    "win_rate": 0.5,
    "avg_trade": -0.4098587462749988,
    "avg_trade_pct": -2.0492929099984238e-05,
    "max_drawdown": -0.8276567920729576,
    "max_drawdown_pct": -4.138282317611647e-05,
    "final_equity": 19999.18028250745,
    "wins": 1,
    "losses": 1
  },
  "params": {
    "bear_atr_max_pct": 0.0792810582837728,
    "ema1": 24,
    "bull_use_sma": true,
    "bear_rsi_os": 40,
    "bear_atr_min_pct": 0.006763520600220414,
    "sideways_use_ema": false,
    "bull_tsl_mult": 0.9618251612929629,
    "sideways_use_atr": true,
    "sideways_rsi_required": true,
    "bb_std_mult": 0.900083828090043,
    "sideways_time_stop": 148,
    "time_stop": 216,
    "sideways_use_spike": false,
    "use_ema": false,
    "bull_time_stop": 208,
    "bear_tsl_mult": 0.039119024512472386,
    "rsi_os": 7,
    "use_atr": false,
    "sideways_use_adx": false,
    "sideways_use_sma": false,
    "bull_atr_max_pct": 0.10293025553281185,
    "bull_rsi_os": 22,
    "bear_rsi_ob": 87,
    "use_sma": true,
    "bear_time_stop": 256,
    "bull_strategy": "mean_reversion",
    "bull_rsi_ob": 69,
    "p_std": 35,
    "sideways_rsi_ob": 83,
    "sideways_atr_max_pct": 0.039641640757238535,
    "edge_cap": 0.29001854725916454,
    "sideways_bb_std_mult": 3.533701267618917,
    "rsi_required": false,
    "strategy": "mean_reversion",
    "bull_atr_min_pct": 0.018278091353299268,
    "adx_thresh": 8.68321942311867,
    "rsi_period": 32,
    "bull_tp_mult": 2.441358810163466,
    "bull_adx_thresh": 28.123902159585136,
    "bear_strategy": "breakout",
    "bull_use_atr": false,
    "sideways_rsi_os": 21,
    "spread_hl_frac": 0.02287624313980462,
    "bear_use_ema": false,
    "ema2": 26,
    "p_adx": 8,
    "use_spike": true,
    "bull_use_spike": true,
    "rsi_ob": 79,
    "bear_use_spike": true,
    "bull_bb_std_mult": 2.6873555283042263,
    "bull_use_adx": true,
    "tsl_mult": 0.7803024412404104,
    "bear_adx_thresh": 16.984260749563543,
    "bear_rsi_required": false,
    "bear_use_adx": false,
    "bear_bb_std_mult": 2.387811750424695,
    "atr_min_pct": 0.011309356573390661,
    "sideways_tp_mult": 2.3308571350445964,
    "bull_rsi_required": false,
    "use_adx": false,
    "sideways_tsl_mult": 0.6045583887703557,
    "edge_k": 0.9463188054839836,
    "bear_use_atr": false,
    "sideways_strategy": "breakout",
    "bear_use_sma": false,
    "sideways_atr_min_pct": 0.013307600316174242,
    "vol_spike": 0.2881796791359169,
    "slip_spread_k": 0.10073151020752888,
    "atr_max_pct": 0.035963331528545195,
    "bull_use_ema": false,
    "p_sma": 17,
    "bear_tp_mult": 2.8587132112605262,
    "slip_atr_k": 0.005446592380815177,
    "tp_mult": 2.4361079061435555,
    "sideways_adx_thresh": 11.946080492708463,
    "p_atr": 15,
    "fee": 0.001,
    "rsi_key": "rsi32",
    "start_equity": 20000.0,
    "risk_per_trade": 0.004,
    "risk_stop_atr_mult": 1.0,
    "risk_min_stop_frac": 0.001,
    "daily_loss_limit_pct": 0.03,
    "cooldown_bars": 10,
    "fill_timing": "next_open",
    "bar_priority": "stop_first",
    "session_start": 0,
    "session_end": 24,
    "include_hours_set": null,
    "max_consec_losses": 3,
    "lockout_bars": 30,
    "proba_temp": 1.0,
    "participation_cap": 1.0,
    "price_step": 0.0001,
    "qty_step": 0.0001,
    "min_notional": 5.0,
    "max_notional_pct_equity": 1.0,
    "sides": "short",
    "regime_adapt": true,
    "regime_fast": 50,
    "regime_slow": 200,
    "regime_band": 0.006,
    "round_exits": true,
    "stop_extra_slip": 0.0,
    "regime_overrides": {
      "bull": {
        "allowed_sides": [
          "long",
          "short"
        ],
        "mode": "mean_reversion",
        "bb_std_mult": 2.0169431746748376,
        "tp_mult": 1.9194251920826044,
        "tsl_mult": 0.6891458682949287,
        "time_stop_bars": 214,
        "rsi_required": false,
        "use_adx": true,
        "adx": 18.0,
        "use_atr": true,
        "atr_range": [
          0.0008,
          0.06
        ]
      },
      "sideways": {
        "allowed_sides": [
          "long",
          "short"
        ],
        "mode": "breakout",
        "bb_std_mult": 1.5828092896467827,
        "tp_mult": 2.341879695778944,
        "tsl_mult": 0.651967765830165,
        "time_stop_bars": 235,
        "rsi_required": true,
        "use_adx": true,
        "adx": 15.0,
        "use_atr": true,
        "atr_range": [
          0.001,
          0.14
        ]
      },
      "bear": {
        "allowed_sides": [
          "long",
          "short"
        ],
        "mode": "breakout",
        "bb_std_mult": 1.2571599337995167,
        "tp_mult": 1.7149673432024581,
        "tsl_mult": 0.25,
        "time_stop_bars": 122,
        "rsi_required": true,
        "use_adx": true,
        "adx": 20.0,
        "use_atr": true,
        "atr_range": [
          0.0015,
          0.06
        ]
      }
    },
    "slippage": 0.0006,
    "select_top_k": 3,
    "aggregate_params": "median",
    "objective": "multi",
    "wfo_folds": 6,
    "embargo_bars": 120,
    "use_ml": false,
    "ml_thresh": 0.0
  },
  "guardrails": {
    "max_dd_pct_allowed": 0.1,
    "min_trades_lookback": 120,
    "daily_loss_limit_pct": 0.03,
    "cooldown_bars": 10,
    "fill_timing": "next_open",
    "bar_priority": "stop_first",
    "session_hours": [
      0,
      24
    ],
    "include_hours": [],
    "consec_loss_lockout": [
      3,
      30
    ],
    "sides": "short"
  },
  "regime": {
    "enabled": true,
    "fast": 50,
    "slow": 200,
    "band": 0.006,
    "overrides": {
      "bull": {
        "allowed_sides": [
          "long",
          "short"
        ],
        "mode": "mean_reversion",
        "bb_std_mult": 2.0169431746748376,
        "tp_mult": 1.9194251920826044,
        "tsl_mult": 0.6891458682949287,
        "time_stop_bars": 214,
        "rsi_required": false,
        "use_adx": true,
        "adx": 18.0,
        "use_atr": true,
        "atr_range": [
          0.0008,
          0.06
        ]
      },
      "sideways": {
        "allowed_sides": [
          "long",
          "short"
        ],
        "mode": "breakout",
        "bb_std_mult": 1.5828092896467827,
        "tp_mult": 2.341879695778944,
        "tsl_mult": 0.651967765830165,
        "time_stop_bars": 235,
        "rsi_required": true,
        "use_adx": true,
        "adx": 15.0,
        "use_atr": true,
        "atr_range": [
          0.001,
          0.14
        ]
      },
      "bear": {
        "allowed_sides": [
          "long",
          "short"
        ],
        "mode": "breakout",
        "bb_std_mult": 1.2571599337995167,
        "tp_mult": 1.7149673432024581,
        "tsl_mult": 0.25,
        "time_stop_bars": 122,
        "rsi_required": true,
        "use_adx": true,
        "adx": 20.0,
        "use_atr": true,
        "atr_range": [
          0.0015,
          0.06
        ]
      }
    }
  },
  "run_config": {
    "trials": 1000,
    "n_jobs": 4,
    "seed": 911,
    "objective": "multi",
    "multi_objective": true,
    "train_frac": 0.7,
    "wfo_folds": 6,
    "embargo_bars": 120,
    "select_top_k": 3,
    "aggregate_params": "median",
    "start_equity": 20000.0,
    "fee": 0.001,
    "fixed_slippage": 0.0006,
    "min_slippage": 0.0,
    "fill_timing": "next_open",
    "bar_priority": "stop_first",
    "session_start": 0,
    "session_end": 24,