{
  "created_at": "2025-08-25T16:34:48.197312+00:00",
  "objective": "multi",
  "selection": {
    "dd_cap_pct": 0.04,
    "best_trial": 601,
    "top_k": 3,
    "top_trials": [
      601,
      539,
      975
    ]
  },
  "train_bars": 969686,
  "test_bars": 646458,
  "train_metrics": {
    "pnl": 12606.684106230376,
    "return_pct": 0.6303342053115191,
    "trades": 108,
    "win_rate": 0.5925925925925926,
    "avg_trade": 116.72855653917014,
    "avg_trade_pct": 0.004594577610760501,
    "max_drawdown": -807.2974328758864,
    "max_drawdown_pct": -0.030587837131374532,
    "final_equity": 32606.68410623038,
    "wins": 64,
    "losses": 44
  },
  "test_metrics": {
    "pnl": 1948.3710419769036,
    "return_pct": 0.09741855209884531,
    "trades": 40,
    "win_rate": 0.55,
    "avg_trade": 48.70927604942259,
    "avg_trade_pct": 0.0023538607213615366,
    "max_drawdown": -369.79789638689545,
    "max_drawdown_pct": -0.017769581415901046,
    "final_equity": 21948.371041976905,
    "wins": 22,
    "losses": 18
  },
  "params": {
    "spread_hl_frac": 0.0025015900016277866,
    "strategy": "breakout",
    "ema1": 22,
    "use_adx": true,
    "ema2": 41,
    "use_sma": false,
    "bb_std_mult": 1.4993677119876427,
    "slip_spread_k": 0.42486611457989837,
    "p_atr": 24,
    "slip_atr_k": 0.006154437103495759,
    "rsi_os": 53,
    "atr_max_pct": 0.04307260445259453,
    "edge_k": 1.0337264194606792,
    "vol_spike": 0.08466679427347627,
    "edge_cap": 0.6249090074144986,
    "p_adx": 20,
    "tp_mult": 1.436432942889655,
    "rsi_ob": 77,
    "use_atr": true,
    "rsi_required": false,
    "time_stop": 105,
    "rsi_period": 69,
    "p_sma": 53,
    "adx_thresh": 16.824501169224536,
    "p_std": 30,
    "tsl_mult": 0.000588729514790387,
    "use_ema": false,
    "use_spike": true,
    "atr_min_pct": 0.005443461564084254,
    "fee": 0.0003,
    "rsi_key": "rsi69",
    "start_equity": 20000.0,
    "risk_per_trade": 0.02,
    "risk_stop_atr_mult": 1.0,
    "risk_min_stop_frac": 0.001,
    "daily_loss_limit_pct": 0.03,
    "cooldown_bars": 20,
    "fill_timing": "next_open",
    "bar_priority": "stop_first",
    "session_start": 0,
    "session_end": 24,
    "include_hours_set": "{16, 18, 19, 22, 23}",
    "max_consec_losses": 0,
    "lockout_bars": 0,
    "proba_temp": 1.0,
    "participation_cap": 1.0,
    "price_step": 0.0001,
    "qty_step": 0.0001,
    "min_notional": 5.0,
    "max_notional_pct_equity": 1.0,
    "sides": "long",
    "regime_adapt": false,
    "regime_fast": 50,
    "regime_slow": 200,
    "regime_band": 0.006,
    "round_exits": true,
    "stop_extra_slip": 0.0,
    "regime_overrides": {
      "bull": {
        "allowed_sides": [
          "long",
          "short"
        ],
        "mode": "mean_reversion",
        "bb_std_mult": 2.0169431746748376,
        "tp_mult": 1.9194251920826044,
        "tsl_mult": 0.6891458682949287,
        "time_stop_bars": 214,
        "rsi_required": false,
        "use_adx": true,
        "adx": 18.0,
        "use_atr": true,
        "atr_range": [
          0.0008,
          0.06
        ]
      },
      "sideways": {
        "allowed_sides": [
          "long",
          "short"
        ],
        "mode": "breakout",
        "bb_std_mult": 1.5828092896467827,
        "tp_mult": 2.341879695778944,
        "tsl_mult": 0.651967765830165,
        "time_stop_bars": 235,
        "rsi_required": true,
        "use_adx": true,
        "adx": 15.0,
        "use_atr": true,
        "atr_range": [
          0.001,
          0.14
        ]
      },
      "bear": {
        "allowed_sides": [
          "long",
          "short"
        ],
        "mode": "breakout",
        "bb_std_mult": 1.2571599337995167,
        "tp_mult": 1.7149673432024581,
        "tsl_mult": 0.25,
        "time_stop_bars": 122,
        "rsi_required": true,
        "use_adx": true,
        "adx": 20.0,
        "use_atr": true,
        "atr_range": [
          0.0015,
          0.06
        ]
      }
    },
    "slippage": 0.0008,
    "select_top_k": 3,
    "aggregate_params": "median",
    "objective": "multi",
    "wfo_folds": 5,
    "embargo_bars": 0,
    "use_ml": false,
    "ml_thresh": 0.0
  },
  "guardrails": {
    "max_dd_pct_allowed": 0.04,
    "min_trades_lookback": 75,
    "daily_loss_limit_pct": 0.03,
    "cooldown_bars": 20,
    "fill_timing": "next_open",
    "bar_priority": "stop_first",
    "session_hours": [
      0,
      24
    ],
    "include_hours": [
      16,
      18,
      19,
      22,
      23
    ],
    "consec_loss_lockout": [
      0,
      0
    ],
    "sides": "long"
  },
  "regime": {
    "enabled": false,
    "fast": 50,
    "slow": 200,
    "band": 0.006,
    "overrides": {
      "bull": {
        "allowed_sides": [
          "long",
          "short"
        ],
        "mode": "mean_reversion",
        "bb_std_mult": 2.0169431746748376,
        "tp_mult": 1.9194251920826044,
        "tsl_mult": 0.6891458682949287,
        "time_stop_bars": 214,
        "rsi_required": false,
        "use_adx": true,
        "adx": 18.0,
        "use_atr": true,
        "atr_range": [
          0.0008,
          0.06
        ]
      },
      "sideways": {
        "allowed_sides": [
          "long",
          "short"
        ],
        "mode": "breakout",
        "bb_std_mult": 1.5828092896467827,
        "tp_mult": 2.341879695778944,
        "tsl_mult": 0.651967765830165,
        "time_stop_bars": 235,
        "rsi_required": true,
        "use_adx": true,
        "adx": 15.0,
        "use_atr": true,
        "atr_range": [
          0.001,
          0.14
        ]
      },
      "bear": {
        "allowed_sides": [
          "long",
          "short"
        ],
        "mode": "breakout",
        "bb_std_mult": 1.2571599337995167,
        "tp_mult": 1.7149673432024581,
        "tsl_mult": 0.25,
        "time_stop_bars": 122,
        "rsi_required": true,
        "use_adx": true,
        "adx": 20.0,
        "use_atr": true,
        "atr_range": [
          0.0015,
          0.06
        ]
      }
    }
  },
  "run_config": {
    "trials": 1200,
    "n_jobs": 1,
    "seed": 43,
    "objective": "multi",
    "multi_objective": true,
    "train_frac": 0.6,
    "wfo_folds": 5,
    "embargo_bars": 0,
    "select_top_k": 3,
    "aggregate_params": "median",
    "start_equity": 20000.0,
    "fee": 0.0003,
    "fixed_slippage": 0.0008,
    "min_slippage": 0.0,
    "fill_timing": "next_open",
    "bar_priority": "stop_first",
    "session_start": 0,
    "session_end": 24,
    "include_hours": "16,18,19,22,23",
    "sides": "long",
    "regime_adapt": false,
    "regime_fast": 50,
    "regime_slow": 200,
    "regime_band": 0.0,
    "round_exits": true,
    "stop_extra_slip": 0.0
  },
  "metrics_consistent": {
    "return_pct_train_consistent": 0.6303342053115187,
    "return_pct_test_consistent": 0.09741855209884517,
    "suspicious_run": false
  }
}