{
  "created_at": "2025-08-21T23:12:49.786088+00:00",
  "objective": "multi",
  "selection": {
    "dd_cap_pct": 0.05,
    "best_trial": 204,
    "top_k": 3,
    "top_trials": [
      204,
      227,
      228
    ]
  },
  "train_bars": 1131000,
  "test_bars": 484544,
  "train_metrics": {
    "pnl": 3470.9490676400083,
    "return_pct": 0.1735474533820005,
    "trades": 1068,
    "win_rate": 0.33707865168539325,
    "avg_trade": 3.2499523105243524,
    "avg_trade_pct": 0.00015019640650109842,
    "max_drawdown": -215.97370172999945,
    "max_drawdown_pct": -0.00952151398069128,
    "final_equity": 23470.94906764001,
    "wins": 360,
    "losses": 708
  },
  "test_metrics": {
    "pnl": 626.706904099985,
    "return_pct": 0.03133534520499914,
    "trades": 401,
    "win_rate": 0.30423940149625933,
    "avg_trade": 1.5628601099750248,
    "avg_trade_pct": 7.72333307407755e-05,
    "max_drawdown": -375.442223270009,
    "max_drawdown_pct": -0.018069160955143104,
    "final_equity": 20626.706904099985,
    "wins": 122,
    "losses": 279
  },
  "params": {
    "bear_use_atr": false,
    "bear_use_sma": true,
    "bear_atr_max_pct": 0.01795470062328672,
    "rsi_period": 70,
    "sideways_time_stop": 228,
    "bear_atr_min_pct": 0.00873158161881714,
    "tsl_mult": 0.7303048721750065,
    "sideways_adx_thresh": 8.23488719145235,
    "sideways_tp_mult": 1.9636107002803147,
    "bb_std_mult": 0.6056334367730388,
    "bull_atr_max_pct": 0.05892549411359781,
    "edge_k": 1.572636181661202,
    "sideways_use_ema": false,
    "sideways_use_spike": true,
    "p_std": 50,
    "sideways_strategy": "breakout",
    "slip_spread_k": 0.04429443817858089,
    "sideways_use_adx": false,
    "ema2": 49,
    "adx_thresh": 15.346000791130193,
    "edge_cap": 0.31358060411648,
    "bear_use_ema": true,
    "use_spike": true,
    "bear_strategy": "mean_reversion",
    "bear_adx_thresh": 25.46582043366762,
    "sideways_rsi_required": false,
    "bull_atr_min_pct": 0.025835703921034837,
    "bull_tsl_mult": 0.5748954947543352,
    "bear_use_adx": true,
    "atr_min_pct": 0.001465924951661805,
    "bull_adx_thresh": 32.91460562020724,
    "bull_rsi_required": true,
    "bear_tp_mult": 2.1648429142877283,
    "bull_use_spike": true,
    "bull_use_ema": true,
    "p_atr": 17,
    "strategy": "breakout",
    "sideways_atr_max_pct": 0.05965768750980342,
    "bull_tp_mult": 2.0311115198662275,
    "sideways_rsi_ob": 54,
    "slip_atr_k": 0.0009682841517330894,
    "rsi_required": false,
    "bull_strategy": "breakout",
    "bear_rsi_required": true,
    "tp_mult": 2.8882817037915727,
    "sideways_atr_min_pct": 0.013048421141314395,
    "rsi_os": 22,
    "sideways_tsl_mult": 0.12075524255759965,
    "spread_hl_frac": 0.02674738957084385,
    "bull_use_sma": true,
    "bull_use_adx": true,
    "bull_use_atr": true,
    "use_adx": true,
    "bear_rsi_ob": 80,
    "bear_tsl_mult": 0.5008545461460961,
    "bull_rsi_ob": 88,
    "use_sma": true,
    "bear_time_stop": 160,
    "bear_rsi_os": 25,
    "vol_spike": 0.21249155061336517,
    "time_stop": 176,
    "use_ema": false,
    "sideways_use_atr": true,
    "use_atr": true,
    "sideways_use_sma": false,
    "bull_rsi_os": 33,
    "p_sma": 10,
    "ema1": 5,
    "sideways_bb_std_mult": 0.7067451629291388,
    "p_adx": 8,
    "bear_bb_std_mult": 3.3953186744077706,
    "atr_max_pct": 0.08119140782370429,
    "bear_use_spike": false,
    "bull_time_stop": 111,
    "rsi_ob": 45,
    "sideways_rsi_os": 17,
    "bull_bb_std_mult": 2.1694043636965974,
    "fee": 0.0,
    "rsi_key": "rsi70",
    "start_equity": 20000.0,
    "risk_per_trade": 0.0015,
    "risk_stop_atr_mult": 1.0,
    "risk_min_stop_frac": 0.001,
    "daily_loss_limit_pct": 0.01,
    "cooldown_bars": 240,
    "fill_timing": "next_open",
    "bar_priority": "stop_first",
    "session_start": 0,
    "session_end": 24,
    "include_hours_set": "{16, 20}",
    "max_consec_losses": 2,
    "lockout_bars": 60,
    "proba_temp": 1.0,
    "participation_cap": 0.1,
    "price_step": 0.0001,
    "qty_step": 0.0001,
    "min_notional": 5.0,
    "max_notional_pct_equity": 0.5,
    "sides": "both",
    "regime_adapt": true,
    "regime_fast": 50,
    "regime_slow": 200,
    "regime_band": 0.0,
    "round_exits": true,
    "stop_extra_slip": 0.0,
    "regime_overrides": {
      "bull": {
        "strategy": "mean_reversion",
        "bb_std_mult": 2.0169431746748376,
        "rsi_ob": 51,
        "rsi_os": 43,
        "tp_mult": 1.9194251920826044,
        "tsl_mult": 0.6891458682949287,
        "time_stop": 214,
        "use_ema": false,
        "use_adx": true,
        "use_atr": true,
        "rsi_required": false,
        "adx_thresh": 30.312193620918165,
        "atr_min_pct": 0.01765191613765407,
        "atr_max_pct": 0.05817423848665073
      },
      "sideways": {
        "strategy": "breakout",
        "bb_std_mult": 1.5828092896467827,
        "rsi_ob": 58,
        "rsi_os": 19,
        "tp_mult": 2.341879695778944,
        "tsl_mult": 0.651967765830165,
        "time_stop": 235,
        "use_ema": false,
        "use_adx": false,
        "use_atr": false,
        "rsi_required": true,
        "atr_min_pct": 0.015109626219893455,
        "atr_max_pct": 0.13630943049822583
      },
      "bear": {
        "strategy": "breakout",
        "bb_std_mult": 1.2571599337995167,
        "rsi_ob": 70,
        "rsi_os": 52,
        "tp_mult": 1.7149673432024581,
        "tsl_mult": 0.0004102131455224567,
        "time_stop": 122,
        "use_ema": false,
        "use_adx": false,
        "use_atr": false,
        "rsi_required": false,
        "adx_thresh": 31.238766665127454,
        "atr_min_pct": 0.026767463670604112,
        "atr_max_pct": 0.042481859768843486
      }
    },
    "slippage": 0.0006,
    "select_top_k": 3,
    "aggregate_params": "median",
    "objective": "multi",
    "wfo_folds": 8,
    "embargo_bars": 300,
    "use_ml": false,
    "ml_thresh": 0.0
  },
  "guardrails": {
    "max_dd_pct_allowed": 0.05,
    "min_trades_lookback": 300,
    "daily_loss_limit_pct": 0.01,
    "cooldown_bars": 240,
    "fill_timing": "next_open",
    "bar_priority": "stop_first",
    "session_hours": [
      0,
      24
    ],
    "include_hours": [
      16,
      20
    ],
    "consec_loss_lockout": [
      2,
      60
    ],
    "sides": "both"
  },
  "regime": {
    "enabled": true,
    "fast": 50,
    "slow": 200,
    "band": 0.0,
    "overrides": {
      "bull": {
        "strategy": "mean_reversion",
        "bb_std_mult": 2.0169431746748376,
        "rsi_ob": 51,
        "rsi_os": 43,
        "tp_mult": 1.9194251920826044,
        "tsl_mult": 0.6891458682949287,
        "time_stop": 214,
        "use_ema": false,
        "use_adx": true,
        "use_atr": true,
        "rsi_required": false,
        "adx_thresh": 30.312193620918165,
        "atr_min_pct": 0.01765191613765407,
        "atr_max_pct": 0.05817423848665073
      },
      "sideways": {
        "strategy": "breakout",
        "bb_std_mult": 1.5828092896467827,
        "rsi_ob": 58,
        "rsi_os": 19,
        "tp_mult": 2.341879695778944,
        "tsl_mult": 0.651967765830165,
        "time_stop": 235,
        "use_ema": false,
        "use_adx": false,
        "use_atr": false,
        "rsi_required": true,
        "atr_min_pct": 0.015109626219893455,
        "atr_max_pct": 0.13630943049822583
      },
      "bear": {
        "strategy": "breakout",
        "bb_std_mult": 1.2571599337995167,
        "rsi_ob": 70,
        "rsi_os": 52,
        "tp_mult": 1.7149673432024581,
        "tsl_mult": 0.0004102131455224567,
        "time_stop": 122,
        "use_ema": false,
        "use_adx": false,
        "use_atr": false,
        "rsi_required": false,
        "adx_thresh": 31.238766665127454,
        "atr_min_pct": 0.026767463670604112,
        "atr_max_pct": 0.042481859768843486
      }
    }
  },
  "run_config": {
    "trials": 340,
    "n_jobs": 4,
    "seed": 101,
    "objective": "multi",
    "multi_objective": true,