{
  "created_at": "2025-08-26T08:32:53.488444+00:00",
  "objective": "multi",
  "selection": {
    "dd_cap_pct": 0.12,
    "best_trial": 792,
    "top_k": 1,
    "top_trials": [
      792
    ]
  },
  "train_bars": 969686,
  "test_bars": 646458,
  "train_metrics": {
    "pnl": 1822.1885155399223,
    "return_pct": 0.09110942577699599,
    "trades": 5,
    "win_rate": 0.8,
    "avg_trade": 364.4377031079845,
    "avg_trade_pct": 0.018690222010132894,
    "max_drawdown": -1661.256029203687,
    "max_drawdown_pct": -0.0707415824811583,
    "final_equity": 21822.18851553992,
    "wins": 4,
    "losses": 1
  },
  "test_metrics": {
    "pnl": 2950.683524014829,
    "return_pct": 0.14753417620074138,
    "trades": 5,
    "win_rate": 0.6,
    "avg_trade": 590.1367048029658,
    "avg_trade_pct": 0.029304429529936605,
    "max_drawdown": -50.68445768035963,
    "max_drawdown_pct": -0.002312860738232167,
    "final_equity": 22950.68352401483,
    "wins": 3,
    "losses": 2
  },
  "params": {
    "p_sma": 8,
    "p_std": 25,
    "p_atr": 24,
    "p_adx": 11,
    "rsi_period": 65,
    "ema1": 6,
    "ema2": 35,
    "slip_atr_k": 0.0250718738908223,
    "slip_spread_k": 0.9931580833747264,
    "spread_hl_frac": 0.01942079385080862,
    "bb_std_mult": 3.5989324774345817,
    "rsi_os": 31,
    "rsi_ob": 64,
    "vol_spike": 0.05322050551938388,
    "adx_thresh": 33.23575198168791,
    "atr_min_pct": 0.0007287254772284468,
    "atr_max_pct": 0.13745869847441208,
    "tp_mult": 2.5114802070683786,
    "tsl_mult": 0.0010293741009500534,
    "strategy": "mean_reversion",
    "time_stop": 247,
    "use_sma": false,
    "use_atr": true,
    "use_adx": true,
    "use_ema": false,
    "use_spike": true,
    "rsi_required": true,
    "edge_k": 1.8694089882120062,
    "edge_cap": 0.20604503657346626,
    "fee": 0.0004,
    "rsi_key": "rsi65",
    "start_equity": 20000.0,
    "risk_per_trade": 0.03,
    "risk_stop_atr_mult": 1.0,
    "risk_min_stop_frac": 0.001,
    "daily_loss_limit_pct": 0.03,
    "cooldown_bars": 20,
    "fill_timing": "next_open",
    "bar_priority": "stop_first",
    "session_start": 0,
    "session_end": 24,
    "include_hours_set": "{16, 18, 19, 22, 23}",
    "max_consec_losses": 0,
    "lockout_bars": 0,
    "proba_temp": 1.0,
    "participation_cap": 1.0,
    "price_step": 0.0001,
    "qty_step": 0.0001,
    "min_notional": 5.0,
    "max_notional_pct_equity": 1.0,
    "sides": "long",
    "regime_adapt": false,
    "regime_fast": 50,
    "regime_slow": 200,
    "regime_band": 0.006,
    "round_exits": true,
    "stop_extra_slip": 0.0,
    "regime_overrides": {
      "bull": {
        "allowed_sides": [
          "long",
          "short"
        ],
        "mode": "mean_reversion",
        "bb_std_mult": 2.0169431746748376,
        "tp_mult": 1.9194251920826044,
        "tsl_mult": 0.6891458682949287,
        "time_stop_bars": 214,
        "rsi_required": false,
        "use_adx": true,
        "adx": 18.0,
        "use_atr": true,
        "atr_range": [
          0.0008,
          0.06
        ]
      },
      "sideways": {
        "allowed_sides": [
          "long",
          "short"
        ],
        "mode": "breakout",
        "bb_std_mult": 1.5828092896467827,
        "tp_mult": 2.341879695778944,
        "tsl_mult": 0.651967765830165,
        "time_stop_bars": 235,
        "rsi_required": true,
        "use_adx": true,
        "adx": 15.0,
        "use_atr": true,
        "atr_range": [
          0.001,
          0.14
        ]
      },
      "bear": {
        "allowed_sides": [
          "long",
          "short"
        ],
        "mode": "breakout",
        "bb_std_mult": 1.2571599337995167,
        "tp_mult": 1.7149673432024581,
        "tsl_mult": 0.25,
        "time_stop_bars": 122,
        "rsi_required": true,
        "use_adx": true,
        "adx": 20.0,
        "use_atr": true,
        "atr_range": [
          0.0015,
          0.06
        ]
      }
    },
    "slippage": 0.0008,
    "select_top_k": 1,
    "aggregate_params": "median",
    "objective": "multi",
    "wfo_folds": 5,
    "embargo_bars": 0,
    "use_ml": false,
    "ml_thresh": 0.0
  },
  "guardrails": {
    "max_dd_pct_allowed": 0.12,
    "min_trades_lookback": 75,
    "daily_loss_limit_pct": 0.03,
    "cooldown_bars": 20,
    "fill_timing": "next_open",
    "bar_priority": "stop_first",
    "session_hours": [
      0,
      24
    ],
    "include_hours": [
      16,
      18,
      19,
      22,
      23
    ],
    "consec_loss_lockout": [
      0,
      0
    ],
    "sides": "long"
  },
  "regime": {
    "enabled": false,
    "fast": 50,
    "slow": 200,
    "band": 0.006,
    "overrides": {
      "bull": {
        "allowed_sides": [
          "long",
          "short"
        ],
        "mode": "mean_reversion",
        "bb_std_mult": 2.0169431746748376,
        "tp_mult": 1.9194251920826044,
        "tsl_mult": 0.6891458682949287,
        "time_stop_bars": 214,
        "rsi_required": false,
        "use_adx": true,
        "adx": 18.0,
        "use_atr": true,
        "atr_range": [
          0.0008,
          0.06
        ]
      },
      "sideways": {
        "allowed_sides": [
          "long",
          "short"
        ],
        "mode": "breakout",
        "bb_std_mult": 1.5828092896467827,
        "tp_mult": 2.341879695778944,
        "tsl_mult": 0.651967765830165,
        "time_stop_bars": 235,
        "rsi_required": true,
        "use_adx": true,
        "adx": 15.0,
        "use_atr": true,
        "atr_range": [
          0.001,
          0.14
        ]
      },
      "bear": {
        "allowed_sides": [
          "long",
          "short"
        ],
        "mode": "breakout",
        "bb_std_mult": 1.2571599337995167,
        "tp_mult": 1.7149673432024581,
        "tsl_mult": 0.25,
        "time_stop_bars": 122,
        "rsi_required": true,
        "use_adx": true,
        "adx": 20.0,
        "use_atr": true,
        "atr_range": [
          0.0015,
          0.06
        ]
      }
    }
  },
  "run_config": {
    "trials": 800,
    "n_jobs": 1,
    "seed": 43,
    "objective": "multi",
    "multi_objective": true,
    "train_frac": 0.6,
    "wfo_folds": 5,
    "embargo_bars": 0,
    "select_top_k": 1,
    "aggregate_params": "median",
    "start_equity": 20000.0,
    "fee": 0.0004,
    "fixed_slippage": 0.0008,
    "min_slippage": 0.0,
    "fill_timing": "next_open",
    "bar_priority": "stop_first",
    "session_start": 0,
    "session_end": 24,
    "include_hours": "16,18,19,22,23",
    "sides": "long",
    "regime_adapt": false,
    "regime_fast": 50,
    "regime_slow": 200,
    "regime_band": 0.0,
    "round_exits": true,
    "stop_extra_slip": 0.0
  },
  "metrics_consistent": {
    "return_pct_train_consistent": 0.09110942577699611,
    "return_pct_test_consistent": 0.14753417620074144,
    "suspicious_run": false
  }
}