{
  "created_at": "2025-08-23T22:18:12.025217+00:00",
  "objective": "multi",
  "selection": {
    "dd_cap_pct": 0.2,
    "best_trial": 570,
    "top_k": 1,
    "top_trials": [
      570
    ]
  },
  "train_bars": 969686,
  "test_bars": 646458,
  "train_metrics": {
    "pnl": 2589737.0100262905,
    "return_pct": 129.48685050131454,
    "trades": 69,
    "win_rate": 0.6231884057971014,
    "avg_trade": 37532.42043516363,
    "avg_trade_pct": 0.08269610357909422,
    "max_drawdown": -333096.3644942702,
    "max_drawdown_pct": -0.17901316162956546,
    "final_equity": 2609737.0100262905,
    "wins": 43,
    "losses": 26
  },
  "test_metrics": {
    "pnl": 92881.85219180062,
    "return_pct": 4.64409260959003,
    "trades": 17,
    "win_rate": 0.5882352941176471,
    "avg_trade": 5463.638364223566,
    "avg_trade_pct": 0.12194879211905794,
    "max_drawdown": -7506.85700040021,
    "max_drawdown_pct": -0.13761743105330296,
    "final_equity": 112881.8521918006,
    "wins": 10,
    "losses": 7
  },
  "params": {
    "p_sma": 51,
    "p_std": 24,
    "p_atr": 11,
    "p_adx": 14,
    "rsi_period": 19,
    "ema1": 25,
    "ema2": 54,
    "slip_atr_k": 0.004727696564637269,
    "slip_spread_k": 0.07497877424660612,
    "spread_hl_frac": 0.03988005216921961,
    "bb_std_mult": 2.0554912446315043,
    "rsi_os": 47,
    "rsi_ob": 49,
    "vol_spike": 0.05787847680928876,
    "adx_thresh": 33.00518001663712,
    "atr_min_pct": 0.007383503321489313,
    "atr_max_pct": 0.021057737939918802,
    "tp_mult": 1.1691476837370753,
    "tsl_mult": 0.00044202773439975737,
    "strategy": "breakout",
    "time_stop": 12,
    "use_sma": true,
    "use_atr": true,
    "use_adx": false,
    "use_ema": false,
    "use_spike": true,
    "rsi_required": false,
    "edge_k": 0.957486645712008,
    "edge_cap": 0.39458269818203184,
    "fee": 0.0,
    "rsi_key": "rsi19",
    "start_equity": 20000.0,
    "risk_per_trade": 0.3,
    "risk_stop_atr_mult": 1.0,
    "risk_min_stop_frac": 0.001,
    "daily_loss_limit_pct": 0.03,
    "cooldown_bars": 20,
    "fill_timing": "next_open",
    "bar_priority": "tp_first",
    "session_start": 0,
    "session_end": 24,
    "include_hours_set": "{7, 8, 9, 10, 11, 12}",
    "max_consec_losses": 0,
    "lockout_bars": 0,
    "proba_temp": 1.0,
    "participation_cap": 1.0,
    "price_step": 0.0001,
    "qty_step": 0.0001,
    "min_notional": 5.0,
    "max_notional_pct_equity": 1.0,
    "sides": "both",
    "regime_adapt": false,
    "regime_fast": 50,
    "regime_slow": 200,
    "regime_band": 0.006,
    "round_exits": true,
    "stop_extra_slip": 0.0,
    "regime_overrides": {
      "bull": {
        "allowed_sides": [
          "long",
          "short"
        ],
        "mode": "mean_reversion",
        "bb_std_mult": 2.0169431746748376,
        "tp_mult": 1.9194251920826044,
        "tsl_mult": 0.6891458682949287,
        "time_stop_bars": 214,
        "rsi_required": false,
        "use_adx": true,
        "adx": 18.0,
        "use_atr": true,
        "atr_range": [
          0.0008,
          0.06
        ]
      },
      "sideways": {
        "allowed_sides": [
          "long",
          "short"
        ],
        "mode": "breakout",
        "bb_std_mult": 1.5828092896467827,
        "tp_mult": 2.341879695778944,
        "tsl_mult": 0.651967765830165,
        "time_stop_bars": 235,
        "rsi_required": true,
        "use_adx": true,
        "adx": 15.0,
        "use_atr": true,
        "atr_range": [
          0.001,
          0.14
        ]
      },
      "bear": {
        "allowed_sides": [
          "long",
          "short"
        ],
        "mode": "breakout",
        "bb_std_mult": 1.2571599337995167,
        "tp_mult": 1.7149673432024581,
        "tsl_mult": 0.25,
        "time_stop_bars": 122,
        "rsi_required": true,
        "use_adx": true,
        "adx": 20.0,
        "use_atr": true,
        "atr_range": [
          0.0015,
          0.06
        ]
      }
    },
    "slippage": 0.0012,
    "select_top_k": 1,
    "aggregate_params": "median",
    "objective": "multi",
    "wfo_folds": 3,
    "embargo_bars": 0,
    "use_ml": false,
    "ml_thresh": 0.0
  },
  "guardrails": {
    "max_dd_pct_allowed": 0.2,
    "min_trades_lookback": 75,
    "daily_loss_limit_pct": 0.03,
    "cooldown_bars": 20,
    "fill_timing": "next_open",
    "bar_priority": "tp_first",
    "session_hours": [
      0,
      24
    ],
    "include_hours": [
      7,
      8,
      9,
      10,
      11,
      12
    ],
    "consec_loss_lockout": [
      0,
      0
    ],
    "sides": "both"
  },
  "regime": {
    "enabled": false,
    "fast": 50,
    "slow": 200,
    "band": 0.006,
    "overrides": {
      "bull": {
        "allowed_sides": [
          "long",
          "short"
        ],
        "mode": "mean_reversion",
        "bb_std_mult": 2.0169431746748376,
        "tp_mult": 1.9194251920826044,
        "tsl_mult": 0.6891458682949287,
        "time_stop_bars": 214,
        "rsi_required": false,
        "use_adx": true,
        "adx": 18.0,
        "use_atr": true,
        "atr_range": [
          0.0008,
          0.06
        ]
      },
      "sideways": {
        "allowed_sides": [
          "long",
          "short"
        ],
        "mode": "breakout",
        "bb_std_mult": 1.5828092896467827,
        "tp_mult": 2.341879695778944,
        "tsl_mult": 0.651967765830165,
        "time_stop_bars": 235,
        "rsi_required": true,
        "use_adx": true,
        "adx": 15.0,
        "use_atr": true,
        "atr_range": [
          0.001,
          0.14
        ]
      },
      "bear": {
        "allowed_sides": [
          "long",
          "short"
        ],
        "mode": "breakout",
        "bb_std_mult": 1.2571599337995167,
        "tp_mult": 1.7149673432024581,
        "tsl_mult": 0.25,
        "time_stop_bars": 122,
        "rsi_required": true,
        "use_adx": true,
        "adx": 20.0,
        "use_atr": true,
        "atr_range": [
          0.0015,
          0.06
        ]
      }
    }
  },
  "run_config": {
    "trials": 900,
    "n_jobs": 1,
    "seed": 37,
    "objective": "multi",
    "multi_objective": true,
    "train_frac": 0.6,
    "wfo_folds": 3,
    "embargo_bars": 0,
    "select_top_k": 1,
    "aggregate_params": "median",
    "start_equity": 20000.0,
    "fee": 0.0,
    "fixed_slippage": 0.0012,
    "min_slippage": 0.0,
    "fill_timing": "next_open",
    "bar_priority": "tp_first",
    "session_start": 0,
    "session_end": 24,
    "include_hours": "7,8,9,10,11,12",
    "sides": "both",
    "regime_adapt": false,
    "regime_fast": 50,
    "regime_slow": 200,
    "regime_band": 0.0,
    "round_exits": true,
    "stop_extra_slip": 0.0
  },
  "metrics_consistent": {
    "return_pct_train_consistent": 129.48685050131454,
    "return_pct_test_consistent": 4.644092609590031,
    "suspicious_run": true
  }
}