{
  "created_at": "2025-08-27T17:14:39.431896+00:00",
  "objective": "multi",
  "selection": {
    "dd_cap_pct": 0.06,
    "best_trial": 801,
    "top_k": 3,
    "top_trials": [
      801,
      1970,
      1737
    ]
  },
  "train_bars": 969626,
  "test_bars": 646398,
  "train_metrics": {
    "pnl": 12739.547324277723,
    "return_pct": 0.6369773662138862,
    "trades": 57,
    "win_rate": 0.5789473684210527,
    "avg_trade": 223.50083025048636,
    "avg_trade_pct": 0.009102502576665344,
    "max_drawdown": -1410.9754468330138,
    "max_drawdown_pct": -0.06898534269402762,
    "final_equity": 32739.547324277723,
    "wins": 33,
    "losses": 24
  },
  "test_metrics": {
    "pnl": 10870.671941124778,
    "return_pct": 0.5435335970562392,
    "trades": 39,
    "win_rate": 0.5384615384615384,
    "avg_trade": 278.7351779775584,
    "avg_trade_pct": 0.011804854770040065,
    "max_drawdown": -2608.0832029498924,
    "max_drawdown_pct": -0.08178460816601223,
    "final_equity": 30870.671941124783,
    "wins": 21,
    "losses": 18
  },
  "params": {
    "p_adx": 29,
    "use_ema": false,
    "p_atr": 12,
    "edge_k": 1.326509729145691,
    "time_stop": 208,
    "use_spike": false,
    "use_sma": false,
    "p_sma": 13,
    "slip_atr_k": 0.004548662147788387,
    "tsl_mult": 0.0071480483950312305,
    "edge_cap": 0.793945466779667,
    "atr_max_pct": 0.1482522677853446,
    "p_std": 45,
    "strategy": "mean_reversion",
    "use_adx": false,
    "rsi_required": true,
    "adx_thresh": 30.357775044441674,
    "spread_hl_frac": 0.002580509847544417,
    "slip_spread_k": 0.6631659895849632,
    "bb_std_mult": 1.92190815592868,
    "vol_spike": 0.08784091561969615,
    "ema2": 58,
    "atr_min_pct": 0.002366746695709767,
    "tp_mult": 1.756328589802384,
    "rsi_ob": 77,
    "use_atr": false,
    "rsi_os": 30,
    "rsi_period": 55,
    "ema1": 15,
    "fee": 0.0004,
    "rsi_key": "rsi55",
    "start_equity": 20000.0,
    "risk_per_trade": 0.07,
    "risk_stop_atr_mult": 1.0,
    "risk_min_stop_frac": 0.001,
    "daily_loss_limit_pct": 0.03,
    "cooldown_bars": 20,
    "fill_timing": "next_open",
    "bar_priority": "stop_first",
    "session_start": 0,
    "session_end": 24,
    "include_hours_set": "{16, 18, 19, 23}",
    "max_consec_losses": 0,
    "lockout_bars": 0,
    "proba_temp": 1.0,
    "participation_cap": 1.0,
    "price_step": 0.0001,
    "qty_step": 0.0001,
    "min_notional": 5.0,
    "max_notional_pct_equity": 1.0,
    "sides": "long",
    "regime_adapt": false,
    "regime_fast": 50,
    "regime_slow": 200,
    "regime_band": 0.006,
    "round_exits": true,
    "stop_extra_slip": 0.0,
    "regime_overrides": {
      "bull": {
        "allowed_sides": [
          "long",
          "short"
        ],
        "mode": "mean_reversion",
        "bb_std_mult": 2.0169431746748376,
        "tp_mult": 1.9194251920826044,
        "tsl_mult": 0.6891458682949287,
        "time_stop_bars": 214,
        "rsi_required": false,
        "use_adx": true,
        "adx": 18.0,
        "use_atr": true,
        "atr_range": [
          0.0008,
          0.06
        ]
      },
      "sideways": {
        "allowed_sides": [
          "long",
          "short"
        ],
        "mode": "breakout",
        "bb_std_mult": 1.5828092896467827,
        "tp_mult": 2.341879695778944,
        "tsl_mult": 0.651967765830165,
        "time_stop_bars": 235,
        "rsi_required": true,
        "use_adx": true,
        "adx": 15.0,
        "use_atr": true,
        "atr_range": [
          0.001,
          0.14
        ]
      },
      "bear": {
        "allowed_sides": [
          "long",
          "short"
        ],
        "mode": "breakout",
        "bb_std_mult": 1.2571599337995167,
        "tp_mult": 1.7149673432024581,
        "tsl_mult": 0.25,
        "time_stop_bars": 122,
        "rsi_required": true,
        "use_adx": true,
        "adx": 20.0,
        "use_atr": true,
        "atr_range": [
          0.0015,
          0.06
        ]
      }
    },
    "slippage": 0.0008,
    "select_top_k": 3,
    "aggregate_params": "median",
    "objective": "multi",
    "wfo_folds": 5,
    "embargo_bars": 60,
    "use_ml": false,
    "ml_thresh": 0.0
  },
  "guardrails": {
    "max_dd_pct_allowed": 0.06,
    "min_trades_lookback": 30,
    "daily_loss_limit_pct": 0.03,
    "cooldown_bars": 20,
    "fill_timing": "next_open",
    "bar_priority": "stop_first",
    "session_hours": [
      0,
      24
    ],
    "include_hours": [
      16,
      18,
      19,
      23
    ],
    "consec_loss_lockout": [
      0,
      0
    ],
    "sides": "long"
  },
  "regime": {
    "enabled": false,
    "fast": 50,
    "slow": 200,
    "band": 0.006,
    "overrides": {
      "bull": {
        "allowed_sides": [
          "long",
          "short"
        ],
        "mode": "mean_reversion",
        "bb_std_mult": 2.0169431746748376,
        "tp_mult": 1.9194251920826044,
        "tsl_mult": 0.6891458682949287,
        "time_stop_bars": 214,
        "rsi_required": false,
        "use_adx": true,
        "adx": 18.0,
        "use_atr": true,
        "atr_range": [
          0.0008,
          0.06
        ]
      },
      "sideways": {
        "allowed_sides": [
          "long",
          "short"
        ],
        "mode": "breakout",
        "bb_std_mult": 1.5828092896467827,
        "tp_mult": 2.341879695778944,
        "tsl_mult": 0.651967765830165,
        "time_stop_bars": 235,
        "rsi_required": true,
        "use_adx": true,
        "adx": 15.0,
        "use_atr": true,
        "atr_range": [
          0.001,
          0.14
        ]
      },
      "bear": {
        "allowed_sides": [
          "long",
          "short"
        ],
        "mode": "breakout",
        "bb_std_mult": 1.2571599337995167,
        "tp_mult": 1.7149673432024581,
        "tsl_mult": 0.25,
        "time_stop_bars": 122,
        "rsi_required": true,
        "use_adx": true,
        "adx": 20.0,
        "use_atr": true,
        "atr_range": [
          0.0015,
          0.06
        ]
      }
    }
  },
  "run_config": {
    "trials": 2500,
    "n_jobs": 1,
    "seed": 43,
    "objective": "multi",
    "multi_objective": true,
    "train_frac": 0.6,
    "wfo_folds": 5,
    "embargo_bars": 60,
    "select_top_k": 3,
    "aggregate_params": "median",
    "start_equity": 20000.0,
    "fee": 0.0004,
    "fixed_slippage": 0.0008,
    "min_slippage": 0.0,
    "fill_timing": "next_open",
    "bar_priority": "stop_first",
    "session_start": 0,
    "session_end": 24,
    "include_hours": "16,18,19,23",
    "sides": "long",
    "regime_adapt": false,
    "regime_fast": 50,
    "regime_slow": 200,
    "regime_band": 0.0,
    "round_exits": true,
    "stop_extra_slip": 0.0
  },
  "metrics_consistent": {
    "return_pct_train_consistent": 0.6369773662138861,
    "return_pct_test_consistent": 0.5435335970562389,
    "suspicious_run": false
  }
}