{
  "created_at": "2025-08-22T00:59:15.337814+00:00",
  "objective": "multi",
  "selection": {
    "dd_cap_pct": 0.03,
    "best_trial": 310,
    "top_k": 5,
    "top_trials": [
      310,
      199,
      203,
      243,
      164
    ]
  },
  "train_bars": 1050243,
  "test_bars": 565401,
  "train_metrics": {
    "pnl": 50.75271167999413,
    "return_pct": 0.0025376355839996645,
    "trades": 175,
    "win_rate": 0.4,
    "avg_trade": 0.29001549531425214,
    "avg_trade_pct": 1.450885781722767e-05,
    "max_drawdown": -49.24603755000135,
    "max_drawdown_pct": -0.0024595107434854774,
    "final_equity": 20050.752711679994,
    "wins": 70,
    "losses": 105
  },
  "test_metrics": {
    "pnl": -46.74852470999929,
    "return_pct": -0.0023374262354999287,
    "trades": 84,
    "win_rate": 0.25,
    "avg_trade": -0.5565300560714201,
    "avg_trade_pct": -2.78408527487137e-05,
    "max_drawdown": -93.55717797000034,
    "max_drawdown_pct": -0.004669569741746924,
    "final_equity": 19953.251475290002,
    "wins": 21,
    "losses": 63
  },
  "params": {
    "tsl_mult": 0.2524335076551036,
    "vol_spike": 0.1772177499915043,
    "rsi_period": 33,
    "strategy": "mean_reversion",
    "atr_max_pct": 0.11694717842739977,
    "edge_k": 0.6304082231825081,
    "use_ema": false,
    "rsi_required": false,
    "slip_spread_k": 0.6313581895520142,
    "rsi_ob": 62,
    "use_atr": true,
    "tp_mult": 1.9062788006323732,
    "p_adx": 12,
    "use_adx": false,
    "use_spike": true,
    "edge_cap": 0.4735172173071591,
    "p_sma": 5,
    "bb_std_mult": 1.4768565431395442,
    "adx_thresh": 28.154388943295675,
    "ema2": 20,
    "use_sma": true,
    "p_std": 59,
    "spread_hl_frac": 0.017414261592855897,
    "p_atr": 9,
    "ema1": 9,
    "slip_atr_k": 0.024884799163602762,
    "time_stop": 292,
    "rsi_os": 10,
    "atr_min_pct": 0.023708575669225622,
    "fee": 0.0,
    "rsi_key": "rsi33",
    "start_equity": 20000.0,
    "risk_per_trade": 0.00035,
    "risk_stop_atr_mult": 1.0,
    "risk_min_stop_frac": 0.001,
    "daily_loss_limit_pct": 0.01,
    "cooldown_bars": 120,
    "fill_timing": "close",
    "bar_priority": "tp_first",
    "session_start": 0,
    "session_end": 24,
    "include_hours_set": "{20}",
    "max_consec_losses": 2,
    "lockout_bars": 60,
    "proba_temp": 1.0,
    "participation_cap": 0.1,
    "price_step": 0.0001,
    "qty_step": 0.0001,
    "min_notional": 5.0,
    "max_notional_pct_equity": 0.5,
    "sides": "long",
    "regime_adapt": true,
    "regime_fast": 50,
    "regime_slow": 200,
    "regime_band": 0.0,
    "round_exits": true,
    "stop_extra_slip": 0.0,
    "regime_overrides": {
      "bull": {
        "strategy": "mean_reversion",
        "bb_std_mult": 2.0169431746748376,
        "rsi_ob": 51,
        "rsi_os": 43,
        "tp_mult": 1.9194251920826044,
        "tsl_mult": 0.6891458682949287,
        "time_stop": 214,
        "use_ema": false,
        "use_adx": true,
        "use_atr": true,
        "rsi_required": false,
        "adx_thresh": 30.312193620918165,
        "atr_min_pct": 0.01765191613765407,
        "atr_max_pct": 0.05817423848665073
      },
      "sideways": {
        "strategy": "breakout",
        "bb_std_mult": 1.5828092896467827,
        "rsi_ob": 58,
        "rsi_os": 19,
        "tp_mult": 2.341879695778944,
        "tsl_mult": 0.651967765830165,
        "time_stop": 235,
        "use_ema": false,
        "use_adx": false,
        "use_atr": false,
        "rsi_required": true,
        "atr_min_pct": 0.015109626219893455,
        "atr_max_pct": 0.13630943049822583
      },
      "bear": {
        "strategy": "breakout",
        "bb_std_mult": 1.2571599337995167,
        "rsi_ob": 70,
        "rsi_os": 52,
        "tp_mult": 1.7149673432024581,
        "tsl_mult": 0.0004102131455224567,
        "time_stop": 122,
        "use_ema": false,
        "use_adx": false,
        "use_atr": false,
        "rsi_required": false,
        "adx_thresh": 31.238766665127454,
        "atr_min_pct": 0.026767463670604112,
        "atr_max_pct": 0.042481859768843486
      }
    },
    "slippage": 0.0006,
    "select_top_k": 5,
    "aggregate_params": "median",
    "objective": "multi",
    "wfo_folds": 10,
    "embargo_bars": 250,
    "use_ml": false,
    "ml_thresh": 0.0
  },
  "guardrails": {
    "max_dd_pct_allowed": 0.03,
    "min_trades_lookback": 50,
    "daily_loss_limit_pct": 0.01,
    "cooldown_bars": 120,
    "fill_timing": "close",
    "bar_priority": "tp_first",
    "session_hours": [
      0,
      24
    ],
    "include_hours": [
      20
    ],
    "consec_loss_lockout": [
      2,
      60
    ],
    "sides": "long"
  },
  "regime": {
    "enabled": true,
    "fast": 50,
    "slow": 200,
    "band": 0.0,
    "overrides": {
      "bull": {
        "strategy": "mean_reversion",
        "bb_std_mult": 2.0169431746748376,
        "rsi_ob": 51,
        "rsi_os": 43,
        "tp_mult": 1.9194251920826044,
        "tsl_mult": 0.6891458682949287,
        "time_stop": 214,
        "use_ema": false,
        "use_adx": true,
        "use_atr": true,
        "rsi_required": false,
        "adx_thresh": 30.312193620918165,
        "atr_min_pct": 0.01765191613765407,
        "atr_max_pct": 0.05817423848665073
      },
      "sideways": {
        "strategy": "breakout",
        "bb_std_mult": 1.5828092896467827,
        "rsi_ob": 58,
        "rsi_os": 19,
        "tp_mult": 2.341879695778944,
        "tsl_mult": 0.651967765830165,
        "time_stop": 235,
        "use_ema": false,
        "use_adx": false,
        "use_atr": false,
        "rsi_required": true,
        "atr_min_pct": 0.015109626219893455,
        "atr_max_pct": 0.13630943049822583
      },
      "bear": {
        "strategy": "breakout",
        "bb_std_mult": 1.2571599337995167,
        "rsi_ob": 70,
        "rsi_os": 52,
        "tp_mult": 1.7149673432024581,
        "tsl_mult": 0.0004102131455224567,
        "time_stop": 122,
        "use_ema": false,
        "use_adx": false,
        "use_atr": false,
        "rsi_required": false,
        "adx_thresh": 31.238766665127454,
        "atr_min_pct": 0.026767463670604112,
        "atr_max_pct": 0.042481859768843486
      }
    }
  },
  "run_config": {
    "trials": 350,
    "n_jobs": 4,
    "seed": 502,
    "objective": "multi",
    "multi_objective": true,
    "train_frac": 0.65,
    "wfo_folds": 10,
    "embargo_bars": 250,
    "select_top_k": 5,
    "aggregate_params": "median",
    "start_equity": 20000.0,
    "fee": 0.0,
    "fixed_slippage": 0.0006,
    "min_slippage": 0.0,
    "fill_timing": "close",
    "bar_priority": "tp_first",
    "session_start": 0,
    "session_end": 24,
    "include_hours": "20",
    "sides": "long",
    "regime_adapt": true,
    "regime_fast": 50,
    "regime_slow": 200,
    "regime_band": 0.5,
    "round_exits": true,
    "stop_extra_slip": 0.0
  },
  "metrics_consistent": {
    "return_pct_train_consistent": 0.0025376355839997066,
    "return_pct_test_consistent": -0.0023374262354999642,
    "suspicious_run": false
  }
}