{
  "created_at": "2025-08-22T23:37:48.667779+00:00",
  "objective": "multi",
  "selection": {
    "dd_cap_pct": 0.04,
    "best_trial": 486,
    "top_k": 3,
    "top_trials": [
      486,
      344,
      566
    ]
  },
  "train_bars": 969686,
  "test_bars": 646458,
  "train_metrics": {
    "pnl": 5103.396339459998,
    "return_pct": 0.2551698169729997,
    "trades": 659,
    "win_rate": 0.4188163884673748,
    "avg_trade": 7.744152260182091,
    "avg_trade_pct": 0.00034616874036480836,
    "max_drawdown": -502.0653515700069,
    "max_drawdown_pct": -0.021181868332818987,
    "final_equity": 25103.396339459992,
    "wins": 276,
    "losses": 383
  },
  "test_metrics": {
    "pnl": 2564.3248201200076,
    "return_pct": 0.1282162410060006,
    "trades": 393,
    "win_rate": 0.39185750636132316,
    "avg_trade": 6.524999542290096,
    "avg_trade_pct": 0.0003087728783634446,
    "max_drawdown": -377.93341215999317,
    "max_drawdown_pct": -0.01664490038316591,
    "final_equity": 22564.32482012001,
    "wins": 154,
    "losses": 239
  },
  "params": {
    "p_atr": 20,
    "p_adx": 15,
    "edge_k": 0.8197346478548214,
    "rsi_period": 65,
    "tsl_mult": 0.0012259703123940493,
    "bb_std_mult": 3.1154467362449774,
    "use_adx": true,
    "ema2": 29,
    "vol_spike": 0.1527819298423058,
    "use_ema": false,
    "p_sma": 55,
    "atr_max_pct": 0.1004823328885871,
    "rsi_ob": 81,
    "rsi_os": 33,
    "adx_thresh": 17.50168673072825,
    "slip_spread_k": 0.24276106065123465,
    "use_spike": true,
    "slip_atr_k": 0.004378596328757344,
    "time_stop": 25,
    "edge_cap": 0.7198276189137389,
    "ema1": 15,
    "p_std": 42,
    "strategy": "breakout",
    "use_sma": true,
    "atr_min_pct": 0.008443365243297604,
    "rsi_required": false,
    "tp_mult": 2.048641708838858,
    "use_atr": false,
    "spread_hl_frac": 0.0068360388049147226,
    "fee": 0.0,
    "rsi_key": "rsi65",
    "start_equity": 20000.0,
    "risk_per_trade": 0.2,
    "risk_stop_atr_mult": 1.0,
    "risk_min_stop_frac": 0.001,
    "daily_loss_limit_pct": 0.015,
    "cooldown_bars": 20,
    "fill_timing": "next_open",
    "bar_priority": "stop_first",
    "session_start": 0,
    "session_end": 24,
    "include_hours_set": "{16, 20, 22}",
    "max_consec_losses": 6,
    "lockout_bars": 120,
    "proba_temp": 1.0,
    "participation_cap": 1.0,
    "price_step": 0.0001,
    "qty_step": 0.0001,
    "min_notional": 5.0,
    "max_notional_pct_equity": 0.6,
    "sides": "short",
    "regime_adapt": false,
    "regime_fast": 50,
    "regime_slow": 200,
    "regime_band": 0.006,
    "round_exits": true,
    "stop_extra_slip": 0.0,
    "regime_overrides": {
      "bull": {
        "allowed_sides": [
          "long",
          "short"
        ],
        "mode": "mean_reversion",
        "bb_std_mult": 2.0169431746748376,
        "tp_mult": 1.9194251920826044,
        "tsl_mult": 0.6891458682949287,
        "time_stop_bars": 214,
        "rsi_required": false,
        "use_adx": true,
        "adx": 18.0,
        "use_atr": true,
        "atr_range": [
          0.0008,
          0.06
        ]
      },
      "sideways": {
        "allowed_sides": [
          "long",
          "short"
        ],
        "mode": "breakout",
        "bb_std_mult": 1.5828092896467827,
        "tp_mult": 2.341879695778944,
        "tsl_mult": 0.651967765830165,
        "time_stop_bars": 235,
        "rsi_required": true,
        "use_adx": true,
        "adx": 15.0,
        "use_atr": true,
        "atr_range": [
          0.001,
          0.14
        ]
      },
      "bear": {
        "allowed_sides": [
          "long",
          "short"
        ],
        "mode": "breakout",
        "bb_std_mult": 1.2571599337995167,
        "tp_mult": 1.7149673432024581,
        "tsl_mult": 0.25,
        "time_stop_bars": 122,
        "rsi_required": true,
        "use_adx": true,
        "adx": 20.0,
        "use_atr": true,
        "atr_range": [
          0.0015,
          0.06
        ]
      }
    },
    "slippage": 0.0006,
    "select_top_k": 3,
    "aggregate_params": "median",
    "objective": "multi",
    "wfo_folds": 3,
    "embargo_bars": 0,
    "use_ml": false,
    "ml_thresh": 0.0
  },
  "guardrails": {
    "max_dd_pct_allowed": 0.04,
    "min_trades_lookback": 75,
    "daily_loss_limit_pct": 0.015,
    "cooldown_bars": 20,
    "fill_timing": "next_open",
    "bar_priority": "stop_first",
    "session_hours": [
      0,
      24
    ],
    "include_hours": [
      16,
      20,
      22
    ],
    "consec_loss_lockout": [
      6,
      120
    ],
    "sides": "short"
  },
  "regime": {
    "enabled": false,
    "fast": 50,
    "slow": 200,
    "band": 0.006,
    "overrides": {
      "bull": {
        "allowed_sides": [
          "long",
          "short"
        ],
        "mode": "mean_reversion",
        "bb_std_mult": 2.0169431746748376,
        "tp_mult": 1.9194251920826044,
        "tsl_mult": 0.6891458682949287,
        "time_stop_bars": 214,
        "rsi_required": false,
        "use_adx": true,
        "adx": 18.0,
        "use_atr": true,
        "atr_range": [
          0.0008,
          0.06
        ]
      },
      "sideways": {
        "allowed_sides": [
          "long",
          "short"
        ],
        "mode": "breakout",
        "bb_std_mult": 1.5828092896467827,
        "tp_mult": 2.341879695778944,
        "tsl_mult": 0.651967765830165,
        "time_stop_bars": 235,
        "rsi_required": true,
        "use_adx": true,
        "adx": 15.0,
        "use_atr": true,
        "atr_range": [
          0.001,
          0.14
        ]
      },
      "bear": {
        "allowed_sides": [
          "long",
          "short"
        ],
        "mode": "breakout",
        "bb_std_mult": 1.2571599337995167,
        "tp_mult": 1.7149673432024581,
        "tsl_mult": 0.25,
        "time_stop_bars": 122,
        "rsi_required": true,
        "use_adx": true,
        "adx": 20.0,
        "use_atr": true,
        "atr_range": [
          0.0015,
          0.06
        ]
      }
    }
  },
  "run_config": {
    "trials": 600,
    "n_jobs": 1,
    "seed": 7,
    "objective": "multi",
    "multi_objective": true,
    "train_frac": 0.6,
    "wfo_folds": 3,
    "embargo_bars": 0,
    "select_top_k": 3,
    "aggregate_params": "median",
    "start_equity": 20000.0,
    "fee": 0.0,
    "fixed_slippage": 0.0006,
    "min_slippage": 0.0,
    "fill_timing": "next_open",
    "bar_priority": "stop_first",
    "session_start": 0,
    "session_end": 24,
    "include_hours": "16,20,22",
    "sides": "short",
    "regime_adapt": false,
    "regime_fast": 50,
    "regime_slow": 200,
    "regime_band": 0.0,
    "round_exits": true,
    "stop_extra_slip": 0.0
  },
  "metrics_consistent": {
    "return_pct_train_consistent": 0.2551698169729999,
    "return_pct_test_consistent": 0.12821624100600038,
    "suspicious_run": false
  }
}