{
  "created_at": "2025-08-23T22:08:20.012715+00:00",
  "objective": "multi",
  "selection": {
    "dd_cap_pct": 0.2,
    "best_trial": 728,
    "top_k": 1,
    "top_trials": [
      728
    ]
  },
  "train_bars": 969686,
  "test_bars": 646458,
  "train_metrics": {
    "pnl": 10228363.745893696,
    "return_pct": 511.4181872946848,
    "trades": 520,
    "win_rate": 0.5423076923076923,
    "avg_trade": 19669.9302805648,
    "avg_trade_pct": 0.012707957158765219,
    "max_drawdown": -496463.61988298595,
    "max_drawdown_pct": -0.1283476826554188,
    "final_equity": 10248363.745893696,
    "wins": 282,
    "losses": 238
  },
  "test_metrics": {
    "pnl": 192904.7493488681,
    "return_pct": 9.645237467443408,
    "trades": 153,
    "win_rate": 0.5424836601307189,
    "avg_trade": 1260.81535522136,
    "avg_trade_pct": 0.016524638035151647,
    "max_drawdown": -35505.5449772212,
    "max_drawdown_pct": -0.14784116779366435,
    "final_equity": 212904.74934886818,
    "wins": 83,
    "losses": 70
  },
  "params": {
    "p_sma": 31,
    "p_std": 30,
    "p_atr": 17,
    "p_adx": 28,
    "rsi_period": 28,
    "ema1": 16,
    "ema2": 36,
    "slip_atr_k": 0.0586099828726545,
    "slip_spread_k": 0.059096887218465885,
    "spread_hl_frac": 0.04055526908119081,
    "bb_std_mult": 2.612501279779829,
    "rsi_os": 40,
    "rsi_ob": 64,
    "vol_spike": 0.17701629734885146,
    "adx_thresh": 23.359490229201167,
    "atr_min_pct": 0.0021367228713937685,
    "atr_max_pct": 0.11467337008002758,
    "tp_mult": 2.891614102964756,
    "tsl_mult": 0.01816328110239668,
    "strategy": "mean_reversion",
    "time_stop": 264,
    "use_sma": true,
    "use_atr": true,
    "use_adx": false,
    "use_ema": false,
    "use_spike": false,
    "rsi_required": false,
    "edge_k": 0.3016462941032231,
    "edge_cap": 0.5791502485766918,
    "fee": 0.0,
    "rsi_key": "rsi28",
    "start_equity": 20000.0,
    "risk_per_trade": 0.2,
    "risk_stop_atr_mult": 1.0,
    "risk_min_stop_frac": 0.001,
    "daily_loss_limit_pct": 0.03,
    "cooldown_bars": 20,
    "fill_timing": "close",
    "bar_priority": "tp_first",
    "session_start": 0,
    "session_end": 24,
    "include_hours_set": "{13, 14, 15, 16, 17}",
    "max_consec_losses": 0,
    "lockout_bars": 0,
    "proba_temp": 1.0,
    "participation_cap": 1.0,
    "price_step": 0.0001,
    "qty_step": 0.0001,
    "min_notional": 5.0,
    "max_notional_pct_equity": 1.0,
    "sides": "long",
    "regime_adapt": false,
    "regime_fast": 50,
    "regime_slow": 200,
    "regime_band": 0.006,
    "round_exits": true,
    "stop_extra_slip": 0.0,
    "regime_overrides": {
      "bull": {
        "allowed_sides": [
          "long",
          "short"
        ],
        "mode": "mean_reversion",
        "bb_std_mult": 2.0169431746748376,
        "tp_mult": 1.9194251920826044,
        "tsl_mult": 0.6891458682949287,
        "time_stop_bars": 214,
        "rsi_required": false,
        "use_adx": true,
        "adx": 18.0,
        "use_atr": true,
        "atr_range": [
          0.0008,
          0.06
        ]
      },
      "sideways": {
        "allowed_sides": [
          "long",
          "short"
        ],
        "mode": "breakout",
        "bb_std_mult": 1.5828092896467827,
        "tp_mult": 2.341879695778944,
        "tsl_mult": 0.651967765830165,
        "time_stop_bars": 235,
        "rsi_required": true,
        "use_adx": true,
        "adx": 15.0,
        "use_atr": true,
        "atr_range": [
          0.001,
          0.14
        ]
      },
      "bear": {
        "allowed_sides": [
          "long",
          "short"
        ],
        "mode": "breakout",
        "bb_std_mult": 1.2571599337995167,
        "tp_mult": 1.7149673432024581,
        "tsl_mult": 0.25,
        "time_stop_bars": 122,
        "rsi_required": true,
        "use_adx": true,
        "adx": 20.0,
        "use_atr": true,
        "atr_range": [
          0.0015,
          0.06
        ]
      }
    },
    "slippage": 0.0006,
    "select_top_k": 1,
    "aggregate_params": "median",
    "objective": "multi",
    "wfo_folds": 3,
    "embargo_bars": 0,
    "use_ml": false,
    "ml_thresh": 0.0
  },
  "guardrails": {
    "max_dd_pct_allowed": 0.2,
    "min_trades_lookback": 75,
    "daily_loss_limit_pct": 0.03,
    "cooldown_bars": 20,
    "fill_timing": "close",
    "bar_priority": "tp_first",
    "session_hours": [
      0,
      24
    ],
    "include_hours": [
      13,
      14,
      15,
      16,
      17
    ],
    "consec_loss_lockout": [
      0,
      0
    ],
    "sides": "long"
  },
  "regime": {
    "enabled": false,
    "fast": 50,
    "slow": 200,
    "band": 0.006,
    "overrides": {
      "bull": {
        "allowed_sides": [
          "long",
          "short"
        ],
        "mode": "mean_reversion",
        "bb_std_mult": 2.0169431746748376,
        "tp_mult": 1.9194251920826044,
        "tsl_mult": 0.6891458682949287,
        "time_stop_bars": 214,
        "rsi_required": false,
        "use_adx": true,
        "adx": 18.0,
        "use_atr": true,
        "atr_range": [
          0.0008,
          0.06
        ]
      },
      "sideways": {
        "allowed_sides": [
          "long",
          "short"
        ],
        "mode": "breakout",
        "bb_std_mult": 1.5828092896467827,
        "tp_mult": 2.341879695778944,
        "tsl_mult": 0.651967765830165,
        "time_stop_bars": 235,
        "rsi_required": true,
        "use_adx": true,
        "adx": 15.0,
        "use_atr": true,
        "atr_range": [
          0.001,
          0.14
        ]
      },
      "bear": {
        "allowed_sides": [
          "long",
          "short"
        ],
        "mode": "breakout",
        "bb_std_mult": 1.2571599337995167,
        "tp_mult": 1.7149673432024581,
        "tsl_mult": 0.25,
        "time_stop_bars": 122,
        "rsi_required": true,
        "use_adx": true,
        "adx": 20.0,
        "use_atr": true,
        "atr_range": [
          0.0015,
          0.06
        ]
      }
    }
  },
  "run_config": {
    "trials": 900,
    "n_jobs": 1,
    "seed": 31,
    "objective": "multi",
    "multi_objective": true,
    "train_frac": 0.6,
    "wfo_folds": 3,
    "embargo_bars": 0,
    "select_top_k": 1,
    "aggregate_params": "median",
    "start_equity": 20000.0,
    "fee": 0.0,
    "fixed_slippage": 0.0006,
    "min_slippage": 0.0,
    "fill_timing": "close",
    "bar_priority": "tp_first",
    "session_start": 0,
    "session_end": 24,
    "include_hours": "13,14,15,16,17",
    "sides": "long",
    "regime_adapt": false,
    "regime_fast": 50,
    "regime_slow": 200,
    "regime_band": 0.0,
    "round_exits": true,
    "stop_extra_slip": 0.0
  },
  "metrics_consistent": {
    "return_pct_train_consistent": 511.4181872946848,
    "return_pct_test_consistent": 9.645237467443405,
    "suspicious_run": true
  }
}