{
  "created_at": "2025-09-01T09:16:20.976243+00:00",
  "objective": "multi",
  "selection": {
    "dd_cap_pct": 0.35,
    "best_trial": 596,
    "top_k": 1,
    "top_trials": [
      596
    ]
  },
  "train_bars": 1131150,
  "test_bars": 484694,
  "train_metrics": {
    "pnl": -11.802985233060031,
    "return_pct": -0.0005901492616529058,
    "trades": 1,
    "win_rate": 0.0,
    "avg_trade": -11.802985233060031,
    "avg_trade_pct": -0.0005901492616530016,
    "max_drawdown": 0.0,
    "max_drawdown_pct": 0.0,
    "final_equity": 19988.19701476694,
    "wins": 0,
    "losses": 1
  },
  "test_metrics": {
    "pnl": 0.0,
    "return_pct": 0.0,
    "trades": 0,
    "win_rate": 0.0,
    "avg_trade": 0.0,
    "avg_trade_pct": 0.0,
    "max_drawdown": 0.0,
    "max_drawdown_pct": 0.0,
    "final_equity": 20000.0,
    "wins": 0,
    "losses": 0
  },
  "params": {
    "p_sma": 22,
    "p_std": 60,
    "p_atr": 16,
    "p_adx": 26,
    "rsi_period": 43,
    "ema1": 6,
    "ema2": 34,
    "slip_atr_k": 0.01941327444371635,
    "slip_spread_k": 0.06315365748684437,
    "spread_hl_frac": 0.041164337349148025,
    "bb_std_mult": 0.6555485192948238,
    "rsi_os": 6,
    "rsi_ob": 93,
    "vol_spike": 0.04739348232795579,
    "adx_thresh": 33.39003060023909,
    "atr_min_pct": 0.007881687379656376,
    "atr_max_pct": 0.06408225624655763,
    "tp_mult": 2.3680625043833414,
    "tsl_mult": 0.03668049375122489,
    "strategy": "breakout",
    "time_stop": 116,
    "use_sma": true,
    "use_atr": false,
    "use_adx": true,
    "use_ema": false,
    "use_spike": false,
    "rsi_required": false,
    "edge_k": 0.7139642751416277,
    "edge_cap": 0.43837793775892386,
    "bull_strategy": "mean_reversion",
    "bull_bb_std_mult": 3.234947111145967,
    "bull_rsi_os": 52,
    "bull_rsi_ob": 47,
    "bull_adx_thresh": 14.261790892389579,
    "bull_atr_min_pct": 0.02904827603513118,
    "bull_atr_max_pct": 0.08572134731826275,
    "bull_tp_mult": 2.736477224988539,
    "bull_tsl_mult": 0.7026036811109907,
    "bull_time_stop": 280,
    "bull_use_sma": true,
    "bull_use_ema": true,
    "bull_use_atr": true,
    "bull_use_adx": true,
    "bull_use_spike": false,
    "bull_rsi_required": false,
    "bear_strategy": "breakout",
    "bear_bb_std_mult": 3.0061138795089297,
    "bear_rsi_os": 29,
    "bear_rsi_ob": 59,
    "bear_adx_thresh": 31.656521184264815,
    "bear_atr_min_pct": 0.0040323895025073005,
    "bear_atr_max_pct": 0.10243440437792276,
    "bear_tp_mult": 1.509395356805408,
    "bear_tsl_mult": 0.9580761550786637,
    "bear_time_stop": 76,
    "bear_use_sma": true,
    "bear_use_ema": false,
    "bear_use_atr": false,
    "bear_use_adx": false,
    "bear_use_spike": true,
    "bear_rsi_required": true,
    "sideways_strategy": "breakout",
    "sideways_bb_std_mult": 3.158831070510425,
    "sideways_rsi_os": 41,
    "sideways_rsi_ob": 80,
    "sideways_adx_thresh": 5.85000463423904,
    "sideways_atr_min_pct": 0.009304970393870423,
    "sideways_atr_max_pct": 0.11075854878726418,
    "sideways_tp_mult": 1.0112720149235086,
    "sideways_tsl_mult": 0.4877176897893177,
    "sideways_time_stop": 217,
    "sideways_use_sma": true,
    "sideways_use_ema": false,
    "sideways_use_atr": false,
    "sideways_use_adx": true,
    "sideways_use_spike": true,
    "sideways_rsi_required": true,
    "fee": 0.001,
    "rsi_key": "rsi43",
    "start_equity": 20000.0,
    "risk_per_trade": 0.04,
    "risk_stop_atr_mult": 1.0,
    "risk_min_stop_frac": 0.001,
    "daily_loss_limit_pct": 0.12,
    "cooldown_bars": 30,
    "fill_timing": "next_open",
    "bar_priority": "stop_first",
    "session_start": 0,
    "session_end": 24,
    "include_hours_set": "{0, 1, 2, 3}",
    "max_consec_losses": 7,
    "lockout_bars": 100,
    "proba_temp": 1.0,
    "participation_cap": 1.0,
    "price_step": 0.0001,
    "qty_step": 0.0001,
    "min_notional": 5.0,
    "max_notional_pct_equity": 1.0,
    "sides": "short",
    "regime_adapt": true,
    "regime_fast": 50,
    "regime_slow": 200,
    "regime_band": 0.006,
    "round_exits": true,
    "stop_extra_slip": 0.0,
    "regime_overrides": {
      "bull": {
        "allowed_sides": [
          "long",
          "short"
        ],
        "mode": "mean_reversion",
        "bb_std_mult": 2.0169431746748376,
        "tp_mult": 1.9194251920826044,
        "tsl_mult": 0.6891458682949287,
        "time_stop_bars": 214,
        "rsi_required": false,
        "use_adx": true,
        "adx": 18.0,
        "use_atr": true,
        "atr_range": [
          0.0008,
          0.06
        ]
      },
      "sideways": {
        "allowed_sides": [
          "long",
          "short"
        ],
        "mode": "breakout",
        "bb_std_mult": 1.5828092896467827,
        "tp_mult": 2.341879695778944,
        "tsl_mult": 0.651967765830165,
        "time_stop_bars": 235,
        "rsi_required": true,
        "use_adx": true,
        "adx": 15.0,
        "use_atr": true,
        "atr_range": [
          0.001,
          0.14
        ]
      },
      "bear": {
        "allowed_sides": [
          "long",
          "short"
        ],
        "mode": "breakout",
        "bb_std_mult": 1.2571599337995167,
        "tp_mult": 1.7149673432024581,
        "tsl_mult": 0.25,
        "time_stop_bars": 122,
        "rsi_required": true,
        "use_adx": true,
        "adx": 20.0,
        "use_atr": true,
        "atr_range": [
          0.0015,
          0.06
        ]
      }
    },
    "slippage": 0.0006,
    "select_top_k": 1,
    "aggregate_params": "median",
    "objective": "multi",
    "wfo_folds": 6,
    "embargo_bars": 150,
    "use_ml": false,
    "ml_thresh": 0.0
  },
  "guardrails": {
    "max_dd_pct_allowed": 0.35,
    "min_trades_lookback": 120,
    "daily_loss_limit_pct": 0.12,
    "cooldown_bars": 30,
    "fill_timing": "next_open",
    "bar_priority": "stop_first",
    "session_hours": [
      0,
      24
    ],
    "include_hours": [
      0,
      1,
      2,
      3
    ],
    "consec_loss_lockout": [
      7,
      100
    ],
    "sides": "short"
  },
  "regime": {
    "enabled": true,
    "fast": 50,
    "slow": 200,
    "band": 0.006,
    "overrides": {
      "bull": {
        "allowed_sides": [
          "long",
          "short"
        ],
        "mode": "mean_reversion",
        "bb_std_mult": 2.0169431746748376,
        "tp_mult": 1.9194251920826044,
        "tsl_mult": 0.6891458682949287,
        "time_stop_bars": 214,
        "rsi_required": false,
        "use_adx": true,
        "adx": 18.0,
        "use_atr": true,
        "atr_range": [
          0.0008,
          0.06
        ]
      },
      "sideways": {
        "allowed_sides": [
          "long",
          "short"
        ],
        "mode": "breakout",
        "bb_std_mult": 1.5828092896467827,
        "tp_mult": 2.341879695778944,
        "tsl_mult": 0.651967765830165,
        "time_stop_bars": 235,
        "rsi_required": true,
        "use_adx": true,
        "adx": 15.0,
        "use_atr": true,
        "atr_range": [
          0.001,
          0.14
        ]
      },
      "bear": {
        "allowed_sides": [
          "long",
          "short"
        ],
        "mode": "breakout",
        "bb_std_mult": 1.2571599337995167,
        "tp_mult": 1.7149673432024581,
        "tsl_mult": 0.25,
        "time_stop_bars": 122,
        "rsi_required": true,
        "use_adx": true,
        "adx": 20.0,
        "use_atr": true,
        "atr_range": [
          0.0015,
          0.06
        ]
      }
    }
  },
  "run_config": {
    "trials": 600,
    "n_jobs": 4,
    "seed": 913,
    "objective": "multi",
    "multi_objective": true,
    "train_frac": 0.7,
    "wfo_folds": 6,
    "embargo_bars": 150,
    "select_top_k": 1,
    "aggregate_params": "median",
    "start_equity": 20000.0,
    "fee": 0.001,
    "fixed_slippage": 0.0006,
    "min_slippage": 0.0,
    "fill_timing": "next_open",
    "bar_priority": "stop_first",
    "session_start": 0,
    "session_end": 24,