{
  "created_at": "2025-08-21T19:08:07.725426+00:00",
  "objective": "multi",
  "selection": {
    "dd_cap_pct": 0.03,
    "best_trial": 212,
    "top_k": 5,
    "top_trials": [
      212,
      215,
      204,
      207,
      208
    ]
  },
  "train_bars": 1131000,
  "test_bars": 484544,
  "train_metrics": {
    "pnl": 116.2541173399971,
    "return_pct": 0.00581270586699989,
    "trades": 299,
    "win_rate": 0.3779264214046823,
    "avg_trade": 0.38880975698995685,
    "avg_trade_pct": 1.973337119933595e-05,
    "max_drawdown": -313.7401237599988,
    "max_drawdown_pct": -0.015356838580445255,
    "final_equity": 20116.25411734,
    "wins": 113,
    "losses": 186
  },
  "test_metrics": {
    "pnl": 86.64014389999912,
    "return_pct": 0.004332007194999932,
    "trades": 109,
    "win_rate": 0.3577981651376147,
    "avg_trade": 0.7948637055045791,
    "avg_trade_pct": 4.001069131487337e-05,
    "max_drawdown": -182.2563796500035,
    "max_drawdown_pct": -0.00904995672554329,
    "final_equity": 20086.6401439,
    "wins": 39,
    "losses": 70
  },
  "params": {
    "sideways_use_atr": true,
    "sideways_rsi_ob": 76,
    "bear_adx_thresh": 25.02236621655792,
    "bear_tp_mult": 1.505895874983576,
    "bull_bb_std_mult": 1.4312242534046529,
    "bull_rsi_required": false,
    "vol_spike": 0.08546069411385968,
    "tp_mult": 1.411494500596559,
    "bull_tp_mult": 1.5549234279580377,
    "bull_rsi_ob": 81,
    "edge_cap": 0.18427026009914133,
    "adx_thresh": 15.409548578407222,
    "p_sma": 7,
    "use_atr": false,
    "sideways_time_stop": 44,
    "bull_use_atr": false,
    "sideways_use_spike": false,
    "sideways_use_adx": false,
    "p_std": 56,
    "edge_k": 0.8794965794874893,
    "p_adx": 13,
    "bear_rsi_ob": 46,
    "bull_atr_max_pct": 0.027121220136031732,
    "bear_tsl_mult": 0.247134593737715,
    "sideways_use_sma": true,
    "bull_rsi_os": 5,
    "bull_use_sma": true,
    "bear_bb_std_mult": 1.2727914867011692,
    "bear_time_stop": 279,
    "bear_use_sma": true,
    "sideways_bb_std_mult": 3.3682475760573594,
    "ema1": 10,
    "bear_use_adx": true,
    "bull_strategy": "mean_reversion",
    "bull_adx_thresh": 13.084871774947631,
    "bull_atr_min_pct": 0.01974612836856024,
    "sideways_rsi_required": true,
    "bull_time_stop": 208,
    "bull_use_adx": true,
    "atr_min_pct": 0.008277713057431765,
    "time_stop": 30,
    "bear_rsi_required": true,
    "spread_hl_frac": 0.018476314150379237,
    "bull_use_ema": false,
    "sideways_atr_max_pct": 0.09528203381106069,
    "strategy": "breakout",
    "p_atr": 27,
    "sideways_rsi_os": 32,
    "rsi_os": 27,
    "rsi_required": true,
    "rsi_period": 7,
    "bear_strategy": "mean_reversion",
    "bear_atr_min_pct": 0.015521556085233118,
    "sideways_use_ema": true,
    "sideways_adx_thresh": 23.507157011362764,
    "bull_tsl_mult": 0.09803308724424212,
    "bear_atr_max_pct": 0.13371438704815172,
    "use_sma": true,
    "bb_std_mult": 1.4294463113233695,
    "slip_spread_k": 0.18415266190700463,
    "sideways_atr_min_pct": 0.006960109505958656,
    "sideways_tsl_mult": 0.21792233854013696,
    "tsl_mult": 0.05391797009801014,
    "use_spike": true,
    "bear_use_ema": true,
    "bear_use_spike": false,
    "atr_max_pct": 0.13995415478033962,
    "bear_rsi_os": 21,
    "sideways_strategy": "mean_reversion",
    "bear_use_atr": false,
    "rsi_ob": 74,
    "use_adx": false,
    "bull_use_spike": false,
    "ema2": 57,
    "sideways_tp_mult": 1.3338642526458635,
    "use_ema": false,
    "slip_atr_k": 0.00045082684872237155,
    "fee": 0.0,
    "rsi_key": "rsi7",
    "start_equity": 20000.0,
    "risk_per_trade": 0.0005,
    "risk_stop_atr_mult": 1.0,
    "risk_min_stop_frac": 0.001,
    "daily_loss_limit_pct": 0.015,
    "cooldown_bars": 240,
    "fill_timing": "next_open",
    "bar_priority": "stop_first",
    "session_start": 0,
    "session_end": 24,
    "include_hours_set": "{16}",
    "max_consec_losses": 2,
    "lockout_bars": 360,
    "proba_temp": 1.0,
    "participation_cap": 1.0,
    "price_step": 0.0001,
    "qty_step": 0.0001,
    "min_notional": 5.0,
    "max_notional_pct_equity": 1.0,
    "sides": "short",
    "regime_adapt": true,
    "regime_fast": 50,
    "regime_slow": 200,
    "regime_band": 0.0,
    "round_exits": true,
    "stop_extra_slip": 0.0,
    "regime_overrides": {
      "bull": {
        "strategy": "mean_reversion",
        "bb_std_mult": 2.0169431746748376,
        "rsi_ob": 51,
        "rsi_os": 43,
        "tp_mult": 1.9194251920826044,
        "tsl_mult": 0.6891458682949287,
        "time_stop": 214,
        "use_ema": false,
        "use_adx": true,
        "use_atr": true,
        "rsi_required": false,
        "adx_thresh": 30.312193620918165,
        "atr_min_pct": 0.01765191613765407,
        "atr_max_pct": 0.05817423848665073
      },
      "sideways": {
        "strategy": "breakout",
        "bb_std_mult": 1.5828092896467827,
        "rsi_ob": 58,
        "rsi_os": 19,
        "tp_mult": 2.341879695778944,
        "tsl_mult": 0.651967765830165,
        "time_stop": 235,
        "use_ema": false,
        "use_adx": false,
        "use_atr": false,
        "rsi_required": true,
        "atr_min_pct": 0.015109626219893455,
        "atr_max_pct": 0.13630943049822583
      },
      "bear": {
        "strategy": "breakout",
        "bb_std_mult": 1.2571599337995167,
        "rsi_ob": 70,
        "rsi_os": 52,
        "tp_mult": 1.7149673432024581,
        "tsl_mult": 0.0004102131455224567,
        "time_stop": 122,
        "use_ema": false,
        "use_adx": false,
        "use_atr": false,
        "rsi_required": false,
        "adx_thresh": 31.238766665127454,
        "atr_min_pct": 0.026767463670604112,
        "atr_max_pct": 0.042481859768843486
      }
    },
    "slippage": 0.0006,
    "select_top_k": 5,
    "aggregate_params": "median",
    "objective": "multi",
    "wfo_folds": 8,
    "embargo_bars": 300,
    "use_ml": false,
    "ml_thresh": 0.0
  },
  "guardrails": {
    "max_dd_pct_allowed": 0.03,
    "min_trades_lookback": 150,
    "daily_loss_limit_pct": 0.015,
    "cooldown_bars": 240,
    "fill_timing": "next_open",
    "bar_priority": "stop_first",
    "session_hours": [
      0,
      24
    ],
    "include_hours": [
      16
    ],
    "consec_loss_lockout": [
      2,
      360
    ],
    "sides": "short"
  },
  "regime": {
    "enabled": true,
    "fast": 50,
    "slow": 200,
    "band": 0.0,
    "overrides": {
      "bull": {
        "strategy": "mean_reversion",
        "bb_std_mult": 2.0169431746748376,
        "rsi_ob": 51,
        "rsi_os": 43,
        "tp_mult": 1.9194251920826044,
        "tsl_mult": 0.6891458682949287,
        "time_stop": 214,
        "use_ema": false,
        "use_adx": true,
        "use_atr": true,
        "rsi_required": false,
        "adx_thresh": 30.312193620918165,
        "atr_min_pct": 0.01765191613765407,
        "atr_max_pct": 0.05817423848665073
      },
      "sideways": {
        "strategy": "breakout",
        "bb_std_mult": 1.5828092896467827,
        "rsi_ob": 58,
        "rsi_os": 19,
        "tp_mult": 2.341879695778944,
        "tsl_mult": 0.651967765830165,
        "time_stop": 235,
        "use_ema": false,
        "use_adx": false,
        "use_atr": false,
        "rsi_required": true,
        "atr_min_pct": 0.015109626219893455,
        "atr_max_pct": 0.13630943049822583
      },
      "bear": {
        "strategy": "breakout",
        "bb_std_mult": 1.2571599337995167,
        "rsi_ob": 70,
        "rsi_os": 52,
        "tp_mult": 1.7149673432024581,
        "tsl_mult": 0.0004102131455224567,
        "time_stop": 122,
        "use_ema": false,
        "use_adx": false,
        "use_atr": false,
        "rsi_required": false,
        "adx_thresh": 31.238766665127454,
        "atr_min_pct": 0.026767463670604112,
        "atr_max_pct": 0.042481859768843486
      }
    }
  },
  "run_config": {
    "trials": 320,
    "n_jobs": 4,
    "seed": 101,
    "objective": "multi",