{
  "created_at": "2025-08-30T04:32:27.809954+00:00",
  "objective": "calmar",
  "selection": {
    "dd_cap_pct": 0.1,
    "best_trial": 1141,
    "top_k": 1,
    "top_trials": [
      1141
    ]
  },
  "train_bars": 1131180,
  "test_bars": 484724,
  "train_metrics": {
    "pnl": 12.23382838968992,
    "return_pct": 0.0006116914194844725,
    "trades": 52,
    "win_rate": 0.40384615384615385,
    "avg_trade": 0.23526593057096,
    "avg_trade_pct": 1.1762382987836627e-05,
    "max_drawdown": -8.742208166197088,
    "max_drawdown_pct": -0.0004369326856008186,
    "final_equity": 20012.23382838969,
    "wins": 21,
    "losses": 31
  },
  "test_metrics": {
    "pnl": 23.451086374879853,
    "return_pct": 0.001172554318743968,
    "trades": 28,
    "win_rate": 0.5357142857142857,
    "avg_trade": 0.8375387991028519,
    "avg_trade_pct": 4.186288280254967e-05,
    "max_drawdown": -6.168929989049502,
    "max_drawdown_pct": -0.0003080198268875517,
    "final_equity": 20023.45108637488,
    "wins": 15,
    "losses": 13
  },
  "params": {
    "p_sma": 14,
    "p_std": 10,
    "p_atr": 7,
    "p_adx": 10,
    "rsi_period": 25,
    "ema1": 26,
    "ema2": 44,
    "slip_atr_k": 0.005774524349916403,
    "slip_spread_k": 0.8085448487361432,
    "spread_hl_frac": 0.0028184122911421774,
    "bb_std_mult": 3.1574063757307833,
    "rsi_os": 21,
    "rsi_ob": 70,
    "vol_spike": 0.04805694999757864,
    "adx_thresh": 16.038314282690436,
    "atr_min_pct": 0.00624454664544776,
    "atr_max_pct": 0.13761192285058463,
    "tp_mult": 1.9956504317222072,
    "tsl_mult": 0.7512608260616663,
    "strategy": "breakout",
    "time_stop": 152,
    "use_sma": false,
    "use_atr": false,
    "use_adx": true,
    "use_ema": false,
    "use_spike": true,
    "rsi_required": false,
    "edge_k": 0.7571544033184606,
    "edge_cap": 0.6084076880844744,
    "fee": 0.001,
    "rsi_key": "rsi25",
    "start_equity": 20000.0,
    "risk_per_trade": 0.004,
    "risk_stop_atr_mult": 1.0,
    "risk_min_stop_frac": 0.001,
    "daily_loss_limit_pct": 0.03,
    "cooldown_bars": 30,
    "fill_timing": "next_open",
    "bar_priority": "stop_first",
    "session_start": 0,
    "session_end": 24,
    "include_hours_set": "{3, 8, 10, 14, 22}",
    "max_consec_losses": 3,
    "lockout_bars": 90,
    "proba_temp": 1.0,
    "participation_cap": 1.0,
    "price_step": 0.0001,
    "qty_step": 0.0001,
    "min_notional": 5.0,
    "max_notional_pct_equity": 1.0,
    "sides": "short",
    "regime_adapt": true,
    "regime_fast": 50,
    "regime_slow": 200,
    "regime_band": 0.006,
    "round_exits": true,
    "stop_extra_slip": 0.0,
    "regime_overrides": {
      "bull": {
        "allowed_sides": [
          "long",
          "short"
        ],
        "mode": "mean_reversion",
        "bb_std_mult": 2.0169431746748376,
        "tp_mult": 1.9194251920826044,
        "tsl_mult": 0.6891458682949287,
        "time_stop_bars": 214,
        "rsi_required": false,
        "use_adx": true,
        "adx": 18.0,
        "use_atr": true,
        "atr_range": [
          0.0008,
          0.06
        ]
      },
      "sideways": {
        "allowed_sides": [
          "long",
          "short"
        ],
        "mode": "breakout",
        "bb_std_mult": 1.5828092896467827,
        "tp_mult": 2.341879695778944,
        "tsl_mult": 0.651967765830165,
        "time_stop_bars": 235,
        "rsi_required": true,
        "use_adx": true,
        "adx": 15.0,
        "use_atr": true,
        "atr_range": [
          0.001,
          0.14
        ]
      },
      "bear": {
        "allowed_sides": [
          "long",
          "short"
        ],
        "mode": "breakout",
        "bb_std_mult": 1.2571599337995167,
        "tp_mult": 1.7149673432024581,
        "tsl_mult": 0.25,
        "time_stop_bars": 122,
        "rsi_required": true,
        "use_adx": true,
        "adx": 20.0,
        "use_atr": true,
        "atr_range": [
          0.0015,
          0.06
        ]
      }
    },
    "slippage": 0.0006,
    "select_top_k": 1,
    "aggregate_params": "best",
    "objective": "calmar",
    "wfo_folds": 6,
    "embargo_bars": 120,
    "use_ml": false,
    "ml_thresh": 0.0
  },
  "guardrails": {
    "max_dd_pct_allowed": 0.1,
    "min_trades_lookback": 150,
    "daily_loss_limit_pct": 0.03,
    "cooldown_bars": 30,
    "fill_timing": "next_open",
    "bar_priority": "stop_first",
    "session_hours": [
      0,
      24
    ],
    "include_hours": [
      3,
      8,
      10,
      14,
      22
    ],
    "consec_loss_lockout": [
      3,
      90
    ],
    "sides": "short"
  },
  "regime": {
    "enabled": true,
    "fast": 50,
    "slow": 200,
    "band": 0.006,
    "overrides": {
      "bull": {
        "allowed_sides": [
          "long",
          "short"
        ],
        "mode": "mean_reversion",
        "bb_std_mult": 2.0169431746748376,
        "tp_mult": 1.9194251920826044,
        "tsl_mult": 0.6891458682949287,
        "time_stop_bars": 214,
        "rsi_required": false,
        "use_adx": true,
        "adx": 18.0,
        "use_atr": true,
        "atr_range": [
          0.0008,
          0.06
        ]
      },
      "sideways": {
        "allowed_sides": [
          "long",
          "short"
        ],
        "mode": "breakout",
        "bb_std_mult": 1.5828092896467827,
        "tp_mult": 2.341879695778944,
        "tsl_mult": 0.651967765830165,
        "time_stop_bars": 235,
        "rsi_required": true,
        "use_adx": true,
        "adx": 15.0,
        "use_atr": true,
        "atr_range": [
          0.001,
          0.14
        ]
      },
      "bear": {
        "allowed_sides": [
          "long",
          "short"
        ],
        "mode": "breakout",
        "bb_std_mult": 1.2571599337995167,
        "tp_mult": 1.7149673432024581,
        "tsl_mult": 0.25,
        "time_stop_bars": 122,
        "rsi_required": true,
        "use_adx": true,
        "adx": 20.0,
        "use_atr": true,
        "atr_range": [
          0.0015,
          0.06
        ]
      }
    }
  },
  "run_config": {
    "trials": 2000,
    "n_jobs": 4,
    "seed": 911,
    "objective": "calmar",
    "multi_objective": false,
    "train_frac": 0.7,
    "wfo_folds": 6,
    "embargo_bars": 120,
    "select_top_k": 1,
    "aggregate_params": "best",
    "start_equity": 20000.0,
    "fee": 0.001,
    "fixed_slippage": 0.0006,
    "min_slippage": 0.0,
    "fill_timing": "next_open",
    "bar_priority": "stop_first",
    "session_start": 0,
    "session_end": 24,
    "include_hours": "3,8,10,14,22",
    "sides": "short",
    "regime_adapt": true,
    "regime_fast": 50,
    "regime_slow": 200,
    "regime_band": 0.0,
    "round_exits": true,
    "stop_extra_slip": 0.0
  },
  "metrics_consistent": {
    "return_pct_train_consistent": 0.000611691419484496,
    "return_pct_test_consistent": 0.0011725543187439927,
    "suspicious_run": false
  }
}