{
  "created_at": "2025-08-24T00:22:55.594903+00:00",
  "objective": "multi",
  "selection": {
    "dd_cap_pct": 0.04,
    "best_trial": 431,
    "top_k": 1,
    "top_trials": [
      431
    ]
  },
  "train_bars": 969686,
  "test_bars": 646458,
  "train_metrics": {
    "pnl": 20.68360066159991,
    "return_pct": 0.0020683600661599577,
    "trades": 2,
    "win_rate": 1.0,
    "avg_trade": 10.341800330799956,
    "avg_trade_pct": 0.0010337250039527833,
    "max_drawdown": 0.0,
    "max_drawdown_pct": 0.0,
    "final_equity": 10020.6836006616,
    "wins": 2,
    "losses": 0
  },
  "test_metrics": {
    "pnl": -3.8001358848000937,
    "return_pct": -0.0003800135884799438,
    "trades": 1,
    "win_rate": 0.0,
    "avg_trade": -3.8001358848000937,
    "avg_trade_pct": -0.00038001358848000936,
    "max_drawdown": 0.0,
    "max_drawdown_pct": 0.0,
    "final_equity": 9996.1998641152,
    "wins": 0,
    "losses": 1
  },
  "params": {
    "p_sma": 15,
    "p_std": 27,
    "p_atr": 26,
    "p_adx": 28,
    "rsi_period": 49,
    "ema1": 16,
    "ema2": 50,
    "slip_atr_k": 0.01229888017358839,
    "slip_spread_k": 0.7554645562118407,
    "spread_hl_frac": 0.047631751669002464,
    "bb_std_mult": 3.4731478328036545,
    "rsi_os": 51,
    "rsi_ob": 84,
    "vol_spike": 0.21919818294031776,
    "adx_thresh": 14.941397879072598,
    "atr_min_pct": 0.028081301958856882,
    "atr_max_pct": 0.10958932701205863,
    "tp_mult": 1.6248914122587659,
    "tsl_mult": 0.10187372945091111,
    "strategy": "breakout",
    "time_stop": 185,
    "use_sma": true,
    "use_atr": false,
    "use_adx": false,
    "use_ema": true,
    "use_spike": false,
    "rsi_required": true,
    "edge_k": 0.8381306887317126,
    "edge_cap": 0.5179826738228293,
    "fee": 0.0012,
    "rsi_key": "rsi49",
    "start_equity": 10000.0,
    "risk_per_trade": 0.01,
    "risk_stop_atr_mult": 1.0,
    "risk_min_stop_frac": 0.001,
    "daily_loss_limit_pct": 0.03,
    "cooldown_bars": 20,
    "fill_timing": "next_open",
    "bar_priority": "stop_first",
    "session_start": 0,
    "session_end": 24,
    "include_hours_set": "{16, 20, 22}",
    "max_consec_losses": 0,
    "lockout_bars": 0,
    "proba_temp": 1.0,
    "participation_cap": 1.0,
    "price_step": 0.1,
    "qty_step": 1e-05,
    "min_notional": 5.0,
    "max_notional_pct_equity": 0.25,
    "sides": "long",
    "regime_adapt": false,
    "regime_fast": 50,
    "regime_slow": 200,
    "regime_band": 0.006,
    "round_exits": true,
    "stop_extra_slip": 0.0,
    "regime_overrides": {
      "bull": {
        "allowed_sides": [
          "long",
          "short"
        ],
        "mode": "mean_reversion",
        "bb_std_mult": 2.0169431746748376,
        "tp_mult": 1.9194251920826044,
        "tsl_mult": 0.6891458682949287,
        "time_stop_bars": 214,
        "rsi_required": false,
        "use_adx": true,
        "adx": 18.0,
        "use_atr": true,
        "atr_range": [
          0.0008,
          0.06
        ]
      },
      "sideways": {
        "allowed_sides": [
          "long",
          "short"
        ],
        "mode": "breakout",
        "bb_std_mult": 1.5828092896467827,
        "tp_mult": 2.341879695778944,
        "tsl_mult": 0.651967765830165,
        "time_stop_bars": 235,
        "rsi_required": true,
        "use_adx": true,
        "adx": 15.0,
        "use_atr": true,
        "atr_range": [
          0.001,
          0.14
        ]
      },
      "bear": {
        "allowed_sides": [
          "long",
          "short"
        ],
        "mode": "breakout",
        "bb_std_mult": 1.2571599337995167,
        "tp_mult": 1.7149673432024581,
        "tsl_mult": 0.25,
        "time_stop_bars": 122,
        "rsi_required": true,
        "use_adx": true,
        "adx": 20.0,
        "use_atr": true,
        "atr_range": [
          0.0015,
          0.06
        ]
      }
    },
    "slippage": 0.0008,
    "select_top_k": 1,
    "aggregate_params": "median",
    "objective": "multi",
    "wfo_folds": 3,
    "embargo_bars": 0,
    "use_ml": false,
    "ml_thresh": 0.0
  },
  "guardrails": {
    "max_dd_pct_allowed": 0.04,
    "min_trades_lookback": 150,
    "daily_loss_limit_pct": 0.03,
    "cooldown_bars": 20,
    "fill_timing": "next_open",
    "bar_priority": "stop_first",
    "session_hours": [
      0,
      24
    ],
    "include_hours": [
      16,
      20,
      22
    ],
    "consec_loss_lockout": [
      0,
      0
    ],
    "sides": "long"
  },
  "regime": {
    "enabled": false,
    "fast": 50,
    "slow": 200,
    "band": 0.006,
    "overrides": {
      "bull": {
        "allowed_sides": [
          "long",
          "short"
        ],
        "mode": "mean_reversion",
        "bb_std_mult": 2.0169431746748376,
        "tp_mult": 1.9194251920826044,
        "tsl_mult": 0.6891458682949287,
        "time_stop_bars": 214,
        "rsi_required": false,
        "use_adx": true,
        "adx": 18.0,
        "use_atr": true,
        "atr_range": [
          0.0008,
          0.06
        ]
      },
      "sideways": {
        "allowed_sides": [
          "long",
          "short"
        ],
        "mode": "breakout",
        "bb_std_mult": 1.5828092896467827,
        "tp_mult": 2.341879695778944,
        "tsl_mult": 0.651967765830165,
        "time_stop_bars": 235,
        "rsi_required": true,
        "use_adx": true,
        "adx": 15.0,
        "use_atr": true,
        "atr_range": [
          0.001,
          0.14
        ]
      },
      "bear": {
        "allowed_sides": [
          "long",
          "short"
        ],
        "mode": "breakout",
        "bb_std_mult": 1.2571599337995167,
        "tp_mult": 1.7149673432024581,
        "tsl_mult": 0.25,
        "time_stop_bars": 122,
        "rsi_required": true,
        "use_adx": true,
        "adx": 20.0,
        "use_atr": true,
        "atr_range": [
          0.0015,
          0.06
        ]
      }
    }
  },
  "run_config": {
    "trials": 900,
    "n_jobs": 1,
    "seed": 11,
    "objective": "multi",
    "multi_objective": true,
    "train_frac": 0.6,
    "wfo_folds": 3,
    "embargo_bars": 0,
    "select_top_k": 1,
    "aggregate_params": "median",
    "start_equity": 10000.0,
    "fee": 0.0012,
    "fixed_slippage": 0.0008,
    "min_slippage": 0.0004,
    "fill_timing": "next_open",
    "bar_priority": "stop_first",
    "session_start": 0,
    "session_end": 24,
    "include_hours": "16,20,22",
    "sides": "long",
    "regime_adapt": false,
    "regime_fast": 50,
    "regime_slow": 200,
    "regime_band": 0.0,
    "round_exits": true,
    "stop_extra_slip": 0.0
  },
  "metrics_consistent": {
    "return_pct_train_consistent": 0.002068360066159991,
    "return_pct_test_consistent": -0.00038001358848000936,
    "suspicious_run": false
  }
}